sortie,parametre,test,statistique,p_value,R2_parametre,n,n_groupes,normalite_min_p,levene_p
N_lixi,Date_Semis,Kruskal,4801.856699428198,0.0,0.46315438456636526,10000,4,3.160152757529653e-08,5.110412251539988e-95
N_lixi,Delta_PREPA_Semis,Kruskal,2014.0128147670362,0.0,0.21390976374504522,9997,3,1.9044693029971847e-13,0.013592573352363803
N_lixi,has_prepa,Kruskal,1476.7757404604322,0.0,0.14515805534142975,10000,2,4.611591734091974e-09,0.006915380563970132
N_lixi,prepa_1,Kruskal,1182.9663465815588,3.63843496452029e-256,0.1177696389557336,10000,4,9.280777352388013e-10,0.9782278890491647
N_lixi,Date_Recolte,Kruskal,717.9571292342824,2.6802988944453684e-155,0.05718300902038152,10000,4,5.662300478691244e-18,0.0
N_lixi,prepa_2,Kruskal,513.9399125446894,4.545742048472149e-111,0.05217141941239104,10000,4,8.016237006428421e-10,0.009179984464202666
N_lixi,nb_prepa,Kruskal,513.2686457351688,1.2332620084617006e-113,0.0520620379096507,10000,2,1.1639307568827112e-06,0.0013189444007307483
N_lixi,Date_F1,Kruskal,7.650504801388877,0.05381486915005369,0.0007031570520207885,10000,4,3.4797385111303687e-07,0.7583168105828537
N_lixi,type_f1_1,Kruskal,3.921746766309117,0.27003899037921586,0.0004901462746615624,10000,4,1.3733689411587013e-07,0.2060309284178364
N_lixi,Date_F2,Kruskal,3.18340949684539,0.07438935804611775,0.000425579397883915,10000,2,3.8457757255664327e-07,0.30788364252207184
N_lixi,Dose_F3_2,Kruskal,4.228907099749602,0.03974102258436629,0.0004138884737704342,10000,2,4.6513250751159066e-06,0.7654917636389152
N_lixi,type_f3_1,Kruskal,3.328683250516717,0.34367038109137205,0.0003564873362766721,10000,4,4.038993434636502e-07,0.21795162893149933
N_lixi,Dose_F2_1,Kruskal,3.4149349445593224,0.1813244207496904,0.0003247668756520425,10000,3,7.774687430289397e-07,0.6281170363627469
N_lixi,Dose_F1_1,Kruskal,1.531620445246129,0.6749918109799085,0.00025031679342259796,10000,4,8.43581039828582e-08,0.24147911869848881
N_lixi,type_f3_2,Kruskal,2.0261249421255023,0.5670021197922572,0.00022230484195657235,10000,4,1.691305770184147e-05,0.6150939143923573
N_lixi,type_f2_1,Kruskal,1.458082477918264,0.6919781041950117,0.00021716779359439063,10000,4,2.5748587720806016e-06,0.09203844637363026
N_lixi,n_ferti,Kruskal,2.112340310231727,0.5494202716891554,0.00021180171471133174,10000,4,1.1064740314197032e-07,0.7559663280609822
N_lixi,nb_f3,Kruskal,1.7884870654594065,0.18111060764280879,0.00017494686630260624,10000,2,0.0001382920117092618,0.10573548472358966
N_lixi,type_f1_2,Kruskal,1.165504706365565,0.7612890318261658,0.00014488170873875404,10000,4,6.890241494427826e-06,0.12017202731251746
N_lixi,type_f2_2,Kruskal,1.354024713744559,0.7163460736165692,3.398676678529993e-05,10000,4,2.8751134039842352e-09,0.2537620447862486
N_lixi,Date_F3,Kruskal,0.11122169304960039,0.7387575196510592,2.3801688882293743e-05,10000,2,1.2774908422789436e-08,0.3675195153446931
N_lixi,Dose_F3_1,Kruskal,0.08515196703448977,0.7704333520048943,2.260375034844828e-05,10000,2,1.623819209567103e-06,0.19350349108133177
N_lixi,nb_f1,Kruskal,0.17312119101880366,0.6773526737494597,2.1765031634049576e-05,10000,2,6.57222964836017e-07,0.14318066797895732
N_lixi,nb_f2,Kruskal,0.016160174990037808,0.8988433034725504,4.08700289541485e-06,10000,2,4.6749295861370967e-07,0.0024514178390098494
N_lixi,Dose_F1_2,Kruskal,0.14781801701687067,0.7006293212079291,3.1076611613984608e-06,10000,2,1.8958467168486056e-05,0.18009303441816762
N_lixi,Dose_F2_2,Kruskal,0.00016291894560036468,0.9898161014456365,1.3968141686672234e-06,10000,2,2.0820521876933297e-06,0.49971981587729564
dCorg,Date_Recolte,Kruskal,6607.03253001314,0.0,0.6420821738571284,10000,4,3.941303524533461e-09,3.772362201685124e-30
dCorg,Date_Semis,Kruskal,2731.9096051141064,0.0,0.2971380205748213,10000,4,1.9448168167601492e-09,2.679968519587194e-22
dCorg,Delta_PREPA_Semis,Kruskal,5.470026677566721,0.06489314150254015,0.0005659822748812286,9997,3,8.655255723737549e-07,0.03518720678812211
dCorg,nb_f2,Kruskal,4.794284835286509,0.028554308682419583,0.0005377469572317698,10000,2,3.916152913643226e-06,0.17634008409336607
dCorg,has_prepa,Kruskal,4.068629166123166,0.0436867143509332,0.00041976720864975197,10000,2,8.799096134250829e-05,0.020626264775008035
dCorg,type_f3_2,Kruskal,3.7740643438805086,0.28691732968722766,0.00033250917418813585,10000,4,2.3557111381146702e-05,0.9181053821923542
dCorg,type_f1_2,Kruskal,2.1656880337283253,0.5387383402822445,0.00032487659211241426,10000,4,1.572740483233083e-07,0.04987304170916421
dCorg,Date_F1,Kruskal,3.0041377700710328,0.39098765337284386,0.0003133430463568238,10000,4,2.6831382423404658e-05,0.9656979752730636
dCorg,prepa_2,Kruskal,3.0871028025680474,0.3783896325438095,0.00030937081509219453,10000,4,1.2803406389906775e-05,0.17395229122783704
dCorg,type_f3_1,Kruskal,2.4605267109720637,0.4824670457239374,0.0003053759993136256,10000,4,1.927221096143716e-05,0.7622596872657872
dCorg,prepa_1,Kruskal,2.835297673497924,0.417722205783044,0.0002889234170420432,10000,4,1.6487319510742936e-06,0.017190715263379286
dCorg,n_ferti,Kruskal,1.8116059979711794,0.6124126032012076,0.00023931581272208585,10000,4,4.421394967290837e-05,0.2615296236947623
dCorg,type_f2_2,Kruskal,2.8560010510283456,0.41436392202229055,0.00023814445894679794,10000,4,1.018435079818918e-07,0.20049790315151783
dCorg,type_f1_1,Kruskal,2.0156506092336017,0.5691647248556346,0.00021572516408928,10000,4,4.596633736297801e-06,0.0838862541167129
dCorg,nb_f1,Kruskal,1.2171224186414886,0.2699261186358585,0.00020628626245031977,10000,2,3.1431023552640598e-06,0.16289407151505628
dCorg,nb_prepa,Kruskal,1.7138722887000932,0.1904837306603671,0.00015604451219137028,10000,2,1.2803406389906775e-05,0.23034991793626897
dCorg,Dose_F2_1,Kruskal,1.8000511199239544,0.4065592679683626,0.0001365860397038747,10000,3,2.4405390070324678e-05,0.2824968355974078
dCorg,Dose_F1_1,Kruskal,1.3423909847943873,0.7190923686090048,0.00011594160519966841,10000,4,1.676357896092129e-05,0.9239714244421037
dCorg,Date_F2,Kruskal,1.1676933264934544,0.27987570718233784,0.00011335046132993868,10000,2,2.2014881389572834e-05,0.9424651423108564
dCorg,Dose_F1_2,Kruskal,0.46112597816610007,0.49709821546957556,8.087625507643037e-05,10000,2,3.980529469067571e-06,0.2023753028846127
dCorg,type_f2_1,Kruskal,0.5865763688796467,0.8994984131099453,5.733737781012614e-05,10000,4,1.3445417600695694e-06,0.7687746603159838
dCorg,Dose_F2_2,Kruskal,0.26724079887442753,0.6051887020382039,3.141715045780515e-05,10000,2,3.0734668353495887e-06,0.6788594338531004
dCorg,nb_f3,Kruskal,0.0071322831761455084,0.9326963923855036,1.2459156637305942e-05,10000,2,1.2139822278284639e-05,0.9865737087971155
dCorg,Date_F3,Kruskal,0.01689246475289542,0.8965893587820724,4.554311397815886e-06,10000,2,1.697015306319713e-05,0.35694620579216596
dCorg,Dose_F3_1,Kruskal,0.11738363585360143,0.7318896558524167,4.286037626249188e-06,10000,2,3.4379462087267603e-05,0.39924840756842833
dCorg,Dose_F3_2,Kruskal,0.0005923610712282335,0.9805826284194508,1.7490638923017506e-06,10000,2,7.364854641630059e-06,0.6673616565946661
rdt,Delta_PREPA_Semis,Kruskal,4319.505120710192,0.0,0.34230580930790655,9997,3,7.006237913852206e-26,1.632421751040784e-27
rdt,has_prepa,Kruskal,3548.428996134164,0.0,0.24464121650429027,10000,2,5.84613283313977e-25,2.2217866936116743e-90
rdt,prepa_1,Kruskal,2834.791678631228,0.0,0.19621143510990663,10000,4,1.528786955441904e-17,1.0441482549021195e-48
rdt,Date_Recolte,Kruskal,1096.0088427355824,2.6726774038436346e-237,0.1693105140921083,10000,4,5.7780348197594505e-18,0.0
rdt,Date_Semis,Kruskal,1133.0147068499728,2.5027823729213726e-245,0.13925656367013467,10000,4,8.143444889323367e-17,1.886439180143714e-30
rdt,prepa_2,Kruskal,1254.9735918307579,8.660641622093572e-272,0.08946788710129938,10000,4,1.4969339307276945e-15,5.200205212180571e-08
rdt,nb_prepa,Kruskal,1253.2393145271433,1.6410348558789783e-274,0.08934253967203529,10000,2,1.4969339307276945e-15,4.864034002413199e-09
rdt,Dose_F2_1,Kruskal,4.020848491134973,0.1339318426237074,0.0007727274197186274,10000,3,3.9720081941794966e-11,0.3798675235477633
rdt,type_f1_1,Kruskal,7.08987544510592,0.06908764294851666,0.0007008623127864762,10000,4,1.991452746040605e-11,0.633745229483254
rdt,type_f3_1,Kruskal,5.18254753711126,0.15890785641979788,0.0005398501670989884,10000,4,5.64349413179683e-12,0.5804107604885267
rdt,type_f3_2,Kruskal,1.230555612614752,0.7456855258945663,0.0003906952807433973,10000,4,1.841790083309789e-13,0.8595357762259213
rdt,type_f2_2,Kruskal,3.101243959069115,0.3762772317111204,0.00029318682449008094,10000,4,2.242164466672459e-11,0.19416649918327147
rdt,Date_F1,Kruskal,3.230029019061906,0.357500630728805,0.0002616503214622498,10000,4,8.116524313902003e-13,0.728535537055574
rdt,nb_f2,Kruskal,1.7876557312009627,0.18121204981825034,0.00022735231906161434,10000,2,2.136352418173079e-10,0.01025384749653371
rdt,nb_f3,Kruskal,0.721924934254384,0.3955132208322495,0.00019854683545575681,10000,2,1.5101488450956316e-13,0.4495454026501151
rdt,n_ferti,Kruskal,1.2546187193822866,0.7399364568075777,0.00018381051368310098,10000,4,1.8686234151136425e-12,0.9138992844237508
rdt,Dose_F3_2,Kruskal,1.7836925423631074,0.18169655645805652,0.00014489256622967757,10000,2,1.7515584710214664e-12,0.7927344360926314
rdt,type_f1_2,Kruskal,0.9080094799309804,0.8234945195289327,8.57195262245418e-05,10000,4,1.16377956766221e-12,0.2501068477520054
rdt,Dose_F1_1,Kruskal,0.18237543601680448,0.9803830687096556,8.095593050912463e-05,10000,4,4.331195800038736e-13,0.1563380701983995
rdt,Date_F2,Kruskal,0.7894718519479965,0.37425987364720614,7.672319741600563e-05,10000,2,5.984903703266248e-11,0.29430079883991234
rdt,Dose_F2_2,Kruskal,0.6892861679426557,0.4064072876133058,4.5007209750985655e-05,10000,2,4.075398671291099e-11,0.8614929075401719
rdt,nb_f1,Kruskal,0.8913749992333104,0.34510496801099444,2.4160073824904214e-05,10000,2,6.5382871194292835e-12,0.4466074320959433
rdt,type_f2_1,Kruskal,1.0934952735139114,0.7786445781121212,1.8295548649365763e-05,10000,4,7.596142771414511e-11,0.6765965842736963
rdt,Date_F3,Kruskal,0.22080507173988037,0.6384271776234787,4.218163027702773e-06,10000,2,1.3840533621263767e-11,0.6039835686327383
rdt,Dose_F3_1,Kruskal,0.31886487790850393,0.5722906115668215,3.624659605945444e-06,10000,2,6.700198379634096e-12,0.3528590869410135
rdt,Dose_F1_2,Kruskal,0.4146020945142655,0.5196428578185508,4.9539639655470464e-08,10000,2,3.305455473571991e-10,0.5293556559837974
