ESPECE;maisTP;maisP;maisDP;maisDT;maisT;maisTT;maisEnsilTP;maisEnsilP;maisEnsilDP;maisEnsilDT;maisEnsilT;maisEnsilTT;maisSemence;tournesol;BTH;BDH;orgeh;orgep;triticaleh;poish;poisp;feveroleh;colza;sorgho;soja;betterave;pdt;chanvre;gel;ciColza;ciSorghoEnsil;ciPois;ciFeverole;ciTriticaleEnsil;ciOrgehEnsil;ciMoutardeBlanche;ciVesce;mon_espece
RENDEMENT_MOYEN;;;;;;;;;;;;;;;;;;;;;;;;;;;;;;;;;;;;;;NA
RENDEMENT_MIN;;;;;;;;;;;;;;;;;;;;;;;;;;;;;;;;;;;;;;NA
RENDEMENT_OPTIMAL;;;;;;;;;;;;;;;;;;;;;;;;;;;;;;;;;;;;;;NA
COULEUR_R;;;;;;;;;;;;;;;;;;;;;;;;;;;;;;;;;;;;;;163
COULEUR_V;;;;;;;;;;;;;;;;;;;;;;;;;;;;;;;;;;;;;;204
COULEUR_B;;;;;;;;;;;;;;;;;;;;;;;;;;;;;;;;;;;;;;255
Tbase;10;;;;;;;;;;;;;;;;;;;;;;;;;;;;;;;;;;;;;6
Tmax;;;;;;;;;;;;;;;;;;;;;;;;;;;;;;;;;;;;;;24
DEGRES_J_LevTbase;;;;;;;;;;;;;;;;;;;;;;;;;;;;;;;;;;;;;;80
DEGRES_J_Flor;;;;;;;;;;;;;;;;;;;;;;;;;;;;;;;;;;;;;;825
DEGRES_J_matPhyTbase;;;;;;;;;;;;;;;;;;;;;;;;;;;;;;;;;;;;;;1700
FREIN;;;;;;;;;;;;;;;;;;;;;;;;;;;;;;;;;;;;;;1
CRACINE;;;;;;;;;;;;;;;;;;;;;;;;;;;;;;;;;;;;;;10
CVIG;;;;;;;;;;;;;;;;;;;;;;;;;;;;;;;;;;;;;;0.7
KMAX;;;;;;;;;;;;;;;;;;;;;;;;;;;;;;;;;;;;;;1.24
CSTO;;;;;;;;;;;;;;;;;;;;;;;;;;;;;;;;;;;;;;1
coeff_Fonction_Prod;;;;;;;;;;;;;;;;;;;;;;;;;;;;;;;;;;;;;;2.8
NA_col19;;;;;;;;;;;;;;;;;;;;;;;;;;;;;;;;;;;;;;NA
NA_col20;;;;;;;;;;;;;;;;;;;;;;;;;;;;;;;;;;;;;;NA
NA_col21;;;;;;;;;;;;;;;;;;;;;;;;;;;;;;;;;;;;;;NA
NA_col22;;;;;;;;;;;;;;;;;;;;;;;;;;;;;;;;;;;;;;NA
NA_col23;;;;;;;;;;;;;;;;;;;;;;;;;;;;;;;;;;;;;;NA
NA_col24;;;;;;;;;;;;;;;;;;;;;;;;;;;;;;;;;;;;;;NA
NA_col25;;;;;;;;;;;;;;;;;;;;;;;;;;;;;;;;;;;;;;NA
NA_col26;;;;;;;;;;;;;;;;;;;;;;;;;;;;;;;;;;;;;;NA
NA_col27;;;;;;;;;;;;;;;;;;;;;;;;;;;;;;;;;;;;;;NA
NA_col28;;;;;;;;;;;;;;;;;;;;;;;;;;;;;;;;;;;;;;NA
NA_col29;;;;;;;;;;;;;;;;;;;;;;;;;;;;;;;;;;;;;;NA
NA_col30;;;;;;;;;;;;;;;;;;;;;;;;;;;;;;;;;;;;;;NA
NA_col31;;;;;;;;;;;;;;;;;;;;;;;;;;;;;;;;;;;;;;NA
NA_col32;;;;;;;;;;;;;;;;;;;;;;;;;;;;;;;;;;;;;;NA
NA_col33;;;;;;;;;;;;;;;;;;;;;;;;;;;;;;;;;;;;;;NA
NA_col34;;;;;;;;;;;;;;;;;;;;;;;;;;;;;;;;;;;;;;NA
NA_col35;;;;;;;;;;;;;;;;;;;;;;;;;;;;;;;;;;;;;;NA
NA_col36;;;;;;;;;;;;;;;;;;;;;;;;;;;;;;;;;;;;;;NA
NA_col37;;;;;;;;;;;;;;;;;;;;;;;;;;;;;;;;;;;;;;NA
NA_col38;;;;;;;;;;;;;;;;;;;;;;;;;;;;;;;;;;;;;;NA
NA_col39;;;;;;;;;;;;;;;;;;;;;;;;;;;;;;;;;;;;;;NA
NA_col40;;;;;;;;;;;;;;;;;;;;;;;;;;;;;;;;;;;;;;NA
NA_col41;;;;;;;;;;;;;;;;;;;;;;;;;;;;;;;;;;;;;;NA
NA_col42;;;;;;;;;;;;;;;;;;;;;;;;;;;;;;;;;;;;;;NA
NA_col43;;;;;;;;;;;;;;;;;;;;;;;;;;;;;;;;;;;;;;NA
NA_col44;;;;;;;;;;;;;;;;;;;;;;;;;;;;;;;;;;;;;;NA
ZonesClimatiques;;;;;;;;;;;;;;;;;;;;;;;;;;;;;;;;;;;;;;0
BESOIN_N;;;;;;;;;;;;;;;;;;;;;;;;;;;;;;;;;;;;;;22
DEBUT_BESOIN_N;;;;;;;;;;;;;;;;;;;;;;;;;;;;;;;;;;;;;;190
FREIN_BESOIN_N;;;;;;;;;;;;;;;;;;;;;;;;;;;;;;;;;;;;;;0
PRE_FLO_BESOIN_N;;;;;;;;;;;;;;;;;;;;;;;;;;;;;;;;;;;;;;0
PRE_MAT_BESOIN_N;;;;;;;;;;;;;;;;;;;;;;;;;;;;;;;;;;;;;;0
Tms;;;;;;;;;;;;;;;;;;;;;;;;;;;;;;;;;;;;;;0.85
NA_col52;;;;;;;;;;;;;;;;;;;;;;;;;;;;;;;;;;;;;;NA
NA_col53;;;;;;;;;;;;;;;;;;;;;;;;;;;;;;;;;;;;;;NA
NA_col54;;;;;;;;;;;;;;;;;;;;;;;;;;;;;;;;;;;;;;NA
NA_col55;;;;;;;;;;;;;;;;;;;;;;;;;;;;;;;;;;;;;;NA
C_aer;;;;;;;;;;;;;;;;;;;;;;;;;;;;;;;;;;;;;;0.44
C_rac;;;;;;;;;;;;;;;;;;;;;;;;;;;;;;;;;;;;;;0.4
NA_col58;;;;;;;;;;;;;;;;;;;;;;;;;;;;;;;;;;;;;;NA
NA_col59;;;;;;;;;;;;;;;;;;;;;;;;;;;;;;;;;;;;;;NA
isLEG;;;;;;;;;;;;;;;;;;;;;;;;;;;;;;;;;;;;;;false
ABSCISSION;;;;;;;;;;;;;;;;;;;;;;;;;;;;;;;;;;;;;;0
isCouvert;;;;;;;;;;;;;;;;;;;;;;;;;;;;;;;;;;;;;;false
HI;;;;;;;;;;;;;;;;;;;;;;;;;;;;;;;;;;;;;;0.54
Pse;;;;;;;;;;;;;;;;;;;;;;;;;;;;;;;;;;;;;;0.3
beta;;;;;;;;;;;;;;;;;;;;;;;;;;;;;;;;;;;;;;0.952
SR_ratio;;;;;;;;;;;;;;;;;;;;;;;;;;;;;;;;;;;;;;5.6
RootC_fixed;;;;;;;;;;;;;;;;;;;;;;;;;;;;;;;;;;;;;;1.167
CN_ratio;;;;;;;;;;;;;;;;;;;;;;;;;;;;;;;;;;;;;;60
adil;;;;;;;;;;;;;;;;;;;;;;;;;;;;;;;;;;;;;;3.5
bdil;;;;;;;;;;;;;;;;;;;;;;;;;;;;;;;;;;;;;;0.37
Type_Nacq;;;;;;;;;;;;;;;;;;;;;;;;;;;;;;;;;;;;;;Cst
a_Ndemand_ci;;;;;;;;;;;;;;;;;;;;;;;;;;;;;;;;;;;;;;0
b_Ndemand_ci;;;;;;;;;;;;;;;;;;;;;;;;;;;;;;;;;;;;;;0
coef_500Mat;;;;;;;;;;;;;;;;;;;;;;;;;;;;;;;;;;;;;;0
Dde;;;;;;;;;;;;;;;;;;;;;;;;;;;;;;;;;;;;;;0
N_grain;;;;;;;;;;;;;;;;;;;;;;;;;;;;;;;;;;;;;;2
especeRepousse;;;;;;;;;;;;;;;;;;;;;;;;;;;;;;;;;;;;;;NA
BESOIN_Ntot;;;;;;;;;;;;;;;;;;;;;;;;;;;;;;;;;;;;;;NA
PROF_MAX_RACINE;;;;;;;;;;;;;;;;;;;;;;;;;;;;;;;;;;;;;;200
date_maj;;;;;;;;;;;;;;;;;;;;;;;;;;;;;;;;;;;;;;20/05/26
source_projet;;;;;;;;;;;;;;;;;;;;;;;;;;;;;;;;;;;;;;JV
indice_fiabilite;;;;;;;;;;;;;;;;;;;;;;;;;;;;;;;;;;;;;;5-
adilmax;;;;;;;;;;;;;;;;;;;;;;;;;;;;;;;;;;;;;;5
tgelLev10;;;;;;;;;;;;;;;;;;;;;;;;;;;;;;;;;;;;;;
tgelLev90;;;;;;;;;;;;;;;;;;;;;;;;;;;;;;;;;;;;;;
tgelJuv10;;;;;;;;;;;;;;;;;;;;;;;;;;;;;;;;;;;;;;
tgelJuv90;;;;;;;;;;;;;;;;;;;;;;;;;;;;;;;;;;;;;;
tgelVeg10;;;;;;;;;;;;;;;;;;;;;;;;;;;;;;;;;;;;;;
tgelVeg90;;;;;;;;;;;;;;;;;;;;;;;;;;;;;;;;;;;;;;
tgelFlo10;;;;;;;;;;;;;;;;;;;;;;;;;;;;;;;;;;;;;;
tgelFlo90;;;;;;;;;;;;;;;;;;;;;;;;;;;;;;;;;;;;;;
