annee;date;parcelle;exploitation;culture;situation;masse_C[kg/ha];masse_N[kg/ha];ratio_CN;nom_produit;type_residu;type_pool;Kres;Hres;CNbio;Yres
2020;202;beauce_5_sa_000;organique_beauce_5;BTH;incorpore;846.0;5.607498883708698;150.8694014113599;racines post recolte;residus racinaires;labile;0.0;0.0;0.0;0.0
2020;202;beauce_5_sa_000;organique_beauce_5;BTH;surface;2919.1815279191205;19.349062835874136;150.8694014113599;aerien post recolte;residus aeriens;labile;0.0;0.0;0.0;0.0
2020;216;beauce_5_sa_001;organique_beauce_5;BTH;incorpore;846.0;5.611101441875308;150.77253704350338;racines post recolte;residus racinaires;labile;0.0;0.0;0.0;0.0
2020;216;beauce_5_sa_001;organique_beauce_5;BTH;surface;2920.9734367261885;19.373378560867366;150.77253704350335;aerien post recolte;residus aeriens;labile;0.0;0.0;0.0;0.0
2020;177;beauce_5_sa_002;organique_beauce_5;BTH;incorpore;846.0;6.581810868524901;128.53605442321125;racines post recolte;residus racinaires;labile;0.0;0.0;0.0;0.0
2020;177;beauce_5_sa_002;organique_beauce_5;BTH;surface;3289.273642436803;25.590280152887754;128.53605442321125;aerien post recolte;residus aeriens;labile;0.0;0.0;0.0;0.0
2020;221;beauce_5_sa_003;organique_beauce_5;BTH;incorpore;846.0;10.489735316338955;80.65027138313575;racines post recolte;residus racinaires;labile;0.0;0.0;0.0;0.0
2020;221;beauce_5_sa_003;organique_beauce_5;BTH;surface;3502.5318541278407;43.42864312866073;80.65027138313573;aerien post recolte;residus aeriens;labile;0.0;0.0;0.0;0.0
2020;197;beauce_5_sa_004;organique_beauce_5;BTH;incorpore;846.0;5.6304499851281;150.25442055867094;racines post recolte;residus racinaires;labile;0.0;0.0;0.0;0.0
2020;197;beauce_5_sa_004;organique_beauce_5;BTH;surface;2930.5433028608127;19.503874108758765;150.25442055867092;aerien post recolte;residus aeriens;labile;0.0;0.0;0.0;0.0
2020;199;beauce_5_sa_005;organique_beauce_5;BTH;incorpore;846.0;8.11935371940437;104.1954851625878;racines post recolte;residus racinaires;labile;0.0;0.0;0.0;0.0
2020;199;beauce_5_sa_005;organique_beauce_5;BTH;surface;3497.8947497690247;33.57050206456518;104.1954851625878;aerien post recolte;residus aeriens;labile;0.0;0.0;0.0;0.0
2020;216;beauce_5_sa_006;organique_beauce_5;BTH;incorpore;846.0;5.802955881126385;145.7877704622126;racines post recolte;residus racinaires;labile;0.0;0.0;0.0;0.0
2020;216;beauce_5_sa_006;organique_beauce_5;BTH;surface;3011.8033716655696;20.65882043546453;145.7877704622126;aerien post recolte;residus aeriens;labile;0.0;0.0;0.0;0.0
2020;191;beauce_5_sa_007;organique_beauce_5;BTH;incorpore;846.0;8.412795044927977;100.5611090585225;racines post recolte;residus racinaires;labile;0.0;0.0;0.0;0.0
2020;191;beauce_5_sa_007;organique_beauce_5;BTH;surface;3501.4322079553936;34.81894979815409;100.56110905852252;aerien post recolte;residus aeriens;labile;0.0;0.0;0.0;0.0
2020;177;beauce_5_sa_008;organique_beauce_5;BTH;incorpore;846.0;6.557704091135338;129.00856583992825;racines post recolte;residus racinaires;labile;0.0;0.0;0.0;0.0
2020;177;beauce_5_sa_008;organique_beauce_5;BTH;surface;3282.7600951975855;25.44606301003905;129.00856583992825;aerien post recolte;residus aeriens;labile;0.0;0.0;0.0;0.0
2020;225;beauce_5_sa_009;organique_beauce_5;BTH;incorpore;846.0;5.655158798250153;149.59792115152865;racines post recolte;residus racinaires;labile;0.0;0.0;0.0;0.0
2020;225;beauce_5_sa_009;organique_beauce_5;BTH;surface;2942.6314844567482;19.670269892829182;149.59792115152865;aerien post recolte;residus aeriens;labile;0.0;0.0;0.0;0.0
2020;230;beauce_5_sa_010;organique_beauce_5;BTH;incorpore;846.0;10.2106776013537;82.85444247968812;racines post recolte;residus racinaires;labile;0.0;0.0;0.0;0.0
2020;230;beauce_5_sa_010;organique_beauce_5;BTH;surface;3488.7049630534834;42.106432179647385;82.85444247968813;aerien post recolte;residus aeriens;labile;0.0;0.0;0.0;0.0
2020;223;beauce_5_sa_011;organique_beauce_5;BTH;incorpore;846.0;9.77395101934251;86.55660319207432;racines post recolte;residus racinaires;labile;0.0;0.0;0.0;0.0
2020;223;beauce_5_sa_011;organique_beauce_5;BTH;surface;3497.5030709612197;40.40712021935576;86.55660319207432;aerien post recolte;residus aeriens;labile;0.0;0.0;0.0;0.0
2020;179;beauce_5_sa_012;organique_beauce_5;BTH;incorpore;846.0;8.377524542141511;100.98448482536352;racines post recolte;residus racinaires;labile;0.0;0.0;0.0;0.0
2020;179;beauce_5_sa_012;organique_beauce_5;BTH;surface;3503.0179762856274;34.68867502115335;100.98448482536352;aerien post recolte;residus aeriens;labile;0.0;0.0;0.0;0.0
2020;214;beauce_5_sa_013;organique_beauce_5;BTH;incorpore;846.0;8.809722603907554;96.03026542796665;racines post recolte;residus racinaires;labile;0.0;0.0;0.0;0.0
2020;214;beauce_5_sa_013;organique_beauce_5;BTH;surface;3503.266038318325;36.48085343413076;96.03026542796664;aerien post recolte;residus aeriens;labile;0.0;0.0;0.0;0.0
2020;198;beauce_5_sa_014;organique_beauce_5;BTH;incorpore;846.0;6.870423262470912;123.1365183308576;racines post recolte;residus racinaires;labile;0.0;0.0;0.0;0.0
2020;198;beauce_5_sa_014;organique_beauce_5;BTH;surface;3358.0422658193556;27.270888533623914;123.13651833085761;aerien post recolte;residus aeriens;labile;0.0;0.0;0.0;0.0
2020;222;beauce_5_sa_015;organique_beauce_5;BTH;incorpore;846.0;9.541639605171634;88.66400692198249;racines post recolte;residus racinaires;labile;0.0;0.0;0.0;0.0
2020;222;beauce_5_sa_015;organique_beauce_5;BTH;surface;3502.2740916071307;39.50051676199185;88.66400692198249;aerien post recolte;residus aeriens;labile;0.0;0.0;0.0;0.0
2020;214;beauce_5_sa_016;organique_beauce_5;BTH;incorpore;846.0;5.61738296597251;150.60393872461145;racines post recolte;residus racinaires;labile;0.0;0.0;0.0;0.0
2020;214;beauce_5_sa_016;organique_beauce_5;BTH;surface;2924.0903047323313;19.415762492634475;150.60393872461142;aerien post recolte;residus aeriens;labile;0.0;0.0;0.0;0.0
2020;213;beauce_5_sa_017;organique_beauce_5;BTH;incorpore;846.0;8.482868436774181;99.73041622719217;racines post recolte;residus racinaires;labile;0.0;0.0;0.0;0.0
2020;213;beauce_5_sa_017;organique_beauce_5;BTH;surface;3503.384876442621;35.128549633861844;99.73041622719218;aerien post recolte;residus aeriens;labile;0.0;0.0;0.0;0.0
2020;205;beauce_5_sa_018;organique_beauce_5;BTH;incorpore;846.0;5.607322598026382;150.8741445155604;racines post recolte;residus racinaires;labile;0.0;0.0;0.0;0.0
2020;205;beauce_5_sa_018;organique_beauce_5;BTH;surface;2919.093762575083;19.347872837641987;150.8741445155604;aerien post recolte;residus aeriens;labile;0.0;0.0;0.0;0.0
2020;192;beauce_5_sa_019;organique_beauce_5;BTH;incorpore;846.0;7.3612666849945105;114.92587297842626;racines post recolte;residus racinaires;labile;0.0;0.0;0.0;0.0
2020;192;beauce_5_sa_019;organique_beauce_5;BTH;surface;3439.9417508994807;29.93183050734992;114.92587297842626;aerien post recolte;residus aeriens;labile;0.0;0.0;0.0;0.0
2020;170;beauce_5_sa_020;organique_beauce_5;BTH;incorpore;846.0;9.816879630351828;86.17809648845416;racines post recolte;residus racinaires;labile;0.0;0.0;0.0;0.0
2020;170;beauce_5_sa_020;organique_beauce_5;BTH;surface;3503.307239296147;40.65194500745915;86.17809648845417;aerien post recolte;residus aeriens;labile;0.0;0.0;0.0;0.0
2020;210;beauce_5_sa_021;organique_beauce_5;BTH;incorpore;846.0;5.6407625785896345;149.9797213963801;racines post recolte;residus racinaires;labile;0.0;0.0;0.0;0.0
2020;210;beauce_5_sa_021;organique_beauce_5;BTH;surface;2935.6066366773175;19.573357046842542;149.97972139638009;aerien post recolte;residus aeriens;labile;0.0;0.0;0.0;0.0
2020;198;beauce_5_sa_022;organique_beauce_5;BTH;incorpore;846.0;6.631404379490637;127.57478681536563;racines post recolte;residus racinaires;labile;0.0;0.0;0.0;0.0
2020;198;beauce_5_sa_022;organique_beauce_5;BTH;surface;3302.2893733363862;25.885125546912885;127.57478681536564;aerien post recolte;residus aeriens;labile;0.0;0.0;0.0;0.0
2020;213;beauce_5_sa_023;organique_beauce_5;BTH;incorpore;846.0;8.912505596312641;94.92280154640402;racines post recolte;residus racinaires;labile;0.0;0.0;0.0;0.0
2020;213;beauce_5_sa_023;organique_beauce_5;BTH;surface;3502.9148727597003;36.90277589465439;94.922801546404;aerien post recolte;residus aeriens;labile;0.0;0.0;0.0;0.0
2020;182;beauce_5_sa_024;organique_beauce_5;BTH;incorpore;846.0;9.655027170408587;87.62274668608711;racines post recolte;residus racinaires;labile;0.0;0.0;0.0;0.0
2020;182;beauce_5_sa_024;organique_beauce_5;BTH;surface;3503.351237997434;39.98221204533071;87.62274668608711;aerien post recolte;residus aeriens;labile;0.0;0.0;0.0;0.0
2020;213;beauce_5_sa_025;organique_beauce_5;BTH;incorpore;846.0;6.0362593271758085;140.15302427303416;racines post recolte;residus racinaires;labile;0.0;0.0;0.0;0.0
2020;213;beauce_5_sa_025;organique_beauce_5;BTH;surface;3110.0294417550663;22.19024140140117;140.1530242730342;aerien post recolte;residus aeriens;labile;0.0;0.0;0.0;0.0
2020;212;beauce_5_sa_026;organique_beauce_5;BTH;incorpore;846.0;8.03935206824811;105.23236111792221;racines post recolte;residus racinaires;labile;0.0;0.0;0.0;0.0
2020;212;beauce_5_sa_026;organique_beauce_5;BTH;surface;3494.9822823932996;33.212048511169115;105.23236111792222;aerien post recolte;residus aeriens;labile;0.0;0.0;0.0;0.0
2020;200;beauce_5_sa_027;organique_beauce_5;BTH;incorpore;846.0;9.505473405425336;89.00135363243852;racines post recolte;residus racinaires;labile;0.0;0.0;0.0;0.0
2020;200;beauce_5_sa_027;organique_beauce_5;BTH;surface;3503.376642514552;39.36318381159619;89.00135363243852;aerien post recolte;residus aeriens;labile;0.0;0.0;0.0;0.0
2020;180;beauce_5_sa_028;organique_beauce_5;BTH;incorpore;846.0;6.929377919817552;122.08888154021695;racines post recolte;residus racinaires;labile;0.0;0.0;0.0;0.0
2020;180;beauce_5_sa_028;organique_beauce_5;BTH;surface;3370.0963291503967;27.603630131055493;122.08888154021693;aerien post recolte;residus aeriens;labile;0.0;0.0;0.0;0.0
2020;202;beauce_5_sa_029;organique_beauce_5;BTH;incorpore;846.0;6.289020970070973;134.52014296439097;racines post recolte;residus racinaires;labile;0.0;0.0;0.0;0.0
2020;202;beauce_5_sa_029;organique_beauce_5;BTH;surface;3201.570663407065;23.79993503467029;134.52014296439097;aerien post recolte;residus aeriens;labile;0.0;0.0;0.0;0.0
2020;180;beauce_5_sa_030;organique_beauce_5;BTH;incorpore;846.0;5.30163915920381;159.5732894290472;racines post recolte;residus racinaires;labile;0.0;0.0;0.0;0.0
2020;180;beauce_5_sa_030;organique_beauce_5;BTH;surface;2755.8250049751887;17.269964258025407;159.5732894290472;aerien post recolte;residus aeriens;labile;0.0;0.0;0.0;0.0
2020;205;beauce_5_sa_031;organique_beauce_5;BTH;incorpore;846.0;9.229291952116556;91.66466987816834;racines post recolte;residus racinaires;labile;0.0;0.0;0.0;0.0
2020;205;beauce_5_sa_031;organique_beauce_5;BTH;surface;3502.9762447040453;38.21511875142142;91.66466987816834;aerien post recolte;residus aeriens;labile;0.0;0.0;0.0;0.0
2020;222;beauce_5_sa_032;organique_beauce_5;BTH;incorpore;846.0;8.551812876688848;98.92639282439028;racines post recolte;residus racinaires;labile;0.0;0.0;0.0;0.0
2020;222;beauce_5_sa_032;organique_beauce_5;BTH;surface;3503.172599673737;35.41191081223808;98.92639282439026;aerien post recolte;residus aeriens;labile;0.0;0.0;0.0;0.0
2020;201;beauce_5_sa_033;organique_beauce_5;BTH;incorpore;846.0;5.619916969089351;150.53603187612316;racines post recolte;residus racinaires;labile;0.0;0.0;0.0;0.0
2020;201;beauce_5_sa_033;organique_beauce_5;BTH;surface;2925.344946925647;19.432855446415168;150.53603187612316;aerien post recolte;residus aeriens;labile;0.0;0.0;0.0;0.0
2020;229;beauce_5_sa_034;organique_beauce_5;BTH;incorpore;846.0;6.62771318169158;127.64583753216624;racines post recolte;residus racinaires;labile;0.0;0.0;0.0;0.0
2020;229;beauce_5_sa_034;organique_beauce_5;BTH;surface;3301.3382877347826;25.863266296504648;127.64583753216623;aerien post recolte;residus aeriens;labile;0.0;0.0;0.0;0.0
2020;220;beauce_5_sa_035;organique_beauce_5;BTH;incorpore;846.0;8.038578572945196;105.24248688036897;racines post recolte;residus racinaires;labile;0.0;0.0;0.0;0.0
2020;220;beauce_5_sa_035;organique_beauce_5;BTH;surface;3494.950868374298;33.208554567387516;105.24248688036897;aerien post recolte;residus aeriens;labile;0.0;0.0;0.0;0.0
2020;202;beauce_5_sa_036;organique_beauce_5;BTH;incorpore;846.0;10.86797106471774;77.84341667475465;racines post recolte;residus racinaires;labile;0.0;0.0;0.0;0.0
2020;202;beauce_5_sa_036;organique_beauce_5;BTH;surface;3499.988205937988;44.96190372220734;77.84341667475465;aerien post recolte;residus aeriens;labile;0.0;0.0;0.0;0.0
2020;221;beauce_5_sa_037;organique_beauce_5;BTH;incorpore;846.0;8.681746467171088;97.44583111232753;racines post recolte;residus racinaires;labile;0.0;0.0;0.0;0.0
2020;221;beauce_5_sa_037;organique_beauce_5;BTH;surface;3503.3466191198054;35.95173420073184;97.44583111232755;aerien post recolte;residus aeriens;labile;0.0;0.0;0.0;0.0
2020;179;beauce_5_sa_038;organique_beauce_5;BTH;incorpore;846.0;8.495649972048433;99.58037381288395;racines post recolte;residus racinaires;labile;0.0;0.0;0.0;0.0
2020;179;beauce_5_sa_038;organique_beauce_5;BTH;surface;3502.9906095950455;35.17752018261474;99.58037381288395;aerien post recolte;residus aeriens;labile;0.0;0.0;0.0;0.0
2020;195;beauce_5_sa_039;organique_beauce_5;BTH;incorpore;846.0;6.27299499601918;134.8638091592403;racines post recolte;residus racinaires;labile;0.0;0.0;0.0;0.0
2020;195;beauce_5_sa_039;organique_beauce_5;BTH;surface;3196.2137220314635;23.699565820935234;134.8638091592403;aerien post recolte;residus aeriens;labile;0.0;0.0;0.0;0.0
2020;216;beauce_5_sa_040;organique_beauce_5;BTH;incorpore;846.0;8.368530267983662;101.09302026864005;racines post recolte;residus racinaires;labile;0.0;0.0;0.0;0.0
2020;216;beauce_5_sa_040;organique_beauce_5;BTH;surface;3502.9426931813323;34.650687889952934;101.09302026864005;aerien post recolte;residus aeriens;labile;0.0;0.0;0.0;0.0
2020;222;beauce_5_sa_041;organique_beauce_5;BTH;incorpore;846.0;6.762937921570984;125.09356285847439;racines post recolte;residus racinaires;labile;0.0;0.0;0.0;0.0
2020;222;beauce_5_sa_041;organique_beauce_5;BTH;surface;3334.3674698035916;26.654988423152957;125.09356285847439;aerien post recolte;residus aeriens;labile;0.0;0.0;0.0;0.0
2020;221;beauce_5_sa_042;organique_beauce_5;BTH;incorpore;846.0;5.601550606075525;151.02960938751778;racines post recolte;residus racinaires;labile;0.0;0.0;0.0;0.0
2020;221;beauce_5_sa_042;organique_beauce_5;BTH;surface;2916.215953094749;19.308902174355797;151.02960938751778;aerien post recolte;residus aeriens;labile;0.0;0.0;0.0;0.0
2020;213;beauce_5_sa_043;organique_beauce_5;BTH;incorpore;846.0;7.90946687045621;106.96043284029882;racines post recolte;residus racinaires;labile;0.0;0.0;0.0;0.0
2020;213;beauce_5_sa_043;organique_beauce_5;BTH;surface;3488.7994878418267;32.617664263297314;106.96043284029881;aerien post recolte;residus aeriens;labile;0.0;0.0;0.0;0.0
2020;203;beauce_5_sa_044;organique_beauce_5;BTH;incorpore;846.0;8.09179567126186;104.550341403773;racines post recolte;residus racinaires;labile;0.0;0.0;0.0;0.0
2020;203;beauce_5_sa_044;organique_beauce_5;BTH;surface;3496.9660550181557;33.44767705265435;104.55034140377299;aerien post recolte;residus aeriens;labile;0.0;0.0;0.0;0.0
2020;190;beauce_5_sa_045;organique_beauce_5;BTH;incorpore;846.0;5.793919192345825;146.01515345909993;racines post recolte;residus racinaires;labile;0.0;0.0;0.0;0.0
2020;190;beauce_5_sa_045;organique_beauce_5;BTH;surface;3007.72875714988;20.598743937850053;146.01515345909993;aerien post recolte;residus aeriens;labile;0.0;0.0;0.0;0.0
2020;177;beauce_5_sa_046;organique_beauce_5;BTH;incorpore;846.0;5.305912819373519;159.4447607414494;racines post recolte;residus racinaires;labile;0.0;0.0;0.0;0.0
2020;177;beauce_5_sa_046;organique_beauce_5;BTH;surface;2758.255113707219;17.299126674848342;159.44476074144941;aerien post recolte;residus aeriens;labile;0.0;0.0;0.0;0.0
2020;172;beauce_5_sa_047;organique_beauce_5;BTH;incorpore;846.0;6.126807852879665;138.0816928349354;racines post recolte;residus racinaires;labile;0.0;0.0;0.0;0.0
2020;172;beauce_5_sa_047;organique_beauce_5;BTH;surface;3144.57183192468;22.77327115104057;138.0816928349354;aerien post recolte;residus aeriens;labile;0.0;0.0;0.0;0.0
2020;172;beauce_5_sa_048;organique_beauce_5;BTH;incorpore;846.0;7.226268483913787;117.07287127280962;racines post recolte;residus racinaires;labile;0.0;0.0;0.0;0.0
2020;172;beauce_5_sa_048;organique_beauce_5;BTH;surface;3421.4149225259393;29.224660549694477;117.07287127280964;aerien post recolte;residus aeriens;labile;0.0;0.0;0.0;0.0
2020;188;beauce_5_sa_049;organique_beauce_5;BTH;incorpore;846.0;8.238656469096677;102.68664595657782;racines post recolte;residus racinaires;labile;0.0;0.0;0.0;0.0
2020;188;beauce_5_sa_049;organique_beauce_5;BTH;surface;3501.0438051864994;34.09444112788487;102.68664595657782;aerien post recolte;residus aeriens;labile;0.0;0.0;0.0;0.0
2020;206;beauce_5_sa_050;organique_beauce_5;BTH;incorpore;846.0;10.56883480877313;80.04666695118938;racines post recolte;residus racinaires;labile;0.0;0.0;0.0;0.0
2020;206;beauce_5_sa_050;organique_beauce_5;BTH;surface;3501.4942243073606;43.74316080446537;80.04666695118938;aerien post recolte;residus aeriens;labile;0.0;0.0;0.0;0.0
2020;198;beauce_5_sa_051;organique_beauce_5;BTH;incorpore;846.0;5.590716266718421;151.32229210704983;racines post recolte;residus racinaires;labile;0.0;0.0;0.0;0.0
2020;198;beauce_5_sa_051;organique_beauce_5;BTH;surface;2910.7923003528585;19.235713785604563;151.3222921070498;aerien post recolte;residus aeriens;labile;0.0;0.0;0.0;0.0
2020;183;beauce_5_sa_052;organique_beauce_5;BTH;incorpore;846.0;7.59175408100568;111.4366971022763;racines post recolte;residus racinaires;labile;0.0;0.0;0.0;0.0
2020;183;beauce_5_sa_052;organique_beauce_5;BTH;surface;3465.3265684738153;31.096816924619976;111.4366971022763;aerien post recolte;residus aeriens;labile;0.0;0.0;0.0;0.0
2020;193;beauce_5_sa_053;organique_beauce_5;BTH;incorpore;846.0;7.8406110544117515;107.89975349229613;racines post recolte;residus racinaires;labile;0.0;0.0;0.0;0.0
2020;193;beauce_5_sa_053;organique_beauce_5;BTH;surface;3484.7539950395776;32.29621831609081;107.89975349229614;aerien post recolte;residus aeriens;labile;0.0;0.0;0.0;0.0
2020;215;beauce_5_sa_054;organique_beauce_5;BTH;incorpore;846.0;8.99356326918586;94.06727619280805;racines post recolte;residus racinaires;labile;0.0;0.0;0.0;0.0
2020;215;beauce_5_sa_054;organique_beauce_5;BTH;surface;3503.3818913722466;37.24336488909731;94.06727619280805;aerien post recolte;residus aeriens;labile;0.0;0.0;0.0;0.0
2020;193;beauce_5_sa_055;organique_beauce_5;BTH;incorpore;846.0;6.708445499062694;126.10969264313222;racines post recolte;residus racinaires;labile;0.0;0.0;0.0;0.0
2020;193;beauce_5_sa_055;organique_beauce_5;BTH;surface;3321.501619260446;26.338194548294553;126.1096926431322;aerien post recolte;residus aeriens;labile;0.0;0.0;0.0;0.0
2020;202;beauce_5_sa_056;organique_beauce_5;BTH;incorpore;846.0;8.309577799445897;101.81022675501195;racines post recolte;residus racinaires;labile;0.0;0.0;0.0;0.0
2020;202;beauce_5_sa_056;organique_beauce_5;BTH;surface;3502.2713587294465;34.399995662096245;101.81022675501197;aerien post recolte;residus aeriens;labile;0.0;0.0;0.0;0.0
2020;188;beauce_5_sa_057;organique_beauce_5;BTH;incorpore;846.0;5.543957607254324;152.5985694574938;racines post recolte;residus racinaires;labile;0.0;0.0;0.0;0.0
2020;188;beauce_5_sa_057;organique_beauce_5;BTH;surface;2887.059279835816;18.919307632434947;152.59856945749377;aerien post recolte;residus aeriens;labile;0.0;0.0;0.0;0.0
2020;179;beauce_5_sa_058;organique_beauce_5;BTH;incorpore;846.0;7.4323230489242444;113.82712974545021;racines post recolte;residus racinaires;labile;0.0;0.0;0.0;0.0
2020;179;beauce_5_sa_058;organique_beauce_5;BTH;surface;3448.5792067527636;30.296636790058454;113.82712974545021;aerien post recolte;residus aeriens;labile;0.0;0.0;0.0;0.0
2020;205;beauce_5_sa_059;organique_beauce_5;BTH;incorpore;846.0;5.6114742447802985;150.76252034604548;racines post recolte;residus racinaires;labile;0.0;0.0;0.0;0.0
2020;205;beauce_5_sa_059;organique_beauce_5;BTH;surface;2921.1586882183697;19.375894496280832;150.76252034604548;aerien post recolte;residus aeriens;labile;0.0;0.0;0.0;0.0
2020;213;beauce_5_sa_060;organique_beauce_5;BTH;incorpore;846.0;8.627015358689363;98.06404240927726;racines post recolte;residus racinaires;labile;0.0;0.0;0.0;0.0
2020;213;beauce_5_sa_060;organique_beauce_5;BTH;surface;3503.3163492911167;35.72478008473051;98.06404240927726;aerien post recolte;residus aeriens;labile;0.0;0.0;0.0;0.0
2020;173;beauce_5_sa_061;organique_beauce_5;BTH;incorpore;846.0;5.569964443589059;151.88606831659985;racines post recolte;residus racinaires;labile;0.0;0.0;0.0;0.0
2020;173;beauce_5_sa_061;organique_beauce_5;BTH;surface;2900.3245541702004;19.095395557442444;151.88606831659985;aerien post recolte;residus aeriens;labile;0.0;0.0;0.0;0.0
2020;173;beauce_5_sa_062;organique_beauce_5;BTH;incorpore;846.0;9.912096618404256;85.35025762654412;racines post recolte;residus racinaires;labile;0.0;0.0;0.0;0.0
2020;173;beauce_5_sa_062;organique_beauce_5;BTH;surface;3503.3244920647116;41.04644308624992;85.35025762654412;aerien post recolte;residus aeriens;labile;0.0;0.0;0.0;0.0
2020;221;beauce_5_sa_063;organique_beauce_5;BTH;incorpore;846.0;7.9690360100140225;106.16089561358518;racines post recolte;residus racinaires;labile;0.0;0.0;0.0;0.0
2020;221;beauce_5_sa_063;organique_beauce_5;BTH;surface;3491.864704959933;32.892193352154486;106.16089561358518;aerien post recolte;residus aeriens;labile;0.0;0.0;0.0;0.0
2020;212;beauce_5_sa_064;organique_beauce_5;BTH;incorpore;846.0;5.534782007371028;152.85154842111703;racines post recolte;residus racinaires;labile;0.0;0.0;0.0;0.0
2020;212;beauce_5_sa_064;organique_beauce_5;BTH;surface;2882.3402907308277;18.85712196247939;152.85154842111703;aerien post recolte;residus aeriens;labile;0.0;0.0;0.0;0.0
2020;174;beauce_5_sa_065;organique_beauce_5;BTH;incorpore;846.0;5.347262913898673;158.21178304157556;racines post recolte;residus racinaires;labile;0.0;0.0;0.0;0.0
2020;174;beauce_5_sa_065;organique_beauce_5;BTH;surface;2781.559736564433;17.581242579343684;158.21178304157556;aerien post recolte;residus aeriens;labile;0.0;0.0;0.0;0.0
2020;222;beauce_5_sa_066;organique_beauce_5;BTH;incorpore;846.0;10.221213187042729;82.76903969408063;racines post recolte;residus racinaires;labile;0.0;0.0;0.0;0.0
2020;222;beauce_5_sa_066;organique_beauce_5;BTH;surface;3502.4697863438237;42.31618246737142;82.76903969408063;aerien post recolte;residus aeriens;labile;0.0;0.0;0.0;0.0
2020;217;beauce_5_sa_067;organique_beauce_5;BTH;incorpore;846.0;5.6289873601263585;150.2934623717132;racines post recolte;residus racinaires;labile;0.0;0.0;0.0;0.0
2020;217;beauce_5_sa_067;organique_beauce_5;BTH;surface;2929.8230722434055;19.494015414970097;150.29346237171322;aerien post recolte;residus aeriens;labile;0.0;0.0;0.0;0.0
2020;176;beauce_5_sa_068;organique_beauce_5;BTH;incorpore;846.0;8.164503012680921;103.61928934143474;racines post recolte;residus racinaires;labile;0.0;0.0;0.0;0.0
2020;176;beauce_5_sa_068;organique_beauce_5;BTH;surface;3499.2507654470696;33.77026408583761;103.61928934143475;aerien post recolte;residus aeriens;labile;0.0;0.0;0.0;0.0
2020;218;beauce_5_sa_069;organique_beauce_5;BTH;incorpore;846.0;7.454059771579916;113.4951993845747;racines post recolte;residus racinaires;labile;0.0;0.0;0.0;0.0
2020;218;beauce_5_sa_069;organique_beauce_5;BTH;surface;3451.073638237379;30.407221247689346;113.4951993845747;aerien post recolte;residus aeriens;labile;0.0;0.0;0.0;0.0
2020;230;beauce_5_sa_070;organique_beauce_5;BTH;incorpore;846.0;5.612571503948177;150.73304623466788;racines post recolte;residus racinaires;labile;0.0;0.0;0.0;0.0
2020;230;beauce_5_sa_070;organique_beauce_5;BTH;surface;2921.7037368681063;19.383299215750398;150.73304623466788;aerien post recolte;residus aeriens;labile;0.0;0.0;0.0;0.0
2020;201;beauce_5_sa_071;organique_beauce_5;BTH;incorpore;846.0;5.614630438459633;150.67777109691642;racines post recolte;residus racinaires;labile;0.0;0.0;0.0;0.0
2020;201;beauce_5_sa_071;organique_beauce_5;BTH;surface;2922.7256937879356;19.397192250129777;150.67777109691642;aerien post recolte;residus aeriens;labile;0.0;0.0;0.0;0.0
2020;179;beauce_5_sa_072;organique_beauce_5;BTH;incorpore;846.0;5.482312705801086;154.31443724558227;racines post recolte;residus racinaires;labile;0.0;0.0;0.0;0.0
2020;179;beauce_5_sa_072;organique_beauce_5;BTH;surface;2854.9694925051635;18.500987616354063;154.31443724558227;aerien post recolte;residus aeriens;labile;0.0;0.0;0.0;0.0
2020;226;beauce_5_sa_073;organique_beauce_5;BTH;incorpore;846.0;7.237066974787625;116.89818581854789;racines post recolte;residus racinaires;labile;0.0;0.0;0.0;0.0
2020;226;beauce_5_sa_073;organique_beauce_5;BTH;surface;3423.002202386457;29.28191039422735;116.89818581854787;aerien post recolte;residus aeriens;labile;0.0;0.0;0.0;0.0
2020;193;beauce_5_sa_074;organique_beauce_5;BTH;incorpore;846.0;6.953509949789209;121.66517429455118;racines post recolte;residus racinaires;labile;0.0;0.0;0.0;0.0
2020;193;beauce_5_sa_074;organique_beauce_5;BTH;surface;3374.845163187867;27.73879364210972;121.66517429455118;aerien post recolte;residus aeriens;labile;0.0;0.0;0.0;0.0
2020;183;beauce_5_sa_075;organique_beauce_5;BTH;incorpore;846.0;5.394413362895928;156.82891597054675;racines post recolte;residus racinaires;labile;0.0;0.0;0.0;0.0
2020;183;beauce_5_sa_075;organique_beauce_5;BTH;surface;2807.665951898534;17.902731358710835;156.82891597054675;aerien post recolte;residus aeriens;labile;0.0;0.0;0.0;0.0
2020;189;beauce_5_sa_076;organique_beauce_5;BTH;incorpore;846.0;6.026582218023159;140.37807324190214;racines post recolte;residus racinaires;labile;0.0;0.0;0.0;0.0
2020;189;beauce_5_sa_076;organique_beauce_5;BTH;surface;3106.220462324281;22.127533101067595;140.37807324190214;aerien post recolte;residus aeriens;labile;0.0;0.0;0.0;0.0
2020;182;beauce_5_sa_077;organique_beauce_5;BTH;incorpore;846.0;8.539531363651177;99.06866828793785;racines post recolte;residus racinaires;labile;0.0;0.0;0.0;0.0
2020;182;beauce_5_sa_077;organique_beauce_5;BTH;surface;3503.3684059195757;35.36303118294899;99.06866828793785;aerien post recolte;residus aeriens;labile;0.0;0.0;0.0;0.0
2020;185;beauce_5_sa_078;organique_beauce_5;BTH;incorpore;846.0;8.571404382875052;98.70027853197979;racines post recolte;residus racinaires;labile;0.0;0.0;0.0;0.0
2020;185;beauce_5_sa_078;organique_beauce_5;BTH;surface;3502.70361685632;35.48828502770042;98.7002785319798;aerien post recolte;residus aeriens;labile;0.0;0.0;0.0;0.0
2020;191;beauce_5_sa_079;organique_beauce_5;BTH;incorpore;846.0;9.250830983089486;91.45124384463271;racines post recolte;residus racinaires;labile;0.0;0.0;0.0;0.0
2020;191;beauce_5_sa_079;organique_beauce_5;BTH;surface;3500.684349608309;38.279242604459824;91.45124384463271;aerien post recolte;residus aeriens;labile;0.0;0.0;0.0;0.0
2020;189;beauce_5_sa_080;organique_beauce_5;BTH;incorpore;846.0;10.065995068385353;84.04534218947353;racines post recolte;residus racinaires;labile;0.0;0.0;0.0;0.0
2020;189;beauce_5_sa_080;organique_beauce_5;BTH;surface;3502.020025613969;41.668222585362834;84.04534218947354;aerien post recolte;residus aeriens;labile;0.0;0.0;0.0;0.0
2020;204;beauce_5_sa_081;organique_beauce_5;BTH;incorpore;846.0;6.219297082659988;136.0282341807937;racines post recolte;residus racinaires;labile;0.0;0.0;0.0;0.0
2020;204;beauce_5_sa_081;organique_beauce_5;BTH;surface;3177.829112363937;23.361540576497653;136.0282341807937;aerien post recolte;residus aeriens;labile;0.0;0.0;0.0;0.0
2020;208;beauce_5_sa_082;organique_beauce_5;BTH;incorpore;846.0;9.477846444054988;89.26078355391128;racines post recolte;residus racinaires;labile;0.0;0.0;0.0;0.0
2020;208;beauce_5_sa_082;organique_beauce_5;BTH;surface;3501.430790244776;39.22697797213486;89.2607835539113;aerien post recolte;residus aeriens;labile;0.0;0.0;0.0;0.0
2020;224;beauce_5_sa_083;organique_beauce_5;BTH;incorpore;846.0;6.808053895915901;124.26458617014018;racines post recolte;residus racinaires;labile;0.0;0.0;0.0;0.0
2020;224;beauce_5_sa_083;organique_beauce_5;BTH;surface;3344.576301972723;26.914959483254602;124.26458617014016;aerien post recolte;residus aeriens;labile;0.0;0.0;0.0;0.0
2020;174;beauce_5_sa_084;organique_beauce_5;BTH;incorpore;846.0;6.288479603141512;134.53172362638608;racines post recolte;residus racinaires;labile;0.0;0.0;0.0;0.0
2020;174;beauce_5_sa_084;organique_beauce_5;BTH;surface;3201.3906715758435;23.796548392307564;134.53172362638608;aerien post recolte;residus aeriens;labile;0.0;0.0;0.0;0.0
2020;182;beauce_5_sa_085;organique_beauce_5;BTH;incorpore;846.0;10.483925502532642;80.69496485792736;racines post recolte;residus racinaires;labile;0.0;0.0;0.0;0.0
2020;182;beauce_5_sa_085;organique_beauce_5;BTH;surface;3503.239156225007;43.413355001676464;80.69496485792735;aerien post recolte;residus aeriens;labile;0.0;0.0;0.0;0.0
2020;227;beauce_5_sa_086;organique_beauce_5;BTH;incorpore;846.0;8.80828959147287;96.04588850246203;racines post recolte;residus racinaires;labile;0.0;0.0;0.0;0.0
2020;227;beauce_5_sa_086;organique_beauce_5;BTH;surface;3502.940273312441;36.47152759925426;96.04588850246203;aerien post recolte;residus aeriens;labile;0.0;0.0;0.0;0.0
2020;181;beauce_5_sa_087;organique_beauce_5;BTH;incorpore;846.0;7.338671269446185;115.27972420869094;racines post recolte;residus racinaires;labile;0.0;0.0;0.0;0.0
2020;181;beauce_5_sa_087;organique_beauce_5;BTH;surface;3437.0370228085762;29.81475750745644;115.27972420869094;aerien post recolte;residus aeriens;labile;0.0;0.0;0.0;0.0
2020;203;beauce_5_sa_088;organique_beauce_5;BTH;incorpore;846.0;6.571461148232154;128.7384922343473;racines post recolte;residus racinaires;labile;0.0;0.0;0.0;0.0
2020;203;beauce_5_sa_088;organique_beauce_5;BTH;surface;3286.4922659796825;25.528435271691414;128.7384922343473;aerien post recolte;residus aeriens;labile;0.0;0.0;0.0;0.0
2020;177;beauce_5_sa_089;organique_beauce_5;BTH;incorpore;846.0;5.385037701798436;157.10196415476574;racines post recolte;residus racinaires;labile;0.0;0.0;0.0;0.0
2020;177;beauce_5_sa_089;organique_beauce_5;BTH;surface;2802.5150147516442;17.838828622096695;157.10196415476574;aerien post recolte;residus aeriens;labile;0.0;0.0;0.0;0.0
2020;190;beauce_5_sa_090;organique_beauce_5;BTH;incorpore;846.0;7.502060256945095;112.76902224516371;racines post recolte;residus racinaires;labile;0.0;0.0;0.0;0.0
2020;190;beauce_5_sa_090;organique_beauce_5;BTH;surface;3456.342345434795;30.64975005210729;112.76902224516373;aerien post recolte;residus aeriens;labile;0.0;0.0;0.0;0.0
2020;179;beauce_5_sa_091;organique_beauce_5;BTH;incorpore;846.0;8.014437035533021;105.55950421085747;racines post recolte;residus racinaires;labile;0.0;0.0;0.0;0.0
2020;179;beauce_5_sa_091;organique_beauce_5;BTH;surface;3493.938466751884;33.09923149859309;105.55950421085748;aerien post recolte;residus aeriens;labile;0.0;0.0;0.0;0.0
2020;199;beauce_5_sa_092;organique_beauce_5;BTH;incorpore;846.0;5.562303323283912;152.0952653658112;racines post recolte;residus racinaires;labile;0.0;0.0;0.0;0.0
2020;199;beauce_5_sa_092;organique_beauce_5;BTH;surface;2896.433785091183;19.043549962747623;152.09526536581117;aerien post recolte;residus aeriens;labile;0.0;0.0;0.0;0.0
2020;222;beauce_5_sa_093;organique_beauce_5;BTH;incorpore;846.0;6.433317133964684;131.5029218027423;racines post recolte;residus racinaires;labile;0.0;0.0;0.0;0.0
2020;222;beauce_5_sa_093;organique_beauce_5;BTH;surface;3247.1648690857137;24.692720318081932;131.50292180274226;aerien post recolte;residus aeriens;labile;0.0;0.0;0.0;0.0
2020;190;beauce_5_sa_094;organique_beauce_5;BTH;incorpore;846.0;6.039364562233445;140.08096237315684;racines post recolte;residus racinaires;labile;0.0;0.0;0.0;0.0
2020;190;beauce_5_sa_094;organique_beauce_5;BTH;surface;3111.246859962571;22.210347553685615;140.08096237315684;aerien post recolte;residus aeriens;labile;0.0;0.0;0.0;0.0
2020;174;beauce_5_sa_095;organique_beauce_5;BTH;incorpore;846.0;8.687125072067579;97.38549784671719;racines post recolte;residus racinaires;labile;0.0;0.0;0.0;0.0
2020;174;beauce_5_sa_095;organique_beauce_5;BTH;surface;3503.1912633662632;35.972412123211775;97.38549784671717;aerien post recolte;residus aeriens;labile;0.0;0.0;0.0;0.0
2020;188;beauce_5_sa_096;organique_beauce_5;BTH;incorpore;846.0;5.6322483543745;150.20644452635366;racines post recolte;residus racinaires;labile;0.0;0.0;0.0;0.0
2020;188;beauce_5_sa_096;organique_beauce_5;BTH;surface;2931.428145988917;19.515994504980107;150.20644452635366;aerien post recolte;residus aeriens;labile;0.0;0.0;0.0;0.0
2020;173;beauce_5_sa_097;organique_beauce_5;BTH;incorpore;846.0;5.2163446336871395;162.18253574285225;racines post recolte;residus racinaires;labile;0.0;0.0;0.0;0.0
2020;173;beauce_5_sa_097;organique_beauce_5;BTH;surface;2706.5027023771117;16.68800336596287;162.18253574285222;aerien post recolte;residus aeriens;labile;0.0;0.0;0.0;0.0
2020;231;beauce_5_sa_098;organique_beauce_5;BTH;incorpore;846.0;5.640546404993159;149.98546936004263;racines post recolte;residus racinaires;labile;0.0;0.0;0.0;0.0
2020;231;beauce_5_sa_098;organique_beauce_5;BTH;surface;2935.5007652255654;19.57190104982001;149.98546936004263;aerien post recolte;residus aeriens;labile;0.0;0.0;0.0;0.0
2020;192;beauce_5_sa_099;organique_beauce_5;BTH;incorpore;846.0;5.634651822160945;150.1423737794593;racines post recolte;residus racinaires;labile;0.0;0.0;0.0;0.0
2020;192;beauce_5_sa_099;organique_beauce_5;BTH;surface;2932.6094799415764;19.5321907208502;150.14237377945926;aerien post recolte;residus aeriens;labile;0.0;0.0;0.0;0.0
2021;202;beauce_5_sa_000;organique_beauce_5;BTH;incorpore;846.0;4.1482251020488965;203.94264515253587;racines post recolte;residus racinaires;labile;0.0;0.0;0.0;0.0
2021;202;beauce_5_sa_000;organique_beauce_5;BTH;surface;2005.3778564107345;9.833048183281344;203.94264515253585;aerien post recolte;residus aeriens;labile;0.0;0.0;0.0;0.0
2021;216;beauce_5_sa_001;organique_beauce_5;BTH;incorpore;846.0;4.187199570197004;202.04434630284328;racines post recolte;residus racinaires;labile;0.0;0.0;0.0;0.0
2021;216;beauce_5_sa_001;organique_beauce_5;BTH;surface;2031.713292117939;10.055778987612026;202.04434630284328;aerien post recolte;residus aeriens;labile;0.0;0.0;0.0;0.0
2021;177;beauce_5_sa_002;organique_beauce_5;BTH;incorpore;846.0;6.419493656875432;131.78609485717206;racines post recolte;residus racinaires;labile;0.0;0.0;0.0;0.0
2021;177;beauce_5_sa_002;organique_beauce_5;BTH;surface;3242.999911894793;24.608058349475424;131.78609485717206;aerien post recolte;residus aeriens;labile;0.0;0.0;0.0;0.0
2021;221;beauce_5_sa_003;organique_beauce_5;BTH;incorpore;846.0;8.900921763597823;95.04633592667824;racines post recolte;residus racinaires;labile;0.0;0.0;0.0;0.0
2021;221;beauce_5_sa_003;organique_beauce_5;BTH;surface;3503.3875841575855;36.85978580868399;95.04633592667824;aerien post recolte;residus aeriens;labile;0.0;0.0;0.0;0.0
2021;197;beauce_5_sa_004;organique_beauce_5;BTH;incorpore;846.0;3.752305288595756;225.46139904213467;racines post recolte;residus racinaires;labile;0.0;0.0;0.0;0.0
2021;197;beauce_5_sa_004;organique_beauce_5;BTH;surface;1746.4452387755382;7.746094214775803;225.46139904213467;aerien post recolte;residus aeriens;labile;0.0;0.0;0.0;0.0
2021;199;beauce_5_sa_005;organique_beauce_5;BTH;incorpore;846.0;9.37591374842261;90.23120548035436;racines post recolte;residus racinaires;labile;0.0;0.0;0.0;0.0
2021;199;beauce_5_sa_005;organique_beauce_5;BTH;surface;3503.3877338275697;38.8267863116419;90.23120548035435;aerien post recolte;residus aeriens;labile;0.0;0.0;0.0;0.0
2021;216;beauce_5_sa_006;organique_beauce_5;BTH;incorpore;846.0;4.698256216505457;180.06680798461247;racines post recolte;residus racinaires;labile;0.0;0.0;0.0;0.0
2021;216;beauce_5_sa_006;organique_beauce_5;BTH;surface;2378.74687247829;13.21035730628137;180.06680798461247;aerien post recolte;residus aeriens;labile;0.0;0.0;0.0;0.0
2021;191;beauce_5_sa_007;organique_beauce_5;BTH;incorpore;846.0;6.412448638804363;131.9308812674937;racines post recolte;residus racinaires;labile;0.0;0.0;0.0;0.0
2021;191;beauce_5_sa_007;organique_beauce_5;BTH;surface;3240.860934153613;24.564839581285547;131.9308812674937;aerien post recolte;residus aeriens;labile;0.0;0.0;0.0;0.0
2021;177;beauce_5_sa_008;organique_beauce_5;BTH;incorpore;846.0;6.636446085536349;127.4778682891428;racines post recolte;residus racinaires;labile;0.0;0.0;0.0;0.0
2021;177;beauce_5_sa_008;organique_beauce_5;BTH;surface;3303.5838755845434;25.91496014109225;127.47786828914279;aerien post recolte;residus aeriens;labile;0.0;0.0;0.0;0.0
2021;225;beauce_5_sa_009;organique_beauce_5;BTH;incorpore;846.0;3.862149074961497;219.04902777695966;racines post recolte;residus racinaires;labile;0.0;0.0;0.0;0.0
2021;225;beauce_5_sa_009;organique_beauce_5;BTH;surface;1816.3107038036087;8.291799887160488;219.04902777695966;aerien post recolte;residus aeriens;labile;0.0;0.0;0.0;0.0
2021;230;beauce_5_sa_010;organique_beauce_5;BTH;incorpore;846.0;8.597594459363208;98.39961677637213;racines post recolte;residus racinaires;labile;0.0;0.0;0.0;0.0
2021;230;beauce_5_sa_010;organique_beauce_5;BTH;surface;3503.3869561340844;35.60366463719118;98.39961677637213;aerien post recolte;residus aeriens;labile;0.0;0.0;0.0;0.0
2021;223;beauce_5_sa_011;organique_beauce_5;BTH;incorpore;846.0;8.44734575219311;100.149801466379;racines post recolte;residus racinaires;labile;0.0;0.0;0.0;0.0
2021;223;beauce_5_sa_011;organique_beauce_5;BTH;surface;3503.3642705431766;34.98124029451302;100.149801466379;aerien post recolte;residus aeriens;labile;0.0;0.0;0.0;0.0
2021;179;beauce_5_sa_012;organique_beauce_5;BTH;incorpore;846.0;6.57989228942437;128.57353324153135;racines post recolte;residus racinaires;labile;0.0;0.0;0.0;0.0
2021;179;beauce_5_sa_012;organique_beauce_5;BTH;surface;3288.759752880025;25.578823805844532;128.57353324153135;aerien post recolte;residus aeriens;labile;0.0;0.0;0.0;0.0
2021;214;beauce_5_sa_013;organique_beauce_5;BTH;incorpore;846.0;6.635671608555157;127.49274676421292;racines post recolte;residus racinaires;labile;0.0;0.0;0.0;0.0
2021;214;beauce_5_sa_013;organique_beauce_5;BTH;surface;3303.3853637411835;25.910378806494116;127.49274676421291;aerien post recolte;residus aeriens;labile;0.0;0.0;0.0;0.0
2021;198;beauce_5_sa_014;organique_beauce_5;BTH;incorpore;846.0;5.4287773001478845;155.8361953762506;racines post recolte;residus racinaires;labile;0.0;0.0;0.0;0.0
2021;198;beauce_5_sa_014;organique_beauce_5;BTH;surface;2826.3728384827714;18.136818802966683;155.8361953762506;aerien post recolte;residus aeriens;labile;0.0;0.0;0.0;0.0
2021;222;beauce_5_sa_015;organique_beauce_5;BTH;incorpore;846.0;8.823798855075509;95.87707221061312;racines post recolte;residus racinaires;labile;0.0;0.0;0.0;0.0
2021;222;beauce_5_sa_015;organique_beauce_5;BTH;surface;3503.3875205153704;36.54040992010562;95.87707221061312;aerien post recolte;residus aeriens;labile;0.0;0.0;0.0;0.0
2021;214;beauce_5_sa_016;organique_beauce_5;BTH;incorpore;846.0;4.0712428539538035;207.7989523956803;racines post recolte;residus racinaires;labile;0.0;0.0;0.0;0.0
2021;214;beauce_5_sa_016;organique_beauce_5;BTH;surface;1953.686620602693;9.401811693846183;207.79895239568026;aerien post recolte;residus aeriens;labile;0.0;0.0;0.0;0.0
2021;213;beauce_5_sa_017;organique_beauce_5;BTH;incorpore;846.0;7.167896061723545;118.02626498975438;racines post recolte;residus racinaires;labile;0.0;0.0;0.0;0.0
2021;213;beauce_5_sa_017;organique_beauce_5;BTH;surface;3412.5077512983894;28.913121597083684;118.02626498975438;aerien post recolte;residus aeriens;labile;0.0;0.0;0.0;0.0
2021;205;beauce_5_sa_018;organique_beauce_5;BTH;incorpore;846.0;4.34608457309307;194.6579698972377;racines post recolte;residus racinaires;labile;0.0;0.0;0.0;0.0
2021;205;beauce_5_sa_018;organique_beauce_5;BTH;surface;2139.815611299819;10.992694583373357;194.6579698972377;aerien post recolte;residus aeriens;labile;0.0;0.0;0.0;0.0
2021;192;beauce_5_sa_019;organique_beauce_5;BTH;incorpore;846.0;7.629732911024783;110.88199414917264;racines post recolte;residus racinaires;labile;0.0;0.0;0.0;0.0
2021;192;beauce_5_sa_019;organique_beauce_5;BTH;surface;3468.8026804230835;31.28373282822102;110.88199414917266;aerien post recolte;residus aeriens;labile;0.0;0.0;0.0;0.0
2021;170;beauce_5_sa_020;organique_beauce_5;BTH;incorpore;846.0;7.806129207324856;108.37637675868325;racines post recolte;residus racinaires;labile;0.0;0.0;0.0;0.0
2021;170;beauce_5_sa_020;organique_beauce_5;BTH;surface;3482.519643829916;32.13356773851449;108.37637675868325;aerien post recolte;residus aeriens;labile;0.0;0.0;0.0;0.0
2021;210;beauce_5_sa_021;organique_beauce_5;BTH;incorpore;846.0;4.09272981489224;206.70800132509476;racines post recolte;residus racinaires;labile;0.0;0.0;0.0;0.0
2021;210;beauce_5_sa_021;organique_beauce_5;BTH;surface;1968.0657562799192;9.52099456075091;206.70800132509476;aerien post recolte;residus aeriens;labile;0.0;0.0;0.0;0.0
2021;198;beauce_5_sa_022;organique_beauce_5;BTH;incorpore;846.0;5.015021862662526;168.69318283506942;racines post recolte;residus racinaires;labile;0.0;0.0;0.0;0.0
2021;198;beauce_5_sa_022;organique_beauce_5;BTH;surface;2584.297466108885;15.31951334770618;168.69318283506945;aerien post recolte;residus aeriens;labile;0.0;0.0;0.0;0.0
2021;213;beauce_5_sa_023;organique_beauce_5;BTH;incorpore;846.0;10.674385515892878;79.25514763734246;racines post recolte;residus racinaires;labile;0.0;0.0;0.0;0.0
2021;213;beauce_5_sa_023;organique_beauce_5;BTH;surface;3503.3876784845193;44.20391334724909;79.25514763734245;aerien post recolte;residus aeriens;labile;0.0;0.0;0.0;0.0
2021;182;beauce_5_sa_024;organique_beauce_5;BTH;incorpore;846.0;9.712015766836291;87.10859005077441;racines post recolte;residus racinaires;labile;0.0;0.0;0.0;0.0
2021;182;beauce_5_sa_024;organique_beauce_5;BTH;surface;3503.387651134884;40.218624237779615;87.10859005077441;aerien post recolte;residus aeriens;labile;0.0;0.0;0.0;0.0
2021;213;beauce_5_sa_025;organique_beauce_5;BTH;incorpore;846.0;4.459603083000778;189.70298124171703;racines post recolte;residus racinaires;labile;0.0;0.0;0.0;0.0
2021;213;beauce_5_sa_025;organique_beauce_5;BTH;surface;2217.3066281650317;11.688306707946614;189.70298124171703;aerien post recolte;residus aeriens;labile;0.0;0.0;0.0;0.0
2021;212;beauce_5_sa_026;organique_beauce_5;BTH;incorpore;846.0;6.331184808955775;133.6242781609046;racines post recolte;residus racinaires;labile;0.0;0.0;0.0;0.0
2021;212;beauce_5_sa_026;organique_beauce_5;BTH;surface;3215.382099583833;24.062858515216888;133.6242781609046;aerien post recolte;residus aeriens;labile;0.0;0.0;0.0;0.0
2021;200;beauce_5_sa_027;organique_beauce_5;BTH;incorpore;846.0;8.857232222322612;95.51516532081568;racines post recolte;residus racinaires;labile;0.0;0.0;0.0;0.0
2021;200;beauce_5_sa_027;organique_beauce_5;BTH;surface;3503.387641801947;36.67886277571517;95.5151653208157;aerien post recolte;residus aeriens;labile;0.0;0.0;0.0;0.0
2021;180;beauce_5_sa_028;organique_beauce_5;BTH;incorpore;846.0;5.721738645461538;147.8571553894801;racines post recolte;residus racinaires;labile;0.0;0.0;0.0;0.0
2021;180;beauce_5_sa_028;organique_beauce_5;BTH;surface;2974.4585828399167;20.11710948316774;147.8571553894801;aerien post recolte;residus aeriens;labile;0.0;0.0;0.0;0.0
2021;202;beauce_5_sa_029;organique_beauce_5;BTH;incorpore;846.0;5.787723145069306;146.1714699882849;racines post recolte;residus racinaires;labile;0.0;0.0;0.0;0.0
2021;202;beauce_5_sa_029;organique_beauce_5;BTH;surface;3004.9233132884196;20.55752270623845;146.1714699882849;aerien post recolte;residus aeriens;labile;0.0;0.0;0.0;0.0
2021;180;beauce_5_sa_030;organique_beauce_5;BTH;incorpore;846.0;3.5814796693031288;236.21521776350377;racines post recolte;residus racinaires;labile;0.0;0.0;0.0;0.0
2021;180;beauce_5_sa_030;organique_beauce_5;BTH;surface;1641.6782033355405;6.949925660501567;236.2152177635038;aerien post recolte;residus aeriens;labile;0.0;0.0;0.0;0.0
2021;205;beauce_5_sa_031;organique_beauce_5;BTH;incorpore;846.0;7.5810839508279795;111.59354064501592;racines post recolte;residus racinaires;labile;0.0;0.0;0.0;0.0
2021;205;beauce_5_sa_031;organique_beauce_5;BTH;surface;3464.3153109340005;31.044048704881078;111.59354064501592;aerien post recolte;residus aeriens;labile;0.0;0.0;0.0;0.0
2021;222;beauce_5_sa_032;organique_beauce_5;BTH;incorpore;846.0;8.729752744638944;96.90996122651237;racines post recolte;residus racinaires;labile;0.0;0.0;0.0;0.0
2021;222;beauce_5_sa_032;organique_beauce_5;BTH;surface;3503.387687896686;36.15095541838106;96.90996122651238;aerien post recolte;residus aeriens;labile;0.0;0.0;0.0;0.0
2021;201;beauce_5_sa_033;organique_beauce_5;BTH;incorpore;846.0;3.9102520008939723;216.3543423305161;racines post recolte;residus racinaires;labile;0.0;0.0;0.0;0.0
2021;201;beauce_5_sa_033;organique_beauce_5;BTH;surface;1847.4490782485834;8.538996991455374;216.35434233051615;aerien post recolte;residus aeriens;labile;0.0;0.0;0.0;0.0
2021;229;beauce_5_sa_034;organique_beauce_5;BTH;incorpore;846.0;5.356476125194792;157.9396566374567;racines post recolte;residus racinaires;labile;0.0;0.0;0.0;0.0
2021;229;beauce_5_sa_034;organique_beauce_5;BTH;surface;2786.7003714077923;17.644082751202482;157.9396566374567;aerien post recolte;residus aeriens;labile;0.0;0.0;0.0;0.0
2021;220;beauce_5_sa_035;organique_beauce_5;BTH;incorpore;846.0;7.7243083285784655;109.52436956328654;racines post recolte;residus racinaires;labile;0.0;0.0;0.0;0.0
2021;220;beauce_5_sa_035;organique_beauce_5;BTH;surface;3476.642568251373;31.74309591658925;109.52436956328654;aerien post recolte;residus aeriens;labile;0.0;0.0;0.0;0.0
2021;202;beauce_5_sa_036;organique_beauce_5;BTH;incorpore;846.0;9.174658246352537;92.2105191587201;racines post recolte;residus racinaires;labile;0.0;0.0;0.0;0.0
2021;202;beauce_5_sa_036;organique_beauce_5;BTH;surface;3503.387674110622;37.99336242842654;92.21051915872009;aerien post recolte;residus aeriens;labile;0.0;0.0;0.0;0.0
2021;221;beauce_5_sa_037;organique_beauce_5;BTH;incorpore;846.0;9.559117526810077;88.50189336277721;racines post recolte;residus racinaires;labile;0.0;0.0;0.0;0.0
2021;221;beauce_5_sa_037;organique_beauce_5;BTH;surface;3503.387662072818;39.58545437793198;88.5018933627772;aerien post recolte;residus aeriens;labile;0.0;0.0;0.0;0.0
2021;179;beauce_5_sa_038;organique_beauce_5;BTH;incorpore;846.0;6.405812169011838;132.06756265700875;racines post recolte;residus racinaires;labile;0.0;0.0;0.0;0.0
2021;179;beauce_5_sa_038;organique_beauce_5;BTH;surface;3238.8358769373344;24.524083066096107;132.06756265700872;aerien post recolte;residus aeriens;labile;0.0;0.0;0.0;0.0
2021;195;beauce_5_sa_039;organique_beauce_5;BTH;incorpore;846.0;4.854312047330607;174.2780422336501;racines post recolte;residus racinaires;labile;0.0;0.0;0.0;0.0
2021;195;beauce_5_sa_039;organique_beauce_5;BTH;surface;2481.700003429134;14.239889154262952;174.27804223365004;aerien post recolte;residus aeriens;labile;0.0;0.0;0.0;0.0
2021;216;beauce_5_sa_040;organique_beauce_5;BTH;incorpore;846.0;7.934570840178395;106.6220236784702;racines post recolte;residus racinaires;labile;0.0;0.0;0.0;0.0
2021;216;beauce_5_sa_040;organique_beauce_5;BTH;surface;3490.139580484103;32.733758562011374;106.62202367847019;aerien post recolte;residus aeriens;labile;0.0;0.0;0.0;0.0
2021;222;beauce_5_sa_041;organique_beauce_5;BTH;incorpore;846.0;6.973173395302415;121.32209426628067;racines post recolte;residus racinaires;labile;0.0;0.0;0.0;0.0
2021;222;beauce_5_sa_041;organique_beauce_5;BTH;surface;3378.63623131117;27.848482601162964;121.32209426628066;aerien post recolte;residus aeriens;labile;0.0;0.0;0.0;0.0
2021;221;beauce_5_sa_042;organique_beauce_5;BTH;incorpore;846.0;4.092061338128985;206.74176902412142;racines post recolte;residus racinaires;labile;0.0;0.0;0.0;0.0
2021;221;beauce_5_sa_042;organique_beauce_5;BTH;surface;1967.6178065639183;9.517272759402324;206.74176902412145;aerien post recolte;residus aeriens;labile;0.0;0.0;0.0;0.0
2021;213;beauce_5_sa_043;organique_beauce_5;BTH;incorpore;846.0;6.713111997432897;126.02202977151455;racines post recolte;residus racinaires;labile;0.0;0.0;0.0;0.0
2021;213;beauce_5_sa_043;organique_beauce_5;BTH;surface;3322.6266138093806;26.365442770867134;126.02202977151454;aerien post recolte;residus aeriens;labile;0.0;0.0;0.0;0.0
2021;203;beauce_5_sa_044;organique_beauce_5;BTH;incorpore;846.0;6.874348341799657;123.0662104880363;racines post recolte;residus racinaires;labile;0.0;0.0;0.0;0.0
2021;203;beauce_5_sa_044;organique_beauce_5;BTH;surface;3358.8649850098536;27.293153593417752;123.0662104880363;aerien post recolte;residus aeriens;labile;0.0;0.0;0.0;0.0
2021;190;beauce_5_sa_045;organique_beauce_5;BTH;incorpore;846.0;5.195207987798845;162.84237358482375;racines post recolte;residus racinaires;labile;0.0;0.0;0.0;0.0
2021;190;beauce_5_sa_045;organique_beauce_5;BTH;surface;2694.0439325782354;16.543875364079742;162.84237358482375;aerien post recolte;residus aeriens;labile;0.0;0.0;0.0;0.0
2021;177;beauce_5_sa_046;organique_beauce_5;BTH;incorpore;846.0;3.3398937752167983;253.30146912983324;racines post recolte;residus racinaires;labile;0.0;0.0;0.0;0.0
2021;177;beauce_5_sa_046;organique_beauce_5;BTH;surface;1502.7122936902015;5.932505243070522;253.3014691298332;aerien post recolte;residus aeriens;labile;0.0;0.0;0.0;0.0
2021;172;beauce_5_sa_047;organique_beauce_5;BTH;incorpore;846.0;7.055405569417723;119.90806080192775;racines post recolte;residus racinaires;labile;0.0;0.0;0.0;0.0
2021;172;beauce_5_sa_047;organique_beauce_5;BTH;surface;3393.74133463708;28.302862309174454;119.90806080192776;aerien post recolte;residus aeriens;labile;0.0;0.0;0.0;0.0
2021;172;beauce_5_sa_048;organique_beauce_5;BTH;incorpore;846.0;7.540642248144691;112.19203512912324;racines post recolte;residus racinaires;labile;0.0;0.0;0.0;0.0
2021;172;beauce_5_sa_048;organique_beauce_5;BTH;surface;3460.342381838779;30.84303068267036;112.19203512912324;aerien post recolte;residus aeriens;labile;0.0;0.0;0.0;0.0
2021;188;beauce_5_sa_049;organique_beauce_5;BTH;incorpore;846.0;6.589838426144394;128.37947538191474;racines post recolte;residus racinaires;labile;0.0;0.0;0.0;0.0
2021;188;beauce_5_sa_049;organique_beauce_5;BTH;surface;3291.4154034426397;25.638174588664135;128.37947538191474;aerien post recolte;residus aeriens;labile;0.0;0.0;0.0;0.0
2021;206;beauce_5_sa_050;organique_beauce_5;BTH;incorpore;846.0;8.864063651348841;95.44155291250243;racines post recolte;residus racinaires;labile;0.0;0.0;0.0;0.0
2021;206;beauce_5_sa_050;organique_beauce_5;BTH;surface;3503.387703136351;36.707153186706186;95.44155291250243;aerien post recolte;residus aeriens;labile;0.0;0.0;0.0;0.0
2021;198;beauce_5_sa_051;organique_beauce_5;BTH;incorpore;846.0;4.341537936239652;194.8618237187968;racines post recolte;residus racinaires;labile;0.0;0.0;0.0;0.0
2021;198;beauce_5_sa_051;organique_beauce_5;BTH;surface;2136.712225104638;10.965268539147544;194.86182371879687;aerien post recolte;residus aeriens;labile;0.0;0.0;0.0;0.0
2021;183;beauce_5_sa_052;organique_beauce_5;BTH;incorpore;846.0;9.361935486940153;90.36592926539231;racines post recolte;residus racinaires;labile;0.0;0.0;0.0;0.0
2021;183;beauce_5_sa_052;organique_beauce_5;BTH;surface;3503.387708836403;38.76890037336345;90.36592926539231;aerien post recolte;residus aeriens;labile;0.0;0.0;0.0;0.0
2021;193;beauce_5_sa_053;organique_beauce_5;BTH;incorpore;846.0;6.489246721729272;130.3695230398877;racines post recolte;residus racinaires;labile;0.0;0.0;0.0;0.0
2021;193;beauce_5_sa_053;organique_beauce_5;BTH;surface;3263.585997292959;25.03335074942658;130.3695230398877;aerien post recolte;residus aeriens;labile;0.0;0.0;0.0;0.0
2021;215;beauce_5_sa_054;organique_beauce_5;BTH;incorpore;846.0;7.0340096128472;120.27279554108533;racines post recolte;residus racinaires;labile;0.0;0.0;0.0;0.0
2021;215;beauce_5_sa_054;organique_beauce_5;BTH;surface;3389.926133881525;28.185310889556256;120.27279554108532;aerien post recolte;residus aeriens;labile;0.0;0.0;0.0;0.0
2021;193;beauce_5_sa_055;organique_beauce_5;BTH;incorpore;846.0;5.433994500067593;155.68657641988352;racines post recolte;residus racinaires;labile;0.0;0.0;0.0;0.0
2021;193;beauce_5_sa_055;organique_beauce_5;BTH;surface;2829.1891043652854;18.17233810020345;155.68657641988352;aerien post recolte;residus aeriens;labile;0.0;0.0;0.0;0.0
2021;202;beauce_5_sa_056;organique_beauce_5;BTH;incorpore;846.0;6.648050072688828;127.25535920306814;racines post recolte;residus racinaires;labile;0.0;0.0;0.0;0.0
2021;202;beauce_5_sa_056;organique_beauce_5;BTH;surface;3306.543347810632;25.983529247944716;127.25535920306815;aerien post recolte;residus aeriens;labile;0.0;0.0;0.0;0.0
2021;188;beauce_5_sa_057;organique_beauce_5;BTH;incorpore;846.0;8.355806964896331;101.24695359217124;racines post recolte;residus racinaires;labile;0.0;0.0;0.0;0.0
2021;188;beauce_5_sa_057;organique_beauce_5;BTH;surface;3502.8240328814213;34.59683386614283;101.24695359217124;aerien post recolte;residus aeriens;labile;0.0;0.0;0.0;0.0
2021;179;beauce_5_sa_058;organique_beauce_5;BTH;incorpore;846.0;7.166224472931124;118.05379571845447;racines post recolte;residus racinaires;labile;0.0;0.0;0.0;0.0
2021;179;beauce_5_sa_058;organique_beauce_5;BTH;surface;3412.2444616220932;28.90414866252947;118.05379571845448;aerien post recolte;residus aeriens;labile;0.0;0.0;0.0;0.0
2021;205;beauce_5_sa_059;organique_beauce_5;BTH;incorpore;846.0;4.284004911168108;197.47876520741974;racines post recolte;residus racinaires;labile;0.0;0.0;0.0;0.0
2021;205;beauce_5_sa_059;organique_beauce_5;BTH;surface;2097.4755346930924;10.621271266761422;197.47876520741974;aerien post recolte;residus aeriens;labile;0.0;0.0;0.0;0.0
2021;213;beauce_5_sa_060;organique_beauce_5;BTH;incorpore;846.0;6.680125074726151;126.64433532850902;racines post recolte;residus racinaires;labile;0.0;0.0;0.0;0.0
2021;213;beauce_5_sa_060;organique_beauce_5;BTH;surface;3314.5798745064194;26.172350037674928;126.64433532850903;aerien post recolte;residus aeriens;labile;0.0;0.0;0.0;0.0
2021;173;beauce_5_sa_061;organique_beauce_5;BTH;incorpore;846.0;3.802222901469213;222.50142138513183;racines post recolte;residus racinaires;labile;0.0;0.0;0.0;0.0
2021;173;beauce_5_sa_061;organique_beauce_5;BTH;surface;1777.9709353002697;7.99082956069187;222.50142138513186;aerien post recolte;residus aeriens;labile;0.0;0.0;0.0;0.0
2021;173;beauce_5_sa_062;organique_beauce_5;BTH;incorpore;846.0;9.168678027395908;92.27066295404435;racines post recolte;residus racinaires;labile;0.0;0.0;0.0;0.0
2021;173;beauce_5_sa_062;organique_beauce_5;BTH;surface;3503.3873435389337;37.968594040381014;92.27066295404435;aerien post recolte;residus aeriens;labile;0.0;0.0;0.0;0.0
2021;221;beauce_5_sa_063;organique_beauce_5;BTH;incorpore;846.0;6.169992227694121;137.1152456566661;racines post recolte;residus racinaires;labile;0.0;0.0;0.0;0.0
2021;221;beauce_5_sa_063;organique_beauce_5;BTH;surface;3160.3526203060646;23.04887837359476;137.1152456566661;aerien post recolte;residus aeriens;labile;0.0;0.0;0.0;0.0
2021;212;beauce_5_sa_064;organique_beauce_5;BTH;incorpore;846.0;4.247204131956742;199.18986083916732;racines post recolte;residus racinaires;labile;0.0;0.0;0.0;0.0
2021;212;beauce_5_sa_064;organique_beauce_5;BTH;surface;2072.4275674685937;10.404282420488975;199.1898608391673;aerien post recolte;residus aeriens;labile;0.0;0.0;0.0;0.0
2021;174;beauce_5_sa_065;organique_beauce_5;BTH;incorpore;846.0;6.295123595419921;134.38973630565658;racines post recolte;residus racinaires;labile;0.0;0.0;0.0;0.0
2021;174;beauce_5_sa_065;organique_beauce_5;BTH;surface;3203.5949663644583;23.8380925093728;134.38973630565658;aerien post recolte;residus aeriens;labile;0.0;0.0;0.0;0.0
2021;222;beauce_5_sa_066;organique_beauce_5;BTH;incorpore;846.0;8.66895075786588;97.58966495828476;racines post recolte;residus racinaires;labile;0.0;0.0;0.0;0.0
2021;222;beauce_5_sa_066;organique_beauce_5;BTH;surface;3503.3877196557996;35.89916740828389;97.58966495828474;aerien post recolte;residus aeriens;labile;0.0;0.0;0.0;0.0
2021;217;beauce_5_sa_067;organique_beauce_5;BTH;incorpore;846.0;4.266956518400156;198.2677808765667;racines post recolte;residus racinaires;labile;0.0;0.0;0.0;0.0
2021;217;beauce_5_sa_067;organique_beauce_5;BTH;surface;2085.865713214162;10.52044716490137;198.2677808765667;aerien post recolte;residus aeriens;labile;0.0;0.0;0.0;0.0
2021;176;beauce_5_sa_068;organique_beauce_5;BTH;incorpore;846.0;6.074322904067225;139.27478228619327;racines post recolte;residus racinaires;labile;0.0;0.0;0.0;0.0
2021;176;beauce_5_sa_068;organique_beauce_5;BTH;surface;3124.791040011476;22.436158138020986;139.27478228619327;aerien post recolte;residus aeriens;labile;0.0;0.0;0.0;0.0
2021;218;beauce_5_sa_069;organique_beauce_5;BTH;incorpore;846.0;6.186806684007315;136.7425948812788;racines post recolte;residus racinaires;labile;0.0;0.0;0.0;0.0
2021;218;beauce_5_sa_069;organique_beauce_5;BTH;surface;3166.3771614737307;23.155748684035206;136.7425948812788;aerien post recolte;residus aeriens;labile;0.0;0.0;0.0;0.0
2021;230;beauce_5_sa_070;organique_beauce_5;BTH;incorpore;846.0;3.9301065659155068;215.26133854411827;racines post recolte;residus racinaires;labile;0.0;0.0;0.0;0.0
2021;230;beauce_5_sa_070;organique_beauce_5;BTH;surface;1860.3897893976307;8.642470598668789;215.26133854411827;aerien post recolte;residus aeriens;labile;0.0;0.0;0.0;0.0
2021;201;beauce_5_sa_071;organique_beauce_5;BTH;incorpore;846.0;4.2804030791626575;197.64493772056076;racines post recolte;residus racinaires;labile;0.0;0.0;0.0;0.0
2021;201;beauce_5_sa_071;organique_beauce_5;BTH;surface;2095.0219234047263;10.599927058930101;197.64493772056073;aerien post recolte;residus aeriens;labile;0.0;0.0;0.0;0.0
2021;179;beauce_5_sa_072;organique_beauce_5;BTH;incorpore;846.0;3.925109036018992;215.53541372650585;racines post recolte;residus racinaires;labile;0.0;0.0;0.0;0.0
2021;179;beauce_5_sa_072;organique_beauce_5;BTH;surface;1857.1278332562415;8.616346618624641;215.53541372650582;aerien post recolte;residus aeriens;labile;0.0;0.0;0.0;0.0
2021;226;beauce_5_sa_073;organique_beauce_5;BTH;incorpore;846.0;5.7538672747914825;147.03154584507837;racines post recolte;residus racinaires;labile;0.0;0.0;0.0;0.0
2021;226;beauce_5_sa_073;organique_beauce_5;BTH;surface;2989.4265148836;20.33187162456584;147.03154584507834;aerien post recolte;residus aeriens;labile;0.0;0.0;0.0;0.0
2021;193;beauce_5_sa_074;organique_beauce_5;BTH;incorpore;846.0;6.473721770186958;130.68216862455117;racines post recolte;residus racinaires;labile;0.0;0.0;0.0;0.0
2021;193;beauce_5_sa_074;organique_beauce_5;BTH;surface;3259.096597515775;24.939107085673896;130.68216862455117;aerien post recolte;residus aeriens;labile;0.0;0.0;0.0;0.0
2021;183;beauce_5_sa_075;organique_beauce_5;BTH;incorpore;846.0;3.8389087678074083;220.37512511223147;racines post recolte;residus racinaires;labile;0.0;0.0;0.0;0.0
2021;183;beauce_5_sa_075;organique_beauce_5;BTH;surface;1801.3803747104437;8.174154745428034;220.3751251122315;aerien post recolte;residus aeriens;labile;0.0;0.0;0.0;0.0
2021;189;beauce_5_sa_076;organique_beauce_5;BTH;incorpore;846.0;4.803623716325247;176.11704204158326;racines post recolte;residus racinaires;labile;0.0;0.0;0.0;0.0
2021;189;beauce_5_sa_076;organique_beauce_5;BTH;surface;2448.572025418621;13.9030953338433;176.1170420415833;aerien post recolte;residus aeriens;labile;0.0;0.0;0.0;0.0
2021;182;beauce_5_sa_077;organique_beauce_5;BTH;incorpore;846.0;6.7834744323358365;124.71485054432299;racines post recolte;residus racinaires;labile;0.0;0.0;0.0;0.0
2021;182;beauce_5_sa_077;organique_beauce_5;BTH;surface;3339.063755859867;26.77358583429631;124.71485054432297;aerien post recolte;residus aeriens;labile;0.0;0.0;0.0;0.0
2021;185;beauce_5_sa_078;organique_beauce_5;BTH;incorpore;846.0;6.699787016578477;126.27267074409849;racines post recolte;residus racinaires;labile;0.0;0.0;0.0;0.0
2021;185;beauce_5_sa_078;organique_beauce_5;BTH;surface;3319.4026261917556;26.28757756235937;126.27267074409848;aerien post recolte;residus aeriens;labile;0.0;0.0;0.0;0.0
2021;191;beauce_5_sa_079;organique_beauce_5;BTH;incorpore;846.0;6.957937582589787;121.58775354882007;racines post recolte;residus racinaires;labile;0.0;0.0;0.0;0.0
2021;191;beauce_5_sa_079;organique_beauce_5;BTH;surface;3375.704917889114;27.76352732377522;121.58775354882007;aerien post recolte;residus aeriens;labile;0.0;0.0;0.0;0.0
2021;189;beauce_5_sa_080;organique_beauce_5;BTH;incorpore;846.0;7.639775416688273;110.73623946484125;racines post recolte;residus racinaires;labile;0.0;0.0;0.0;0.0
2021;189;beauce_5_sa_080;organique_beauce_5;BTH;surface;3469.6899828391397;31.332922262912554;110.73623946484123;aerien post recolte;residus aeriens;labile;0.0;0.0;0.0;0.0
2021;204;beauce_5_sa_081;organique_beauce_5;BTH;incorpore;846.0;4.951158071156149;170.8691154355429;racines post recolte;residus racinaires;labile;0.0;0.0;0.0;0.0
2021;204;beauce_5_sa_081;organique_beauce_5;BTH;surface;2544.0061414875477;14.88862475236038;170.86911543554294;aerien post recolte;residus aeriens;labile;0.0;0.0;0.0;0.0
2021;208;beauce_5_sa_082;organique_beauce_5;BTH;incorpore;846.0;10.821474696782213;78.17788459566974;racines post recolte;residus racinaires;labile;0.0;0.0;0.0;0.0
2021;208;beauce_5_sa_082;organique_beauce_5;BTH;surface;3503.3872797117488;44.813022222729735;78.17788459566974;aerien post recolte;residus aeriens;labile;0.0;0.0;0.0;0.0
2021;224;beauce_5_sa_083;organique_beauce_5;BTH;incorpore;846.0;5.394911744126228;156.81442813612145;racines post recolte;residus racinaires;labile;0.0;0.0;0.0;0.0
2021;224;beauce_5_sa_083;organique_beauce_5;BTH;surface;2807.939197773083;17.906127842622205;156.81442813612145;aerien post recolte;residus aeriens;labile;0.0;0.0;0.0;0.0
2021;174;beauce_5_sa_084;organique_beauce_5;BTH;incorpore;846.0;4.870677485722315;173.69246937000577;racines post recolte;residus racinaires;labile;0.0;0.0;0.0;0.0
2021;174;beauce_5_sa_084;organique_beauce_5;BTH;surface;2492.323506138355;14.349059088043246;173.6924693700058;aerien post recolte;residus aeriens;labile;0.0;0.0;0.0;0.0
2021;182;beauce_5_sa_085;organique_beauce_5;BTH;incorpore;846.0;7.80051372764857;108.45439538185684;racines post recolte;residus racinaires;labile;0.0;0.0;0.0;0.0
2021;182;beauce_5_sa_085;organique_beauce_5;BTH;surface;3482.1423441638235;32.10697299914454;108.45439538185684;aerien post recolte;residus aeriens;labile;0.0;0.0;0.0;0.0
2021;227;beauce_5_sa_086;organique_beauce_5;BTH;incorpore;846.0;7.365381055171653;114.8616743197523;racines post recolte;residus racinaires;labile;0.0;0.0;0.0;0.0
2021;227;beauce_5_sa_086;organique_beauce_5;BTH;surface;3440.4623693863887;29.953092619987572;114.8616743197523;aerien post recolte;residus aeriens;labile;0.0;0.0;0.0;0.0
2021;181;beauce_5_sa_087;organique_beauce_5;BTH;incorpore;846.0;5.62962109250999;150.27654367814785;racines post recolte;residus racinaires;labile;0.0;0.0;0.0;0.0
2021;181;beauce_5_sa_087;organique_beauce_5;BTH;surface;2930.1352009351167;19.498287152589043;150.27654367814787;aerien post recolte;residus aeriens;labile;0.0;0.0;0.0;0.0
2021;203;beauce_5_sa_088;organique_beauce_5;BTH;incorpore;846.0;7.747608272893333;109.19498898258863;racines post recolte;residus racinaires;labile;0.0;0.0;0.0;0.0
2021;203;beauce_5_sa_088;organique_beauce_5;BTH;surface;3478.399957914633;31.854941241573563;109.19498898258861;aerien post recolte;residus aeriens;labile;0.0;0.0;0.0;0.0
2021;177;beauce_5_sa_089;organique_beauce_5;BTH;incorpore;846.0;3.4646475695730405;244.18068014469225;racines post recolte;residus racinaires;labile;0.0;0.0;0.0;0.0
2021;177;beauce_5_sa_089;organique_beauce_5;BTH;surface;1573.0592812481943;6.44219387183318;244.18068014469225;aerien post recolte;residus aeriens;labile;0.0;0.0;0.0;0.0
2021;190;beauce_5_sa_090;organique_beauce_5;BTH;incorpore;846.0;7.03453377469542;120.26383369473976;racines post recolte;residus racinaires;labile;0.0;0.0;0.0;0.0
2021;190;beauce_5_sa_090;organique_beauce_5;BTH;surface;3390.0205570126363;28.188196341864266;120.26383369473977;aerien post recolte;residus aeriens;labile;0.0;0.0;0.0;0.0
2021;179;beauce_5_sa_091;organique_beauce_5;BTH;incorpore;846.0;8.66886804492686;97.59059609807889;racines post recolte;residus racinaires;labile;0.0;0.0;0.0;0.0
2021;179;beauce_5_sa_091;organique_beauce_5;BTH;surface;3503.387717218721;35.89882485908585;97.59059609807889;aerien post recolte;residus aeriens;labile;0.0;0.0;0.0;0.0
2021;199;beauce_5_sa_092;organique_beauce_5;BTH;incorpore;846.0;3.9588503402218382;213.69840415654448;racines post recolte;residus racinaires;labile;0.0;0.0;0.0;0.0
2021;199;beauce_5_sa_092;organique_beauce_5;BTH;surface;1879.2107628324977;8.793751971380582;213.69840415654454;aerien post recolte;residus aeriens;labile;0.0;0.0;0.0;0.0
2021;222;beauce_5_sa_093;organique_beauce_5;BTH;incorpore;846.0;5.115517384371686;165.37916625688683;racines post recolte;residus racinaires;labile;0.0;0.0;0.0;0.0
2021;222;beauce_5_sa_093;organique_beauce_5;BTH;surface;2646.264504978677;16.001196310714136;165.3791662568868;aerien post recolte;residus aeriens;labile;0.0;0.0;0.0;0.0
2021;190;beauce_5_sa_094;organique_beauce_5;BTH;incorpore;846.0;7.372404839603783;114.75224413279328;racines post recolte;residus racinaires;labile;0.0;0.0;0.0;0.0
2021;190;beauce_5_sa_094;organique_beauce_5;BTH;surface;3441.345259388257;29.989350407874145;114.75224413279327;aerien post recolte;residus aeriens;labile;0.0;0.0;0.0;0.0
2021;174;beauce_5_sa_095;organique_beauce_5;BTH;incorpore;846.0;8.20227227867159;103.14215027948512;racines post recolte;residus racinaires;labile;0.0;0.0;0.0;0.0
2021;174;beauce_5_sa_095;organique_beauce_5;BTH;surface;3500.2304276168397;33.93598463995793;103.14215027948512;aerien post recolte;residus aeriens;labile;0.0;0.0;0.0;0.0
2021;188;beauce_5_sa_096;organique_beauce_5;BTH;incorpore;846.0;4.068886201148073;207.91930719549083;racines post recolte;residus racinaires;labile;0.0;0.0;0.0;0.0
2021;188;beauce_5_sa_096;organique_beauce_5;BTH;surface;1952.11203406917;9.38879635758764;207.91930719549083;aerien post recolte;residus aeriens;labile;0.0;0.0;0.0;0.0
2021;173;beauce_5_sa_097;organique_beauce_5;BTH;incorpore;846.0;3.5690850163555057;237.03554163690802;racines post recolte;residus racinaires;labile;0.0;0.0;0.0;0.0
2021;173;beauce_5_sa_097;organique_beauce_5;BTH;surface;1634.277015426918;6.8946496552416185;237.035541636908;aerien post recolte;residus aeriens;labile;0.0;0.0;0.0;0.0
2021;231;beauce_5_sa_098;organique_beauce_5;BTH;incorpore;846.0;4.06275035355767;208.2333213654574;racines post recolte;residus racinaires;labile;0.0;0.0;0.0;0.0
2021;231;beauce_5_sa_098;organique_beauce_5;BTH;surface;1948.0147752636908;9.354961840352393;208.2333213654574;aerien post recolte;residus aeriens;labile;0.0;0.0;0.0;0.0
2021;192;beauce_5_sa_099;organique_beauce_5;BTH;incorpore;846.0;3.9963061814492633;211.69549118310988;racines post recolte;residus racinaires;labile;0.0;0.0;0.0;0.0
2021;192;beauce_5_sa_099;organique_beauce_5;BTH;surface;1903.8816901023463;8.993491923054465;211.69549118310985;aerien post recolte;residus aeriens;labile;0.0;0.0;0.0;0.0
