annee;jourDebut;jourFin;parcelle;couvert;itk;delta_Corg[kg_eqCO2/ha];tx_MO_fin[%];emissions_N2O_denit[kg_eqCO2/ha];emissions_N2O_nit[kg_eqCO2/ha];emissions_volat[kg_eqCO2/ha];emissions_lixiv[kg_eqCO2/ha];emissions_ferti[kg_eqCO2/ha];bilan_net_GES[kg_eqCO2/ha];ratio_Corg_Arg[%]
2019;213;293;beauce_5_sa_000;solnu;;864.18;1.71;0.0;5.92;0.0;0.0;0.0;870.11;0.07
2019;294;365;beauce_5_sa_000;orgeh;orgeH_tousSols_nonirr_organique;492.86;1.71;34.7;3.32;0.0;0.87;0.0;531.74;0.07
2019;213;308;beauce_5_sa_001;solnu;;975.1;1.71;5.28;6.67;0.0;0.0;0.0;987.05;0.07
2019;309;365;beauce_5_sa_001;orgeh;orgeH_tousSols_nonirr_organique;383.02;1.71;31.44;2.59;0.0;0.89;0.0;417.94;0.07
2019;213;315;beauce_5_sa_002;solnu;;1034.59;1.71;10.9;7.09;0.0;0.0;0.0;1052.58;0.07
2019;316;365;beauce_5_sa_002;orgeh;orgeH_tousSols_nonirr_organique;324.08;1.71;26.29;2.17;0.0;0.94;0.0;353.49;0.07
2019;213;316;beauce_5_sa_003;solnu;;1043.48;1.71;11.17;7.13;0.0;0.0;0.0;1061.78;0.07
2019;317;365;beauce_5_sa_003;orgeh;orgeH_tousSols_nonirr_organique;315.2;1.71;26.11;2.13;0.0;0.95;0.0;344.39;0.07
2019;213;273;beauce_5_sa_004;solnu;;758.51;1.71;0.0;5.21;0.0;0.0;0.0;763.72;0.07
2019;274;365;beauce_5_sa_004;orgeh;orgeH_tousSols_nonirr_organique;597.62;1.71;22.18;4.04;0.0;1.04;0.0;624.88;0.07
2019;213;291;beauce_5_sa_005;solnu;;848.32;1.71;0.0;5.81;0.0;0.0;0.0;854.13;0.07
2019;292;365;beauce_5_sa_005;orgeh;orgeH_tousSols_nonirr_organique;510.44;1.71;33.25;3.44;0.0;0.95;0.0;548.08;0.07
2019;213;303;beauce_5_sa_006;solnu;;934.46;1.71;0.0;6.39;0.0;0.0;0.0;940.85;0.07
2019;304;365;beauce_5_sa_006;orgeh;orgeH_tousSols_nonirr_organique;424.05;1.71;36.53;2.86;0.0;0.91;0.0;464.35;0.07
2019;213;312;beauce_5_sa_007;solnu;;1004.94;1.71;7.43;6.89;0.0;0.0;0.0;1019.27;0.07
2019;313;365;beauce_5_sa_007;orgeh;orgeH_tousSols_nonirr_organique;353.71;1.71;29.58;2.37;0.0;0.93;0.0;386.6;0.07
2019;213;314;beauce_5_sa_008;solnu;;1024.17;1.71;10.4;7.03;0.0;0.0;0.0;1041.6;0.07
2019;315;365;beauce_5_sa_008;orgeh;orgeH_tousSols_nonirr_organique;334.51;1.71;26.76;2.23;0.0;0.95;0.0;364.45;0.07
2019;213;281;beauce_5_sa_009;solnu;;805.47;1.71;0.0;5.49;0.0;0.0;0.0;810.96;0.07
2019;282;365;beauce_5_sa_009;orgeh;orgeH_tousSols_nonirr_organique;553.43;1.71;26.95;3.77;0.0;1.01;0.0;585.16;0.07
2019;213;282;beauce_5_sa_010;solnu;;807.78;1.71;0.0;5.51;0.0;0.0;0.0;813.29;0.07
2019;283;365;beauce_5_sa_010;orgeh;orgeH_tousSols_nonirr_organique;549.88;1.71;28.42;3.74;0.0;0.96;0.0;583.0;0.07
2019;213;300;beauce_5_sa_011;solnu;;914.26;1.71;0.0;6.27;0.0;0.0;0.0;920.52;0.07
2019;301;365;beauce_5_sa_011;orgeh;orgeH_tousSols_nonirr_organique;444.41;1.71;36.32;2.99;0.0;0.93;0.0;484.65;0.07
2019;213;262;beauce_5_sa_012;solnu;;662.05;1.71;0.0;4.55;0.0;0.0;0.0;666.6;0.07
2019;263;365;beauce_5_sa_012;orgeh;orgeH_tousSols_nonirr_organique;694.25;1.71;12.57;4.69;0.0;1.16;0.0;712.67;0.07
2019;213;273;beauce_5_sa_013;solnu;;759.79;1.71;0.0;5.21;0.0;0.0;0.0;765.0;0.07
2019;274;365;beauce_5_sa_013;orgeh;orgeH_tousSols_nonirr_organique;599.22;1.71;21.23;4.05;0.0;1.09;0.0;625.58;0.07
2019;213;309;beauce_5_sa_014;solnu;;981.51;1.71;5.55;6.7;0.0;0.0;0.0;993.76;0.07
2019;310;365;beauce_5_sa_014;orgeh;orgeH_tousSols_nonirr_organique;377.06;1.71;31.24;2.56;0.0;0.92;0.0;411.77;0.07
2019;213;267;beauce_5_sa_015;solnu;;704.36;1.71;0.0;4.88;0.0;0.0;0.0;709.24;0.07
2019;268;365;beauce_5_sa_015;orgeh;orgeH_tousSols_nonirr_organique;653.57;1.71;16.6;4.37;0.0;1.21;0.0;675.75;0.07
2019;213;257;beauce_5_sa_016;solnu;;633.07;1.71;0.0;4.34;0.0;0.0;0.0;637.41;0.07
2019;258;365;beauce_5_sa_016;orgeh;orgeH_tousSols_nonirr_organique;726.54;1.71;1.85;4.93;0.0;1.15;0.0;734.47;0.07
2019;213;299;beauce_5_sa_017;solnu;;909.0;1.71;0.0;6.21;0.0;0.0;0.0;915.21;0.07
2019;300;365;beauce_5_sa_017;orgeh;orgeH_tousSols_nonirr_organique;449.81;1.71;36.16;3.05;0.0;0.94;0.0;489.96;0.07
2019;213;268;beauce_5_sa_018;solnu;;718.32;1.71;0.0;4.95;0.0;0.0;0.0;723.27;0.07
2019;269;365;beauce_5_sa_018;orgeh;orgeH_tousSols_nonirr_organique;639.6;1.71;17.31;4.31;0.0;1.22;0.0;662.44;0.07
2019;213;285;beauce_5_sa_019;solnu;;824.7;1.71;0.0;5.63;0.0;0.0;0.0;830.33;0.07
2019;286;365;beauce_5_sa_019;orgeh;orgeH_tousSols_nonirr_organique;538.15;1.71;29.92;3.66;0.0;1.09;0.0;572.81;0.07
2019;213;278;beauce_5_sa_020;solnu;;791.66;1.71;0.0;5.41;0.0;0.0;0.0;797.06;0.07
2019;279;365;beauce_5_sa_020;orgeh;orgeH_tousSols_nonirr_organique;567.7;1.71;26.32;3.86;0.0;1.03;0.0;598.91;0.07
2019;213;282;beauce_5_sa_021;solnu;;808.08;1.71;0.0;5.51;0.0;0.0;0.0;813.59;0.07
2019;283;365;beauce_5_sa_021;orgeh;orgeH_tousSols_nonirr_organique;550.06;1.71;28.67;3.74;0.0;0.97;0.0;583.44;0.07
2019;213;306;beauce_5_sa_022;solnu;;953.04;1.71;1.79;6.53;0.0;0.0;0.0;961.36;0.07
2019;307;365;beauce_5_sa_022;orgeh;orgeH_tousSols_nonirr_organique;405.17;1.71;34.85;2.73;0.0;0.89;0.0;443.64;0.07
2019;213;312;beauce_5_sa_023;solnu;;1004.94;1.71;7.43;6.89;0.0;0.0;0.0;1019.27;0.07
2019;313;365;beauce_5_sa_023;orgeh;orgeH_tousSols_nonirr_organique;353.71;1.71;29.58;2.37;0.0;0.93;0.0;386.6;0.07
2019;213;279;beauce_5_sa_024;solnu;;794.81;1.71;0.0;5.43;0.0;0.0;0.0;800.23;0.07
2019;280;365;beauce_5_sa_024;orgeh;orgeH_tousSols_nonirr_organique;563.13;1.71;26.49;3.83;0.0;0.99;0.0;594.43;0.07
2019;213;272;beauce_5_sa_025;solnu;;753.23;1.71;0.0;5.16;0.0;0.0;0.0;758.39;0.07
2019;273;365;beauce_5_sa_025;orgeh;orgeH_tousSols_nonirr_organique;605.85;1.71;21.62;4.1;0.0;1.1;0.0;632.67;0.07
2019;213;292;beauce_5_sa_026;solnu;;855.55;1.71;0.0;5.88;0.0;0.0;0.0;861.43;0.07
2019;293;365;beauce_5_sa_026;orgeh;orgeH_tousSols_nonirr_organique;503.18;1.71;34.01;3.38;0.0;0.95;0.0;541.51;0.07
2019;213;265;beauce_5_sa_027;solnu;;689.17;1.71;0.0;4.75;0.0;0.0;0.0;693.92;0.07
2019;266;365;beauce_5_sa_027;orgeh;orgeH_tousSols_nonirr_organique;671.15;1.71;14.75;4.52;0.0;1.21;0.0;691.64;0.07
2019;213;290;beauce_5_sa_028;solnu;;844.36;1.71;0.0;5.77;0.0;0.0;0.0;850.12;0.07
2019;291;365;beauce_5_sa_028;orgeh;orgeH_tousSols_nonirr_organique;514.47;1.71;32.75;3.49;0.0;0.96;0.0;551.68;0.07
2019;213;276;beauce_5_sa_029;solnu;;779.45;1.71;0.0;5.32;0.0;0.0;0.0;784.77;0.07
2019;277;365;beauce_5_sa_029;orgeh;orgeH_tousSols_nonirr_organique;578.05;1.71;25.04;3.93;0.0;1.01;0.0;608.04;0.07
2019;213;302;beauce_5_sa_030;solnu;;929.11;1.71;0.0;6.35;0.0;0.0;0.0;935.46;0.07
2019;303;365;beauce_5_sa_030;orgeh;orgeH_tousSols_nonirr_organique;429.58;1.71;36.42;2.91;0.0;0.92;0.0;469.82;0.07
2019;213;282;beauce_5_sa_031;solnu;;808.19;1.71;0.0;5.51;0.0;0.0;0.0;813.71;0.07
2019;283;365;beauce_5_sa_031;orgeh;orgeH_tousSols_nonirr_organique;550.84;1.71;28.1;3.75;0.0;1.02;0.0;583.7;0.07
2019;213;282;beauce_5_sa_032;solnu;;807.41;1.71;0.0;5.51;0.0;0.0;0.0;812.91;0.07
2019;283;365;beauce_5_sa_032;orgeh;orgeH_tousSols_nonirr_organique;549.63;1.71;28.47;3.74;0.0;0.94;0.0;582.79;0.07
2019;213;277;beauce_5_sa_033;solnu;;782.96;1.71;0.0;5.37;0.0;0.0;0.0;788.33;0.07
2019;278;365;beauce_5_sa_033;orgeh;orgeH_tousSols_nonirr_organique;576.06;1.71;24.74;3.89;0.0;1.06;0.0;605.74;0.07
2019;213;313;beauce_5_sa_034;solnu;;1013.59;1.71;7.58;6.96;0.0;0.0;0.0;1028.13;0.07
2019;314;365;beauce_5_sa_034;orgeh;orgeH_tousSols_nonirr_organique;344.47;1.71;29.5;2.3;0.0;0.89;0.0;377.16;0.07
2019;213;305;beauce_5_sa_035;solnu;;948.08;1.71;0.0;6.48;0.0;0.0;0.0;954.56;0.07
2019;306;365;beauce_5_sa_035;orgeh;orgeH_tousSols_nonirr_organique;410.55;1.71;36.55;2.78;0.0;0.92;0.0;450.8;0.07
2019;213;306;beauce_5_sa_036;solnu;;951.89;1.71;1.72;6.52;0.0;0.0;0.0;960.13;0.07
2019;307;365;beauce_5_sa_036;orgeh;orgeH_tousSols_nonirr_organique;405.18;1.71;34.88;2.73;0.0;0.84;0.0;443.63;0.07
2019;213;306;beauce_5_sa_037;solnu;;953.63;1.71;1.87;6.53;0.0;0.0;0.0;962.03;0.07
2019;307;365;beauce_5_sa_037;orgeh;orgeH_tousSols_nonirr_organique;405.15;1.71;34.79;2.73;0.0;0.94;0.0;443.6;0.07
2019;213;305;beauce_5_sa_038;solnu;;947.49;1.71;0.0;6.48;0.0;0.0;0.0;953.96;0.07
2019;306;365;beauce_5_sa_038;orgeh;orgeH_tousSols_nonirr_organique;410.56;1.71;36.54;2.78;0.0;0.87;0.0;450.75;0.07
2019;213;274;beauce_5_sa_039;solnu;;765.98;1.71;0.0;5.25;0.0;0.0;0.0;771.23;0.07
2019;275;365;beauce_5_sa_039;orgeh;orgeH_tousSols_nonirr_organique;589.82;1.71;23.64;3.99;0.0;1.01;0.0;618.47;0.07
2019;213;276;beauce_5_sa_040;solnu;;779.48;1.71;0.0;5.32;0.0;0.0;0.0;784.8;0.07
2019;277;365;beauce_5_sa_040;orgeh;orgeH_tousSols_nonirr_organique;578.1;1.71;25.02;3.93;0.0;1.01;0.0;608.07;0.07
2019;213;284;beauce_5_sa_041;solnu;;818.39;1.71;0.0;5.58;0.0;0.0;0.0;823.97;0.07
2019;285;365;beauce_5_sa_041;orgeh;orgeH_tousSols_nonirr_organique;539.14;1.71;28.89;3.67;0.0;0.93;0.0;572.63;0.07
2019;213;299;beauce_5_sa_042;solnu;;907.85;1.71;0.0;6.21;0.0;0.0;0.0;914.06;0.07
2019;300;365;beauce_5_sa_042;orgeh;orgeH_tousSols_nonirr_organique;449.53;1.71;36.12;3.04;0.0;0.86;0.0;489.56;0.07
2019;213;268;beauce_5_sa_043;solnu;;717.93;1.71;0.0;4.95;0.0;0.0;0.0;722.87;0.07
2019;269;365;beauce_5_sa_043;orgeh;orgeH_tousSols_nonirr_organique;638.43;1.71;18.22;4.3;0.0;1.2;0.0;662.15;0.07
2019;213;261;beauce_5_sa_044;solnu;;654.06;1.71;0.0;4.5;0.0;0.0;0.0;658.56;0.07
2019;262;365;beauce_5_sa_044;orgeh;orgeH_tousSols_nonirr_organique;704.91;1.71;6.87;4.76;0.0;1.16;0.0;717.69;0.07
2019;213;299;beauce_5_sa_045;solnu;;908.91;1.71;0.0;6.21;0.0;0.0;0.0;915.12;0.07
2019;300;365;beauce_5_sa_045;orgeh;orgeH_tousSols_nonirr_organique;449.77;1.71;36.17;3.05;0.0;0.93;0.0;489.91;0.07
2019;213;289;beauce_5_sa_046;solnu;;840.45;1.71;0.0;5.74;0.0;0.0;0.0;846.19;0.07
2019;290;365;beauce_5_sa_046;orgeh;orgeH_tousSols_nonirr_organique;518.51;1.71;31.75;3.52;0.0;0.98;0.0;554.77;0.07
2019;213;283;beauce_5_sa_047;solnu;;811.3;1.71;0.0;5.57;0.0;0.0;0.0;816.87;0.07
2019;284;365;beauce_5_sa_047;orgeh;orgeH_tousSols_nonirr_organique;547.55;1.71;27.96;3.69;0.0;0.99;0.0;580.19;0.07
2019;213;282;beauce_5_sa_048;solnu;;807.5;1.71;0.0;5.51;0.0;0.0;0.0;813.01;0.07
2019;283;365;beauce_5_sa_048;orgeh;orgeH_tousSols_nonirr_organique;549.69;1.71;28.46;3.74;0.0;0.95;0.0;582.83;0.07
2019;213;296;beauce_5_sa_049;solnu;;885.4;1.71;0.0;6.07;0.0;0.0;0.0;891.47;0.07
2019;297;365;beauce_5_sa_049;orgeh;orgeH_tousSols_nonirr_organique;472.75;1.71;35.57;3.19;0.0;0.89;0.0;512.4;0.07
2019;213;267;beauce_5_sa_050;solnu;;704.38;1.71;0.0;4.88;0.0;0.0;0.0;709.26;0.07
2019;268;365;beauce_5_sa_050;orgeh;orgeH_tousSols_nonirr_organique;654.57;1.71;15.06;4.38;0.0;1.22;0.0;675.23;0.07
2019;213;289;beauce_5_sa_051;solnu;;840.45;1.71;0.0;5.74;0.0;0.0;0.0;846.19;0.07
2019;290;365;beauce_5_sa_051;orgeh;orgeH_tousSols_nonirr_organique;518.51;1.71;31.75;3.52;0.0;0.98;0.0;554.77;0.07
2019;213;296;beauce_5_sa_052;solnu;;885.68;1.71;0.0;6.07;0.0;0.0;0.0;891.75;0.07
2019;297;365;beauce_5_sa_052;orgeh;orgeH_tousSols_nonirr_organique;473.01;1.71;35.6;3.19;0.0;0.94;0.0;512.74;0.07
2019;213;272;beauce_5_sa_053;solnu;;752.37;1.71;0.0;5.16;0.0;0.0;0.0;757.52;0.07
2019;273;365;beauce_5_sa_053;orgeh;orgeH_tousSols_nonirr_organique;604.84;1.71;22.0;4.09;0.0;1.1;0.0;632.03;0.07
2019;213;303;beauce_5_sa_054;solnu;;934.41;1.71;0.0;6.39;0.0;0.0;0.0;940.8;0.07
2019;304;365;beauce_5_sa_054;orgeh;orgeH_tousSols_nonirr_organique;424.04;1.71;36.53;2.86;0.0;0.9;0.0;464.34;0.07
2019;213;256;beauce_5_sa_055;solnu;;628.59;1.71;0.0;4.3;0.0;0.0;0.0;632.89;0.07
2019;257;365;beauce_5_sa_055;orgeh;orgeH_tousSols_nonirr_organique;730.98;1.71;0.6;4.96;0.0;1.16;0.0;737.7;0.07
2019;213;283;beauce_5_sa_056;solnu;;811.3;1.71;0.0;5.57;0.0;0.0;0.0;816.87;0.07
2019;284;365;beauce_5_sa_056;orgeh;orgeH_tousSols_nonirr_organique;547.55;1.71;27.96;3.69;0.0;0.99;0.0;580.19;0.07
2019;213;312;beauce_5_sa_057;solnu;;1004.94;1.71;7.42;6.89;0.0;0.0;0.0;1019.25;0.07
2019;313;365;beauce_5_sa_057;orgeh;orgeH_tousSols_nonirr_organique;353.7;1.71;29.58;2.37;0.0;0.92;0.0;386.57;0.07
2019;213;291;beauce_5_sa_058;solnu;;848.32;1.71;0.0;5.81;0.0;0.0;0.0;854.13;0.07
2019;292;365;beauce_5_sa_058;orgeh;orgeH_tousSols_nonirr_organique;510.44;1.71;33.25;3.44;0.0;0.95;0.0;548.08;0.07
2019;213;310;beauce_5_sa_059;solnu;;986.4;1.71;5.85;6.76;0.0;0.0;0.0;999.0;0.07
2019;311;365;beauce_5_sa_059;orgeh;orgeH_tousSols_nonirr_organique;372.28;1.71;31.05;2.5;0.0;0.94;0.0;406.77;0.07
2019;213;268;beauce_5_sa_060;solnu;;719.35;1.71;0.0;4.96;0.0;0.0;0.0;724.31;0.07
2019;269;365;beauce_5_sa_060;orgeh;orgeH_tousSols_nonirr_organique;641.11;1.71;17.59;4.32;0.0;1.25;0.0;664.26;0.07
2019;213;277;beauce_5_sa_061;solnu;;782.79;1.71;0.0;5.37;0.0;0.0;0.0;788.16;0.07
2019;278;365;beauce_5_sa_061;orgeh;orgeH_tousSols_nonirr_organique;574.85;1.71;25.76;3.88;0.0;1.0;0.0;605.49;0.07
2019;213;279;beauce_5_sa_062;solnu;;795.0;1.71;0.0;5.43;0.0;0.0;0.0;800.43;0.07
2019;280;365;beauce_5_sa_062;orgeh;orgeH_tousSols_nonirr_organique;563.99;1.71;25.86;3.83;0.0;1.03;0.0;594.71;0.07
2019;213;285;beauce_5_sa_063;solnu;;822.26;1.71;0.0;5.61;0.0;0.0;0.0;827.87;0.07
2019;286;365;beauce_5_sa_063;orgeh;orgeH_tousSols_nonirr_organique;536.55;1.71;29.11;3.65;0.0;0.97;0.0;570.27;0.07
2019;213;308;beauce_5_sa_064;solnu;;975.79;1.71;5.36;6.67;0.0;0.0;0.0;987.82;0.07
2019;309;365;beauce_5_sa_064;orgeh;orgeH_tousSols_nonirr_organique;382.99;1.71;31.38;2.59;0.0;0.94;0.0;417.9;0.07
2019;213;299;beauce_5_sa_065;solnu;;908.72;1.71;0.0;6.21;0.0;0.0;0.0;914.93;0.07
2019;300;365;beauce_5_sa_065;orgeh;orgeH_tousSols_nonirr_organique;449.64;1.71;36.15;3.04;0.0;0.9;0.0;489.73;0.07
2019;213;298;beauce_5_sa_066;solnu;;902.6;1.71;0.0;6.18;0.0;0.0;0.0;908.77;0.07
2019;299;365;beauce_5_sa_066;orgeh;orgeH_tousSols_nonirr_organique;456.07;1.71;35.94;3.08;0.0;0.93;0.0;496.02;0.07
2019;213;285;beauce_5_sa_067;solnu;;821.72;1.71;0.0;5.61;0.0;0.0;0.0;827.33;0.07
2019;286;365;beauce_5_sa_067;orgeh;orgeH_tousSols_nonirr_organique;535.69;1.71;29.28;3.64;0.0;0.91;0.0;569.52;0.07
2019;213;290;beauce_5_sa_068;solnu;;844.36;1.71;0.0;5.77;0.0;0.0;0.0;850.12;0.07
2019;291;365;beauce_5_sa_068;orgeh;orgeH_tousSols_nonirr_organique;514.47;1.71;32.75;3.49;0.0;0.96;0.0;551.68;0.07
2019;213;313;beauce_5_sa_069;solnu;;1014.2;1.71;7.65;6.96;0.0;0.0;0.0;1028.81;0.07
2019;314;365;beauce_5_sa_069;orgeh;orgeH_tousSols_nonirr_organique;344.47;1.71;29.47;2.3;0.0;0.94;0.0;377.18;0.07
2019;213;291;beauce_5_sa_070;solnu;;848.32;1.71;0.0;5.81;0.0;0.0;0.0;854.13;0.07
2019;292;365;beauce_5_sa_070;orgeh;orgeH_tousSols_nonirr_organique;510.44;1.71;33.25;3.44;0.0;0.95;0.0;548.08;0.07
2019;213;266;beauce_5_sa_071;solnu;;697.17;1.71;0.0;4.79;0.0;0.0;0.0;701.96;0.07
2019;267;365;beauce_5_sa_071;orgeh;orgeH_tousSols_nonirr_organique;661.66;1.71;14.03;4.47;0.0;1.21;0.0;681.37;0.07
2019;213;281;beauce_5_sa_072;solnu;;805.47;1.71;0.0;5.49;0.0;0.0;0.0;810.96;0.07
2019;282;365;beauce_5_sa_072;orgeh;orgeH_tousSols_nonirr_organique;553.43;1.71;26.95;3.77;0.0;1.01;0.0;585.16;0.07
2019;213;287;beauce_5_sa_073;solnu;;832.73;1.71;0.0;5.68;0.0;0.0;0.0;838.41;0.07
2019;288;365;beauce_5_sa_073;orgeh;orgeH_tousSols_nonirr_organique;526.07;1.71;30.11;3.58;0.0;0.96;0.0;560.72;0.07
2019;213;280;beauce_5_sa_074;solnu;;798.81;1.71;0.0;5.47;0.0;0.0;0.0;804.28;0.07
2019;281;365;beauce_5_sa_074;orgeh;orgeH_tousSols_nonirr_organique;560.1;1.71;26.42;3.79;0.0;1.02;0.0;591.33;0.07
2019;213;265;beauce_5_sa_075;solnu;;688.17;1.71;0.0;4.74;0.0;0.0;0.0;692.9;0.07
2019;266;365;beauce_5_sa_075;orgeh;orgeH_tousSols_nonirr_organique;670.52;1.71;13.27;4.52;0.0;1.2;0.0;689.51;0.07
2019;213;269;beauce_5_sa_076;solnu;;728.11;1.71;0.0;5.0;0.0;0.0;0.0;733.11;0.07
2019;270;365;beauce_5_sa_076;orgeh;orgeH_tousSols_nonirr_organique;629.74;1.71;18.2;4.25;0.0;1.23;0.0;653.41;0.07
2019;213;296;beauce_5_sa_077;solnu;;885.58;1.71;0.0;6.07;0.0;0.0;0.0;891.65;0.07
2019;297;365;beauce_5_sa_077;orgeh;orgeH_tousSols_nonirr_organique;472.85;1.71;35.58;3.19;0.0;0.91;0.0;512.52;0.07
2019;213;288;beauce_5_sa_078;solnu;;835.68;1.71;0.0;5.71;0.0;0.0;0.0;841.39;0.07
2019;289;365;beauce_5_sa_078;orgeh;orgeH_tousSols_nonirr_organique;522.14;1.71;30.91;3.54;0.0;0.9;0.0;557.5;0.07
2019;213;297;beauce_5_sa_079;solnu;;893.11;1.71;0.0;6.13;0.0;0.0;0.0;899.24;0.07
2019;298;365;beauce_5_sa_079;orgeh;orgeH_tousSols_nonirr_organique;465.58;1.71;35.78;3.12;0.0;0.94;0.0;505.43;0.07
2019;213;309;beauce_5_sa_080;solnu;;981.58;1.71;5.56;6.7;0.0;0.0;0.0;993.85;0.07
2019;310;365;beauce_5_sa_080;orgeh;orgeH_tousSols_nonirr_organique;377.06;1.71;31.24;2.56;0.0;0.93;0.0;411.77;0.07
2019;213;315;beauce_5_sa_081;solnu;;1034.59;1.71;10.9;7.09;0.0;0.0;0.0;1052.58;0.07
2019;316;365;beauce_5_sa_081;orgeh;orgeH_tousSols_nonirr_organique;324.04;1.71;26.27;2.17;0.0;0.93;0.0;353.4;0.07
2019;213;288;beauce_5_sa_082;solnu;;835.97;1.71;0.0;5.71;0.0;0.0;0.0;841.69;0.07
2019;289;365;beauce_5_sa_082;orgeh;orgeH_tousSols_nonirr_organique;522.81;1.71;30.77;3.55;0.0;0.96;0.0;558.09;0.07
2019;213;280;beauce_5_sa_083;solnu;;798.81;1.71;0.0;5.47;0.0;0.0;0.0;804.28;0.07
2019;281;365;beauce_5_sa_083;orgeh;orgeH_tousSols_nonirr_organique;560.1;1.71;26.42;3.79;0.0;1.02;0.0;591.33;0.07
2019;213;286;beauce_5_sa_084;solnu;;825.98;1.71;0.0;5.66;0.0;0.0;0.0;831.64;0.07
2019;287;365;beauce_5_sa_084;orgeh;orgeH_tousSols_nonirr_organique;532.84;1.71;29.64;3.6;0.0;0.97;0.0;567.05;0.07
2019;213;283;beauce_5_sa_085;solnu;;813.51;1.71;0.0;5.58;0.0;0.0;0.0;819.1;0.07
2019;284;365;beauce_5_sa_085;orgeh;orgeH_tousSols_nonirr_organique;549.4;1.71;28.88;3.71;0.0;1.11;0.0;583.1;0.07
2019;213;259;beauce_5_sa_086;solnu;;644.24;1.71;0.0;4.41;0.0;0.0;0.0;648.65;0.07
2019;260;365;beauce_5_sa_086;orgeh;orgeH_tousSols_nonirr_organique;714.4;1.71;5.25;4.85;0.0;1.14;0.0;725.63;0.07
2019;213;286;beauce_5_sa_087;solnu;;825.1;1.71;0.0;5.65;0.0;0.0;0.0;830.75;0.07
2019;287;365;beauce_5_sa_087;orgeh;orgeH_tousSols_nonirr_organique;531.88;1.71;29.82;3.59;0.0;0.9;0.0;566.18;0.07
2019;213;281;beauce_5_sa_088;solnu;;805.47;1.71;0.0;5.49;0.0;0.0;0.0;810.96;0.07
2019;282;365;beauce_5_sa_088;orgeh;orgeH_tousSols_nonirr_organique;553.43;1.71;26.95;3.77;0.0;1.01;0.0;585.16;0.07
2019;213;306;beauce_5_sa_089;solnu;;953.5;1.71;1.86;6.53;0.0;0.0;0.0;961.89;0.07
2019;307;365;beauce_5_sa_089;orgeh;orgeH_tousSols_nonirr_organique;405.17;1.71;34.81;2.73;0.0;0.94;0.0;443.65;0.07
2019;213;260;beauce_5_sa_090;solnu;;649.39;1.71;0.0;4.44;0.0;0.0;0.0;653.84;0.07
2019;261;365;beauce_5_sa_090;orgeh;orgeH_tousSols_nonirr_organique;714.99;1.71;4.98;4.85;0.0;1.2;0.0;726.03;0.07
2019;213;305;beauce_5_sa_091;solnu;;948.0;1.71;0.0;6.48;0.0;0.0;0.0;954.48;0.07
2019;306;365;beauce_5_sa_091;orgeh;orgeH_tousSols_nonirr_organique;410.57;1.71;36.56;2.78;0.0;0.91;0.0;450.82;0.07
2019;213;296;beauce_5_sa_092;solnu;;885.1;1.71;0.0;6.07;0.0;0.0;0.0;891.16;0.07
2019;297;365;beauce_5_sa_092;orgeh;orgeH_tousSols_nonirr_organique;472.63;1.71;35.55;3.19;0.0;0.87;0.0;512.23;0.07
2019;213;289;beauce_5_sa_093;solnu;;840.45;1.71;0.0;5.74;0.0;0.0;0.0;846.19;0.07
2019;290;365;beauce_5_sa_093;orgeh;orgeH_tousSols_nonirr_organique;518.51;1.71;31.75;3.52;0.0;0.98;0.0;554.77;0.07
2019;213;282;beauce_5_sa_094;solnu;;808.19;1.71;0.0;5.51;0.0;0.0;0.0;813.71;0.07
2019;283;365;beauce_5_sa_094;orgeh;orgeH_tousSols_nonirr_organique;550.84;1.71;28.1;3.75;0.0;1.02;0.0;583.7;0.07
2019;213;273;beauce_5_sa_095;solnu;;759.71;1.71;0.0;5.21;0.0;0.0;0.0;764.92;0.07
2019;274;365;beauce_5_sa_095;orgeh;orgeH_tousSols_nonirr_organique;598.11;1.71;22.38;4.04;0.0;1.05;0.0;625.58;0.07
2019;213;312;beauce_5_sa_096;solnu;;1004.94;1.71;7.43;6.89;0.0;0.0;0.0;1019.27;0.07
2019;313;365;beauce_5_sa_096;orgeh;orgeH_tousSols_nonirr_organique;353.71;1.71;29.58;2.37;0.0;0.93;0.0;386.6;0.07
2019;213;305;beauce_5_sa_097;solnu;;948.08;1.71;0.0;6.48;0.0;0.0;0.0;954.56;0.07
2019;306;365;beauce_5_sa_097;orgeh;orgeH_tousSols_nonirr_organique;410.57;1.71;36.57;2.78;0.0;0.93;0.0;450.85;0.07
2019;213;311;beauce_5_sa_098;solnu;;993.99;1.71;7.08;6.83;0.0;0.0;0.0;1007.9;0.07
2019;312;365;beauce_5_sa_098;orgeh;orgeH_tousSols_nonirr_organique;364.69;1.71;29.9;2.43;0.0;0.94;0.0;397.96;0.07
2019;213;310;beauce_5_sa_099;solnu;;986.3;1.71;5.82;6.75;0.0;0.0;0.0;998.88;0.07
2019;311;365;beauce_5_sa_099;orgeh;orgeH_tousSols_nonirr_organique;372.27;1.71;31.06;2.5;0.0;0.92;0.0;406.76;0.07
2020;1;210;beauce_5_sa_000;orgeh;orgeH_tousSols_nonirr_organique;2234.68;1.68;20.18;15.26;0.0;11.65;0.0;2281.76;0.07
2020;211;294;beauce_5_sa_000;solnu;;1206.72;1.67;15.61;3.82;0.0;5.3;0.0;1231.46;0.07
2020;295;366;beauce_5_sa_000;orgeh;orgeH_tousSols_nonirr_organique;106.88;1.67;0.0;0.8;0.0;5.25;0.0;112.93;0.07
2020;1;216;beauce_5_sa_001;orgeh;orgeH_tousSols_nonirr_organique;2319.51;1.68;21.88;15.86;0.0;12.4;0.0;2369.65;0.07
2020;217;309;beauce_5_sa_001;solnu;;1272.45;1.67;21.48;5.19;0.0;5.48;0.0;1304.61;0.07
2020;310;366;beauce_5_sa_001;orgeh;orgeH_tousSols_nonirr_organique;85.75;1.67;0.0;0.06;0.0;6.42;0.0;92.24;0.07
2020;1;177;beauce_5_sa_002;orgeh;orgeH_tousSols_nonirr_organique;1625.7;1.69;22.38;11.1;0.0;12.65;0.0;1671.82;0.07
2020;178;316;beauce_5_sa_002;solnu;;2044.46;1.67;38.36;13.09;0.0;5.84;0.0;2101.75;0.07
2020;317;366;beauce_5_sa_002;orgeh;orgeH_tousSols_nonirr_organique;130.43;1.66;3.83;0.06;0.0;8.39;0.0;142.71;0.07
2020;1;207;beauce_5_sa_003;orgeh;orgeH_tousSols_nonirr_organique;2159.17;1.68;22.5;14.74;0.0;12.73;0.0;2209.14;0.07
2020;208;317;beauce_5_sa_003;solnu;;1549.88;1.67;29.73;9.14;0.0;5.26;0.0;1594.01;0.07
2020;318;366;beauce_5_sa_003;orgeh;orgeH_tousSols_nonirr_organique;124.1;1.66;1.73;0.1;0.0;7.31;0.0;133.23;0.07
2020;1;205;beauce_5_sa_004;orgeh;orgeH_tousSols_nonirr_organique;2243.23;1.68;12.18;15.35;0.0;8.0;0.0;2278.77;0.07
2020;206;274;beauce_5_sa_004;solnu;;1001.9;1.67;8.39;1.24;0.0;2.73;0.0;1014.25;0.07
2020;275;366;beauce_5_sa_004;orgeh;orgeH_tousSols_nonirr_organique;167.41;1.67;2.18;4.7;0.0;5.18;0.0;179.48;0.07
2020;1;179;beauce_5_sa_005;orgeh;orgeH_tousSols_nonirr_organique;1665.84;1.69;19.17;11.42;0.0;11.33;0.0;1707.76;0.07
2020;180;292;beauce_5_sa_005;solnu;;1867.11;1.67;28.84;11.41;0.0;4.34;0.0;1911.7;0.07
2020;293;366;beauce_5_sa_005;orgeh;orgeH_tousSols_nonirr_organique;214.6;1.67;4.11;0.15;0.0;8.13;0.0;226.99;0.07
2020;1;183;beauce_5_sa_006;orgeh;orgeH_tousSols_nonirr_organique;1735.68;1.69;21.66;12.17;0.0;12.29;0.0;1781.8;0.07
2020;184;304;beauce_5_sa_006;solnu;;1823.68;1.67;22.42;9.83;0.0;5.86;0.0;1861.79;0.07
2020;305;366;beauce_5_sa_006;orgeh;orgeH_tousSols_nonirr_organique;115.58;1.67;0.0;0.04;0.0;6.71;0.0;122.33;0.07
2020;1;192;beauce_5_sa_007;orgeh;orgeH_tousSols_nonirr_organique;1929.34;1.68;22.16;13.19;0.0;12.49;0.0;1977.18;0.07
2020;193;313;beauce_5_sa_007;solnu;;1736.83;1.67;28.69;10.7;0.0;5.23;0.0;1781.43;0.07
2020;314;366;beauce_5_sa_007;orgeh;orgeH_tousSols_nonirr_organique;135.44;1.66;1.66;0.11;0.0;7.29;0.0;144.51;0.07
2020;1;208;beauce_5_sa_008;orgeh;orgeH_tousSols_nonirr_organique;2174.57;1.68;22.33;14.83;0.0;12.66;0.0;2224.39;0.07
2020;209;315;beauce_5_sa_008;solnu;;1529.16;1.67;29.38;8.99;0.0;5.23;0.0;1572.76;0.07
2020;316;366;beauce_5_sa_008;orgeh;orgeH_tousSols_nonirr_organique;129.21;1.66;1.35;0.07;0.0;7.25;0.0;137.89;0.07
2020;1;199;beauce_5_sa_009;orgeh;orgeH_tousSols_nonirr_organique;2114.62;1.68;15.1;14.45;0.0;9.71;0.0;2153.87;0.07
2020;200;282;beauce_5_sa_009;solnu;;1429.62;1.67;31.32;8.0;0.0;3.2;0.0;1472.15;0.07
2020;283;366;beauce_5_sa_009;orgeh;orgeH_tousSols_nonirr_organique;236.11;1.66;1.09;0.22;0.0;7.91;0.0;245.32;0.07
2020;1;180;beauce_5_sa_010;orgeh;orgeH_tousSols_nonirr_organique;1696.17;1.69;16.09;11.64;0.0;10.03;0.0;1733.93;0.07
2020;181;283;beauce_5_sa_010;solnu;;1705.3;1.67;17.09;8.79;0.0;3.23;0.0;1734.42;0.07
2020;284;366;beauce_5_sa_010;orgeh;orgeH_tousSols_nonirr_organique;163.15;1.67;0.0;0.51;0.0;6.1;0.0;169.76;0.07
2020;1;189;beauce_5_sa_011;orgeh;orgeH_tousSols_nonirr_organique;1886.58;1.69;21.41;12.94;0.0;12.19;0.0;1933.12;0.07
2020;190;301;beauce_5_sa_011;solnu;;1715.57;1.67;26.97;10.37;0.0;5.18;0.0;1758.09;0.07
2020;302;366;beauce_5_sa_011;orgeh;orgeH_tousSols_nonirr_organique;174.73;1.66;0.98;0.18;0.0;7.13;0.0;183.02;0.07
2020;1;190;beauce_5_sa_012;orgeh;orgeH_tousSols_nonirr_organique;2038.35;1.68;8.37;13.95;0.0;6.08;0.0;2066.75;0.07
2020;191;263;beauce_5_sa_012;solnu;;1333.34;1.67;32.39;5.31;0.0;1.84;0.0;1372.88;0.07
2020;264;366;beauce_5_sa_012;orgeh;orgeH_tousSols_nonirr_organique;241.99;1.67;0.58;2.92;0.0;6.64;0.0;252.13;0.07
2020;1;188;beauce_5_sa_013;orgeh;orgeH_tousSols_nonirr_organique;1932.74;1.68;11.56;13.24;0.0;7.88;0.0;1965.42;0.07
2020;189;274;beauce_5_sa_013;solnu;;1549.09;1.67;35.51;9.03;0.0;2.97;0.0;1596.61;0.07
2020;275;366;beauce_5_sa_013;orgeh;orgeH_tousSols_nonirr_organique;277.01;1.67;2.18;0.3;0.0;7.61;0.0;287.11;0.07
2020;1;184;beauce_5_sa_014;orgeh;orgeH_tousSols_nonirr_organique;1791.85;1.69;21.92;12.35;0.0;12.42;0.0;1838.54;0.07
2020;185;310;beauce_5_sa_014;solnu;;1805.4;1.67;23.9;10.01;0.0;5.32;0.0;1844.63;0.07
2020;311;366;beauce_5_sa_014;orgeh;orgeH_tousSols_nonirr_organique;105.56;1.67;0.0;0.01;0.0;7.06;0.0;112.64;0.07
2020;1;210;beauce_5_sa_015;orgeh;orgeH_tousSols_nonirr_organique;2390.82;1.68;10.06;16.33;0.0;6.52;0.0;2423.74;0.07
2020;211;268;beauce_5_sa_015;solnu;;1102.66;1.67;34.33;3.95;0.0;2.26;0.0;1143.19;0.07
2020;269;366;beauce_5_sa_015;orgeh;orgeH_tousSols_nonirr_organique;200.09;1.67;0.0;1.71;0.0;7.26;0.0;209.06;0.07
2020;1;202;beauce_5_sa_016;orgeh;orgeH_tousSols_nonirr_organique;2316.63;1.68;4.24;15.82;0.0;5.71;0.0;2342.4;0.07
2020;203;258;beauce_5_sa_016;solnu;;1169.68;1.67;40.37;5.73;0.0;1.75;0.0;1217.54;0.07
2020;259;366;beauce_5_sa_016;orgeh;orgeH_tousSols_nonirr_organique;322.77;1.66;0.0;1.17;0.0;6.56;0.0;330.49;0.07
2020;1;202;beauce_5_sa_017;orgeh;orgeH_tousSols_nonirr_organique;2101.28;1.68;21.25;14.33;0.0;12.06;0.0;2148.92;0.07
2020;203;300;beauce_5_sa_017;solnu;;1504.5;1.67;28.54;8.31;0.0;5.16;0.0;1546.51;0.07
2020;301;366;beauce_5_sa_017;orgeh;orgeH_tousSols_nonirr_organique;141.86;1.67;0.02;0.04;0.0;7.15;0.0;149.06;0.07
2020;1;181;beauce_5_sa_018;orgeh;orgeH_tousSols_nonirr_organique;1756.13;1.69;9.65;12.07;0.0;6.71;0.0;1784.56;0.07
2020;182;269;beauce_5_sa_018;solnu;;1637.69;1.67;27.46;8.72;0.0;1.63;0.0;1675.5;0.07
2020;270;366;beauce_5_sa_018;orgeh;orgeH_tousSols_nonirr_organique;217.24;1.67;0.0;2.32;0.0;6.61;0.0;226.17;0.07
2020;1;221;beauce_5_sa_019;orgeh;orgeH_tousSols_nonirr_organique;2485.52;1.68;16.94;17.01;0.0;10.41;0.0;2529.88;0.07
2020;222;286;beauce_5_sa_019;solnu;;1050.1;1.67;23.49;3.3;0.0;3.6;0.0;1080.49;0.07
2020;287;366;beauce_5_sa_019;orgeh;orgeH_tousSols_nonirr_organique;126.32;1.67;0.0;0.35;0.0;6.53;0.0;133.2;0.07
2020;1;193;beauce_5_sa_020;orgeh;orgeH_tousSols_nonirr_organique;2007.59;1.68;14.69;13.83;0.0;9.32;0.0;2045.42;0.07
2020;194;279;beauce_5_sa_020;solnu;;1321.59;1.67;15.28;3.96;0.0;3.21;0.0;1344.04;0.07
2020;280;366;beauce_5_sa_020;orgeh;orgeH_tousSols_nonirr_organique;147.34;1.67;0.0;2.48;0.0;6.07;0.0;155.89;0.07
2020;1;223;beauce_5_sa_021;orgeh;orgeH_tousSols_nonirr_organique;2561.54;1.68;24.99;17.51;0.0;10.09;0.0;2614.13;0.07
2020;224;283;beauce_5_sa_021;solnu;;1002.24;1.67;19.48;3.27;0.0;3.7;0.0;1028.68;0.07
2020;284;366;beauce_5_sa_021;orgeh;orgeH_tousSols_nonirr_organique;147.32;1.67;0.0;0.27;0.0;6.8;0.0;154.38;0.07
2020;1;178;beauce_5_sa_022;orgeh;orgeH_tousSols_nonirr_organique;1638.59;1.69;21.8;11.23;0.0;12.36;0.0;1683.98;0.07
2020;179;307;beauce_5_sa_022;solnu;;1893.26;1.67;25.54;10.32;0.0;6.14;0.0;1935.27;0.07
2020;308;366;beauce_5_sa_022;orgeh;orgeH_tousSols_nonirr_organique;106.01;1.67;0.0;0.17;0.0;7.09;0.0;113.27;0.07
2020;1;200;beauce_5_sa_023;orgeh;orgeH_tousSols_nonirr_organique;2065.01;1.68;22.16;14.11;0.0;12.49;0.0;2113.77;0.07
2020;201;313;beauce_5_sa_023;solnu;;1620.06;1.67;29.42;9.72;0.0;5.24;0.0;1664.43;0.07
2020;314;366;beauce_5_sa_023;orgeh;orgeH_tousSols_nonirr_organique;133.08;1.66;1.63;0.12;0.0;7.29;0.0;142.12;0.07
2020;1;183;beauce_5_sa_024;orgeh;orgeH_tousSols_nonirr_organique;1766.9;1.69;14.82;12.42;0.0;9.45;0.0;1803.59;0.07
2020;184;280;beauce_5_sa_024;solnu;;1655.98;1.67;19.56;8.11;0.0;3.17;0.0;1686.82;0.07
2020;281;366;beauce_5_sa_024;orgeh;orgeH_tousSols_nonirr_organique;161.26;1.67;0.0;0.94;0.0;5.97;0.0;168.16;0.07
2020;1;225;beauce_5_sa_025;orgeh;orgeH_tousSols_nonirr_organique;2683.91;1.68;29.18;18.34;0.0;9.11;0.0;2740.54;0.07
2020;226;273;beauce_5_sa_025;solnu;;927.46;1.67;28.07;3.4;0.0;3.5;0.0;962.43;0.07
2020;274;366;beauce_5_sa_025;orgeh;orgeH_tousSols_nonirr_organique;207.59;1.66;0.07;0.32;0.0;7.64;0.0;215.61;0.07
2020;1;210;beauce_5_sa_026;orgeh;orgeH_tousSols_nonirr_organique;2236.66;1.68;19.66;15.27;0.0;11.52;0.0;2283.11;0.07
2020;211;293;beauce_5_sa_026;solnu;;1366.75;1.67;30.11;7.46;0.0;4.41;0.0;1408.73;0.07
2020;294;366;beauce_5_sa_026;orgeh;orgeH_tousSols_nonirr_organique;193.07;1.66;3.81;0.17;0.0;8.07;0.0;205.13;0.07
2020;1;215;beauce_5_sa_027;orgeh;orgeH_tousSols_nonirr_organique;2527.15;1.68;12.01;17.35;0.0;6.27;0.0;2562.78;0.07
2020;216;266;beauce_5_sa_027;solnu;;862.16;1.67;32.36;0.74;0.0;2.32;0.0;897.58;0.07
2020;267;366;beauce_5_sa_027;orgeh;orgeH_tousSols_nonirr_organique;202.26;1.67;1.4;4.07;0.0;7.63;0.0;215.37;0.07
2020;1;211;beauce_5_sa_028;orgeh;orgeH_tousSols_nonirr_organique;2258.72;1.68;18.84;15.44;0.0;11.13;0.0;2304.13;0.07
2020;212;291;beauce_5_sa_028;solnu;;1332.74;1.67;28.32;6.58;0.0;3.52;0.0;1371.17;0.07
2020;292;366;beauce_5_sa_028;orgeh;orgeH_tousSols_nonirr_organique;153.3;1.67;0.0;0.04;0.0;8.34;0.0;161.68;0.07
2020;1;172;beauce_5_sa_029;orgeh;orgeH_tousSols_nonirr_organique;1523.69;1.69;13.91;10.6;0.0;8.91;0.0;1557.11;0.07
2020;173;277;beauce_5_sa_029;solnu;;1834.94;1.67;20.36;9.46;0.0;3.07;0.0;1867.83;0.07
2020;278;366;beauce_5_sa_029;orgeh;orgeH_tousSols_nonirr_organique;185.49;1.67;0.0;1.01;0.0;5.8;0.0;192.31;0.07
2020;1;206;beauce_5_sa_030;orgeh;orgeH_tousSols_nonirr_organique;2153.62;1.68;21.53;14.74;0.0;12.2;0.0;2202.09;0.07
2020;207;303;beauce_5_sa_030;solnu;;1402.95;1.67;19.84;6.49;0.0;5.55;0.0;1434.83;0.07
2020;304;366;beauce_5_sa_030;orgeh;orgeH_tousSols_nonirr_organique;109.09;1.67;0.0;0.05;0.0;6.33;0.0;115.47;0.07
2020;1;205;beauce_5_sa_031;orgeh;orgeH_tousSols_nonirr_organique;2194.34;1.68;15.83;15.01;0.0;10.0;0.0;2235.18;0.07
2020;206;283;beauce_5_sa_031;solnu;;1360.78;1.67;31.5;7.37;0.0;3.29;0.0;1402.95;0.07
2020;284;366;beauce_5_sa_031;orgeh;orgeH_tousSols_nonirr_organique;236.78;1.66;2.34;0.26;0.0;8.14;0.0;247.53;0.07
2020;1;191;beauce_5_sa_032;orgeh;orgeH_tousSols_nonirr_organique;1960.18;1.68;16.13;13.41;0.0;10.04;0.0;1999.76;0.07
2020;192;283;beauce_5_sa_032;solnu;;1414.74;1.67;18.15;5.46;0.0;3.41;0.0;1441.76;0.07
2020;284;366;beauce_5_sa_032;orgeh;orgeH_tousSols_nonirr_organique;143.79;1.67;0.0;1.44;0.0;6.14;0.0;151.37;0.07
2020;1;220;beauce_5_sa_033;orgeh;orgeH_tousSols_nonirr_organique;2522.08;1.68;13.66;17.21;0.0;8.99;0.0;2561.93;0.07
2020;221;278;beauce_5_sa_033;solnu;;1079.4;1.67;41.64;4.95;0.0;3.41;0.0;1129.4;0.07
2020;279;366;beauce_5_sa_033;orgeh;orgeH_tousSols_nonirr_organique;233.69;1.66;0.04;0.2;0.0;8.23;0.0;242.16;0.07
2020;1;225;beauce_5_sa_034;orgeh;orgeH_tousSols_nonirr_organique;2503.7;1.68;25.09;17.11;0.0;12.61;0.0;2558.51;0.07
2020;226;314;beauce_5_sa_034;solnu;;1123.77;1.67;21.34;3.81;0.0;5.56;0.0;1154.48;0.07
2020;315;366;beauce_5_sa_034;orgeh;orgeH_tousSols_nonirr_organique;72.36;1.67;0.0;0.04;0.0;6.54;0.0;78.94;0.07
2020;1;208;beauce_5_sa_035;orgeh;orgeH_tousSols_nonirr_organique;2182.42;1.68;21.68;14.88;0.0;12.2;0.0;2231.18;0.07
2020;209;306;beauce_5_sa_035;solnu;;1472.33;1.67;28.39;8.17;0.0;5.14;0.0;1514.03;0.07
2020;307;366;beauce_5_sa_035;orgeh;orgeH_tousSols_nonirr_organique;128.81;1.66;0.22;0.03;0.0;7.17;0.0;136.23;0.07
2020;1;224;beauce_5_sa_036;orgeh;orgeH_tousSols_nonirr_organique;2494.07;1.68;24.85;17.04;0.0;12.34;0.0;2548.31;0.07
2020;225;307;beauce_5_sa_036;solnu;;1079.8;1.67;13.77;3.33;0.0;5.29;0.0;1102.17;0.07
2020;308;366;beauce_5_sa_036;orgeh;orgeH_tousSols_nonirr_organique;80.33;1.67;0.0;0.19;0.0;5.54;0.0;86.06;0.07
2020;1;178;beauce_5_sa_037;orgeh;orgeH_tousSols_nonirr_organique;1638.07;1.69;21.76;11.22;0.0;12.29;0.0;1683.35;0.07
2020;179;307;beauce_5_sa_037;solnu;;1953.52;1.67;32.55;11.46;0.0;5.68;0.0;2003.21;0.07
2020;308;366;beauce_5_sa_037;orgeh;orgeH_tousSols_nonirr_organique;116.8;1.67;0.0;0.03;0.0;7.92;0.0;124.75;0.07
2020;1;223;beauce_5_sa_038;orgeh;orgeH_tousSols_nonirr_organique;2477.42;1.68;24.84;16.94;0.0;12.28;0.0;2531.48;0.07
2020;224;306;beauce_5_sa_038;solnu;;1133.11;1.67;21.67;4.06;0.0;5.59;0.0;1164.43;0.07
2020;307;366;beauce_5_sa_038;orgeh;orgeH_tousSols_nonirr_organique;93.83;1.67;0.0;0.04;0.0;6.48;0.0;100.35;0.07
2020;1;222;beauce_5_sa_039;orgeh;orgeH_tousSols_nonirr_organique;2589.27;1.68;28.01;17.83;0.0;9.25;0.0;2644.35;0.07
2020;223;275;beauce_5_sa_039;solnu;;824.06;1.67;14.56;0.27;0.0;2.91;0.0;841.8;0.07
2020;276;366;beauce_5_sa_039;orgeh;orgeH_tousSols_nonirr_organique;157.99;1.67;0.0;2.19;0.0;5.67;0.0;165.85;0.07
2020;1;197;beauce_5_sa_040;orgeh;orgeH_tousSols_nonirr_organique;2105.61;1.68;13.89;14.39;0.0;8.91;0.0;2142.79;0.07
2020;198;277;beauce_5_sa_040;solnu;;1339.9;1.67;22.64;5.84;0.0;3.19;0.0;1371.57;0.07
2020;278;366;beauce_5_sa_040;orgeh;orgeH_tousSols_nonirr_organique;171.05;1.67;0.0;0.91;0.0;5.94;0.0;177.9;0.07
2020;1;225;beauce_5_sa_041;orgeh;orgeH_tousSols_nonirr_organique;2589.96;1.68;24.26;17.7;0.0;10.21;0.0;2642.12;0.07
2020;226;285;beauce_5_sa_041;solnu;;976.21;1.67;19.12;2.85;0.0;3.68;0.0;1001.87;0.07
2020;286;366;beauce_5_sa_041;orgeh;orgeH_tousSols_nonirr_organique;137.28;1.67;0.0;0.28;0.0;6.65;0.0;144.21;0.07
2020;1;194;beauce_5_sa_042;orgeh;orgeH_tousSols_nonirr_organique;1980.71;1.68;21.29;13.55;0.0;12.11;0.0;2027.67;0.07
2020;195;300;beauce_5_sa_042;solnu;;1465.97;1.67;10.87;6.14;0.0;5.02;0.0;1488.01;0.07
2020;301;366;beauce_5_sa_042;orgeh;orgeH_tousSols_nonirr_organique;104.63;1.67;0.0;0.28;0.0;5.25;0.0;110.16;0.07
2020;1;215;beauce_5_sa_043;orgeh;orgeH_tousSols_nonirr_organique;2492.04;1.68;11.73;17.11;0.0;6.78;0.0;2527.66;0.07
2020;216;269;beauce_5_sa_043;solnu;;966.2;1.67;34.0;2.0;0.0;2.35;0.0;1004.55;0.07
2020;270;366;beauce_5_sa_043;orgeh;orgeH_tousSols_nonirr_organique;193.05;1.67;0.0;2.23;0.0;7.69;0.0;202.98;0.07
2020;1;195;beauce_5_sa_044;orgeh;orgeH_tousSols_nonirr_organique;2156.31;1.68;5.56;14.78;0.0;5.98;0.0;2182.64;0.07
2020;196;262;beauce_5_sa_044;solnu;;1320.24;1.67;36.82;6.99;0.0;1.8;0.0;1365.85;0.07
2020;263;366;beauce_5_sa_044;orgeh;orgeH_tousSols_nonirr_organique;307.9;1.66;0.21;0.99;0.0;6.52;0.0;315.62;0.07
2020;1;207;beauce_5_sa_045;orgeh;orgeH_tousSols_nonirr_organique;2175.96;1.68;21.26;14.85;0.0;12.15;0.0;2224.23;0.07
2020;208;300;beauce_5_sa_045;solnu;;1444.99;1.67;29.78;8.2;0.0;5.14;0.0;1488.11;0.07
2020;301;366;beauce_5_sa_045;orgeh;orgeH_tousSols_nonirr_organique;173.36;1.66;0.89;0.15;0.0;7.19;0.0;181.6;0.07
2020;1;178;beauce_5_sa_046;orgeh;orgeH_tousSols_nonirr_organique;1650.08;1.69;18.19;11.31;0.0;10.88;0.0;1690.47;0.07
2020;179;290;beauce_5_sa_046;solnu;;1881.9;1.67;27.06;11.5;0.0;3.45;0.0;1923.91;0.07
2020;291;366;beauce_5_sa_046;orgeh;orgeH_tousSols_nonirr_organique;218.07;1.67;7.05;0.14;0.0;8.84;0.0;234.1;0.07
2020;1;214;beauce_5_sa_047;orgeh;orgeH_tousSols_nonirr_organique;2347.54;1.68;15.77;16.06;0.0;10.02;0.0;2389.4;0.07
2020;215;284;beauce_5_sa_047;solnu;;1241.6;1.67;32.32;6.36;0.0;3.34;0.0;1283.62;0.07
2020;285;366;beauce_5_sa_047;orgeh;orgeH_tousSols_nonirr_organique;223.16;1.66;2.74;0.21;0.0;8.11;0.0;234.22;0.07
2020;1;177;beauce_5_sa_048;orgeh;orgeH_tousSols_nonirr_organique;1647.09;1.69;16.12;11.25;0.0;10.04;0.0;1684.5;0.07
2020;178;283;beauce_5_sa_048;solnu;;1706.8;1.67;17.62;7.88;0.0;3.43;0.0;1735.73;0.07
2020;284;366;beauce_5_sa_048;orgeh;orgeH_tousSols_nonirr_organique;156.73;1.67;0.0;1.04;0.0;6.1;0.0;163.87;0.07
2020;1;225;beauce_5_sa_049;orgeh;orgeH_tousSols_nonirr_organique;2531.83;1.68;24.81;17.3;0.0;11.93;0.0;2585.87;0.07
2020;226;297;beauce_5_sa_049;solnu;;1076.23;1.67;25.06;3.91;0.0;5.86;0.0;1111.07;0.07
2020;298;366;beauce_5_sa_049;orgeh;orgeH_tousSols_nonirr_organique;121.34;1.67;0.0;0.05;0.0;6.54;0.0;127.93;0.07
2020;1;217;beauce_5_sa_050;orgeh;orgeH_tousSols_nonirr_organique;2547.96;1.68;10.69;17.49;0.0;6.38;0.0;2582.53;0.07
2020;218;268;beauce_5_sa_050;solnu;;1030.88;1.67;38.35;4.38;0.0;2.31;0.0;1075.91;0.07
2020;269;366;beauce_5_sa_050;orgeh;orgeH_tousSols_nonirr_organique;275.16;1.66;6.76;0.49;0.0;8.52;0.0;290.92;0.07
2020;1;193;beauce_5_sa_051;orgeh;orgeH_tousSols_nonirr_organique;1975.22;1.68;18.19;13.59;0.0;10.88;0.0;2017.89;0.07
2020;194;290;beauce_5_sa_051;solnu;;1587.26;1.67;27.48;9.26;0.0;3.42;0.0;1627.42;0.07
2020;291;366;beauce_5_sa_051;orgeh;orgeH_tousSols_nonirr_organique;210.82;1.66;6.9;0.17;0.0;8.71;0.0;226.6;0.07
2020;1;223;beauce_5_sa_052;orgeh;orgeH_tousSols_nonirr_organique;2496.8;1.68;24.93;17.07;0.0;11.95;0.0;2550.74;0.07
2020;224;297;beauce_5_sa_052;solnu;;1168.44;1.67;33.32;5.78;0.0;5.63;0.0;1213.17;0.07
2020;298;366;beauce_5_sa_052;orgeh;orgeH_tousSols_nonirr_organique;176.14;1.66;0.86;0.16;0.0;7.41;0.0;184.57;0.07
2020;1;190;beauce_5_sa_053;orgeh;orgeH_tousSols_nonirr_organique;1981.38;1.68;12.08;13.55;0.0;7.84;0.0;2014.86;0.07
2020;191;273;beauce_5_sa_053;solnu;;1273.52;1.67;17.99;3.05;0.0;3.05;0.0;1297.6;0.07
2020;274;366;beauce_5_sa_053;orgeh;orgeH_tousSols_nonirr_organique;180.15;1.67;1.22;3.88;0.0;5.75;0.0;191.01;0.07
2020;1;212;beauce_5_sa_054;orgeh;orgeH_tousSols_nonirr_organique;2241.48;1.68;21.66;15.35;0.0;12.3;0.0;2290.78;0.07
2020;213;304;beauce_5_sa_054;solnu;;1368.28;1.67;22.05;6.5;0.0;5.64;0.0;1402.47;0.07
2020;305;366;beauce_5_sa_054;orgeh;orgeH_tousSols_nonirr_organique;109.35;1.67;0.0;0.05;0.0;6.45;0.0;115.84;0.07
2020;1;205;beauce_5_sa_055;orgeh;orgeH_tousSols_nonirr_organique;2376.5;1.68;4.23;16.29;0.0;5.65;0.0;2402.67;0.07
2020;206;257;beauce_5_sa_055;solnu;;1117.86;1.67;42.27;5.19;0.0;1.84;0.0;1167.17;0.07
2020;258;366;beauce_5_sa_055;orgeh;orgeH_tousSols_nonirr_organique;323.39;1.66;0.0;1.54;0.0;6.69;0.0;331.61;0.07
2020;1;190;beauce_5_sa_056;orgeh;orgeH_tousSols_nonirr_organique;1941.86;1.68;15.77;13.28;0.0;10.02;0.0;1980.93;0.07
2020;191;284;beauce_5_sa_056;solnu;;1589.55;1.67;28.97;9.42;0.0;3.24;0.0;1631.17;0.07
2020;285;366;beauce_5_sa_056;orgeh;orgeH_tousSols_nonirr_organique;237.3;1.66;3.1;0.18;0.0;8.05;0.0;248.63;0.07
2020;1;203;beauce_5_sa_057;orgeh;orgeH_tousSols_nonirr_organique;2101.2;1.68;22.16;14.33;0.0;12.45;0.0;2150.14;0.07
2020;204;313;beauce_5_sa_057;solnu;;1514.66;1.67;20.71;7.74;0.0;5.47;0.0;1548.58;0.07
2020;314;366;beauce_5_sa_057;orgeh;orgeH_tousSols_nonirr_organique;86.8;1.67;0.0;0.02;0.0;6.68;0.0;93.51;0.07
2020;1;229;beauce_5_sa_058;orgeh;orgeH_tousSols_nonirr_organique;2652.77;1.68;26.09;18.18;0.0;11.33;0.0;2708.37;0.07
2020;230;292;beauce_5_sa_058;solnu;;1019.8;1.67;33.43;4.45;0.0;4.75;0.0;1062.43;0.07
2020;293;366;beauce_5_sa_058;orgeh;orgeH_tousSols_nonirr_organique;193.2;1.66;3.76;0.18;0.0;8.39;0.0;205.53;0.07
2020;1;187;beauce_5_sa_059;orgeh;orgeH_tousSols_nonirr_organique;1850.48;1.69;22.01;12.64;0.0;12.53;0.0;1897.66;0.07
2020;188;311;beauce_5_sa_059;solnu;;1809.42;1.67;28.36;11.19;0.0;5.2;0.0;1854.17;0.07
2020;312;366;beauce_5_sa_059;orgeh;orgeH_tousSols_nonirr_organique;142.48;1.66;1.77;0.1;0.0;7.26;0.0;151.62;0.07
2020;1;227;beauce_5_sa_060;orgeh;orgeH_tousSols_nonirr_organique;2783.62;1.68;37.05;19.13;0.0;9.59;0.0;2849.39;0.07
2020;228;269;beauce_5_sa_060;solnu;;712.9;1.67;18.26;0.31;0.0;1.58;0.0;733.05;0.07
2020;270;366;beauce_5_sa_060;orgeh;orgeH_tousSols_nonirr_organique;190.93;1.67;0.0;1.73;0.0;8.9;0.0;201.56;0.07
2020;1;210;beauce_5_sa_061;orgeh;orgeH_tousSols_nonirr_organique;2303.64;1.68;14.36;15.73;0.0;9.15;0.0;2342.87;0.07
2020;211;278;beauce_5_sa_061;solnu;;1226.95;1.67;26.86;5.34;0.0;3.26;0.0;1262.41;0.07
2020;279;366;beauce_5_sa_061;orgeh;orgeH_tousSols_nonirr_organique;171.08;1.67;0.0;0.32;0.0;6.63;0.0;178.03;0.07
2020;1;202;beauce_5_sa_062;orgeh;orgeH_tousSols_nonirr_organique;2165.23;1.68;14.37;14.77;0.0;9.36;0.0;2203.72;0.07
2020;203;280;beauce_5_sa_062;solnu;;1379.41;1.67;33.14;7.56;0.0;3.12;0.0;1423.22;0.07
2020;281;366;beauce_5_sa_062;orgeh;orgeH_tousSols_nonirr_organique;238.78;1.66;0.0;0.18;0.0;7.81;0.0;246.77;0.07
2020;1;203;beauce_5_sa_063;orgeh;orgeH_tousSols_nonirr_organique;2153.5;1.68;16.51;14.69;0.0;10.33;0.0;2195.03;0.07
2020;204;286;beauce_5_sa_063;solnu;;1416.67;1.67;29.14;7.89;0.0;3.27;0.0;1456.97;0.07
2020;287;366;beauce_5_sa_063;orgeh;orgeH_tousSols_nonirr_organique;217.89;1.66;4.17;0.14;0.0;8.17;0.0;230.38;0.07
2020;1;193;beauce_5_sa_064;orgeh;orgeH_tousSols_nonirr_organique;1946.83;1.68;21.85;13.39;0.0;12.32;0.0;1994.4;0.07
2020;194;309;beauce_5_sa_064;solnu;;1668.92;1.67;25.3;9.26;0.0;5.16;0.0;1708.63;0.07
2020;310;366;beauce_5_sa_064;orgeh;orgeH_tousSols_nonirr_organique;110.72;1.67;0.0;0.01;0.0;7.11;0.0;117.84;0.07
2020;1;214;beauce_5_sa_065;orgeh;orgeH_tousSols_nonirr_organique;2286.75;1.68;21.28;15.64;0.0;12.13;0.0;2335.8;0.07
2020;215;300;beauce_5_sa_065;solnu;;1304.19;1.67;24.16;5.94;0.0;5.81;0.0;1340.1;0.07
2020;301;366;beauce_5_sa_065;orgeh;orgeH_tousSols_nonirr_organique;118.81;1.67;0.0;0.05;0.0;6.39;0.0;125.25;0.07
2020;1;178;beauce_5_sa_066;orgeh;orgeH_tousSols_nonirr_organique;1641.27;1.69;21.06;11.25;0.0;12.0;0.0;1685.58;0.07
2020;179;299;beauce_5_sa_066;solnu;;1931.69;1.67;33.77;11.99;0.0;5.63;0.0;1983.07;0.07
2020;300;366;beauce_5_sa_066;orgeh;orgeH_tousSols_nonirr_organique;183.0;1.67;1.29;0.14;0.0;7.84;0.0;192.27;0.07
2020;1;182;beauce_5_sa_067;orgeh;orgeH_tousSols_nonirr_organique;1734.23;1.69;16.67;11.91;0.0;10.37;0.0;1773.17;0.07
2020;183;286;beauce_5_sa_067;solnu;;1687.18;1.67;16.02;8.49;0.0;3.31;0.0;1714.99;0.07
2020;287;366;beauce_5_sa_067;orgeh;orgeH_tousSols_nonirr_organique;142.49;1.67;0.0;0.53;0.0;6.1;0.0;149.12;0.07
2020;1;171;beauce_5_sa_068;orgeh;orgeH_tousSols_nonirr_organique;1471.15;1.69;18.84;10.23;0.0;11.13;0.0;1511.35;0.07
2020;172;291;beauce_5_sa_068;solnu;;2048.58;1.67;32.39;12.11;0.0;3.77;0.0;2096.85;0.07
2020;292;366;beauce_5_sa_068;orgeh;orgeH_tousSols_nonirr_organique;166.42;1.67;1.38;0.26;0.0;9.42;0.0;177.48;0.07
2020;1;183;beauce_5_sa_069;orgeh;orgeH_tousSols_nonirr_organique;1732.34;1.69;22.27;12.14;0.0;12.63;0.0;1779.38;0.07
2020;184;314;beauce_5_sa_069;solnu;;1938.31;1.67;31.83;11.82;0.0;5.46;0.0;1987.41;0.07
2020;315;366;beauce_5_sa_069;orgeh;orgeH_tousSols_nonirr_organique;135.65;1.66;1.97;0.11;0.0;7.68;0.0;145.4;0.07
2020;1;218;beauce_5_sa_070;orgeh;orgeH_tousSols_nonirr_organique;2400.64;1.68;19.17;16.47;0.0;11.33;0.0;2447.61;0.07
2020;219;292;beauce_5_sa_070;solnu;;1227.14;1.67;33.8;6.18;0.0;4.45;0.0;1271.57;0.07
2020;293;366;beauce_5_sa_070;orgeh;orgeH_tousSols_nonirr_organique;196.17;1.66;3.9;0.17;0.0;8.16;0.0;208.41;0.07
2020;1;171;beauce_5_sa_071;orgeh;orgeH_tousSols_nonirr_organique;1508.45;1.69;8.02;10.5;0.0;6.31;0.0;1533.28;0.07
2020;172;267;beauce_5_sa_071;solnu;;1852.33;1.67;27.36;11.31;0.0;1.36;0.0;1892.36;0.07
2020;268;366;beauce_5_sa_071;orgeh;orgeH_tousSols_nonirr_organique;315.93;1.67;6.68;0.49;0.0;7.14;0.0;330.23;0.07
2020;1;223;beauce_5_sa_072;orgeh;orgeH_tousSols_nonirr_organique;2569.92;1.68;24.39;17.57;0.0;9.76;0.0;2621.64;0.07
2020;224;282;beauce_5_sa_072;solnu;;1054.07;1.67;31.2;4.74;0.0;3.6;0.0;1093.63;0.07
2020;283;366;beauce_5_sa_072;orgeh;orgeH_tousSols_nonirr_organique;226.36;1.66;0.72;0.23;0.0;8.35;0.0;235.67;0.07
2020;1;171;beauce_5_sa_073;orgeh;orgeH_tousSols_nonirr_organique;1473.35;1.69;17.15;10.24;0.0;10.6;0.0;1511.35;0.07
2020;172;288;beauce_5_sa_073;solnu;;2044.99;1.67;32.64;12.63;0.0;3.54;0.0;2093.79;0.07
2020;289;366;beauce_5_sa_073;orgeh;orgeH_tousSols_nonirr_organique;227.25;1.67;6.37;0.13;0.0;9.09;0.0;242.85;0.07
2020;1;220;beauce_5_sa_074;orgeh;orgeH_tousSols_nonirr_organique;2503.26;1.68;14.74;17.08;0.0;9.48;0.0;2544.57;0.07
2020;221;281;beauce_5_sa_074;solnu;;1103.8;1.67;38.86;5.18;0.0;3.4;0.0;1151.25;0.07
2020;282;366;beauce_5_sa_074;orgeh;orgeH_tousSols_nonirr_organique;227.22;1.66;0.0;0.18;0.0;8.1;0.0;235.5;0.07
2020;1;213;beauce_5_sa_075;orgeh;orgeH_tousSols_nonirr_organique;2474.98;1.68;10.21;16.97;0.0;6.14;0.0;2508.3;0.07
2020;214;266;beauce_5_sa_075;solnu;;1085.96;1.67;39.23;4.9;0.0;2.26;0.0;1132.35;0.07
2020;267;366;beauce_5_sa_075;orgeh;orgeH_tousSols_nonirr_organique;284.22;1.66;4.98;0.48;0.0;8.14;0.0;297.82;0.07
2020;1;208;beauce_5_sa_076;orgeh;orgeH_tousSols_nonirr_organique;2339.02;1.68;10.07;15.97;0.0;6.93;0.0;2371.98;0.07
2020;209;270;beauce_5_sa_076;solnu;;1158.0;1.67;31.72;4.7;0.0;1.96;0.0;1196.37;0.07
2020;271;366;beauce_5_sa_076;orgeh;orgeH_tousSols_nonirr_organique;195.0;1.67;0.0;1.66;0.0;7.22;0.0;203.89;0.07
2020;1;182;beauce_5_sa_077;orgeh;orgeH_tousSols_nonirr_organique;1719.97;1.69;20.77;11.8;0.0;11.93;0.0;1764.47;0.07
2020;183;297;beauce_5_sa_077;solnu;;1809.22;1.67;23.41;10.08;0.0;5.82;0.0;1848.53;0.07
2020;298;366;beauce_5_sa_077;orgeh;orgeH_tousSols_nonirr_organique;142.94;1.67;0.0;0.04;0.0;6.59;0.0;149.57;0.07
2020;1;172;beauce_5_sa_078;orgeh;orgeH_tousSols_nonirr_organique;1510.45;1.69;17.72;10.5;0.0;10.72;0.0;1549.39;0.07
2020;173;289;beauce_5_sa_078;solnu;;1923.83;1.67;19.98;10.23;0.0;3.55;0.0;1957.59;0.07
2020;290;366;beauce_5_sa_078;orgeh;orgeH_tousSols_nonirr_organique;144.51;1.67;0.0;0.62;0.0;6.93;0.0;152.06;0.07
2020;1;195;beauce_5_sa_079;orgeh;orgeH_tousSols_nonirr_organique;2003.25;1.68;20.91;13.71;0.0;11.99;0.0;2049.86;0.07
2020;196;298;beauce_5_sa_079;solnu;;1591.23;1.67;30.16;9.45;0.0;5.25;0.0;1636.08;0.07
2020;299;366;beauce_5_sa_079;orgeh;orgeH_tousSols_nonirr_organique;182.75;1.66;0.91;0.14;0.0;7.26;0.0;191.06;0.07
2020;1;195;beauce_5_sa_080;orgeh;orgeH_tousSols_nonirr_organique;1990.95;1.68;21.92;13.62;0.0;12.42;0.0;2038.9;0.07
2020;196;310;beauce_5_sa_080;solnu;;1648.37;1.67;27.05;9.39;0.0;5.16;0.0;1689.97;0.07
2020;311;366;beauce_5_sa_080;orgeh;orgeH_tousSols_nonirr_organique;112.25;1.67;0.0;0.02;0.0;7.23;0.0;119.5;0.07
2020;1;208;beauce_5_sa_081;orgeh;orgeH_tousSols_nonirr_organique;2171.54;1.68;22.37;14.81;0.0;12.45;0.0;2221.18;0.07
2020;209;316;beauce_5_sa_081;solnu;;1527.01;1.67;28.5;8.54;0.0;5.25;0.0;1569.29;0.07
2020;317;366;beauce_5_sa_081;orgeh;orgeH_tousSols_nonirr_organique;97.23;1.66;0.03;0.04;0.0;7.24;0.0;104.53;0.07
2020;1;222;beauce_5_sa_082;orgeh;orgeH_tousSols_nonirr_organique;2495.06;1.68;23.57;17.19;0.0;10.72;0.0;2546.54;0.07
2020;223;289;beauce_5_sa_082;solnu;;1144.64;1.67;28.66;5.38;0.0;3.43;0.0;1182.1;0.07
2020;290;366;beauce_5_sa_082;orgeh;orgeH_tousSols_nonirr_organique;197.03;1.66;5.52;0.16;0.0;8.38;0.0;211.09;0.07
2020;1;199;beauce_5_sa_083;orgeh;orgeH_tousSols_nonirr_organique;2118.96;1.68;14.74;14.48;0.0;9.48;0.0;2157.66;0.07
2020;200;281;beauce_5_sa_083;solnu;;1422.36;1.67;32.78;7.95;0.0;3.16;0.0;1466.25;0.07
2020;282;366;beauce_5_sa_083;orgeh;orgeH_tousSols_nonirr_organique;240.92;1.66;0.0;0.17;0.0;7.85;0.0;248.94;0.07
2020;1;187;beauce_5_sa_084;orgeh;orgeH_tousSols_nonirr_organique;1879.57;1.69;16.85;12.85;0.0;10.45;0.0;1919.73;0.07
2020;188;287;beauce_5_sa_084;solnu;;1665.41;1.67;28.72;10.03;0.0;3.37;0.0;1707.53;0.07
2020;288;366;beauce_5_sa_084;orgeh;orgeH_tousSols_nonirr_organique;219.96;1.67;5.02;0.14;0.0;8.4;0.0;233.52;0.07
2020;1;231;beauce_5_sa_085;orgeh;orgeH_tousSols_nonirr_organique;2743.84;1.68;26.72;18.72;0.0;10.12;0.0;2799.4;0.07
2020;232;284;beauce_5_sa_085;solnu;;838.5;1.67;20.6;1.86;0.0;3.83;0.0;864.79;0.07
2020;285;366;beauce_5_sa_085;orgeh;orgeH_tousSols_nonirr_organique;138.57;1.67;0.0;0.28;0.0;6.85;0.0;145.7;0.07
2020;1;186;beauce_5_sa_086;orgeh;orgeH_tousSols_nonirr_organique;1968.17;1.68;5.18;13.48;0.0;5.97;0.0;1992.8;0.07
2020;187;260;beauce_5_sa_086;solnu;;1434.83;1.67;36.23;6.93;0.0;1.69;0.0;1479.68;0.07
2020;261;366;beauce_5_sa_086;orgeh;orgeH_tousSols_nonirr_organique;251.56;1.67;1.7;3.71;0.0;6.3;0.0;263.26;0.07
2020;1;182;beauce_5_sa_087;orgeh;orgeH_tousSols_nonirr_organique;1733.17;1.69;17.03;11.9;0.0;10.46;0.0;1772.55;0.07
2020;183;287;beauce_5_sa_087;solnu;;1614.15;1.67;16.09;6.53;0.0;3.45;0.0;1640.22;0.07
2020;288;366;beauce_5_sa_087;orgeh;orgeH_tousSols_nonirr_organique;133.58;1.67;0.0;1.24;0.0;6.17;0.0;140.99;0.07
2020;1;185;beauce_5_sa_088;orgeh;orgeH_tousSols_nonirr_organique;1858.37;1.69;15.1;12.72;0.0;9.71;0.0;1895.9;0.07
2020;186;282;beauce_5_sa_088;solnu;;1657.84;1.67;30.88;9.94;0.0;3.19;0.0;1701.84;0.07
2020;283;366;beauce_5_sa_088;orgeh;orgeH_tousSols_nonirr_organique;245.06;1.67;1.22;0.21;0.0;7.96;0.0;254.44;0.07
2020;1;175;beauce_5_sa_089;orgeh;orgeH_tousSols_nonirr_organique;1577.58;1.69;21.77;10.96;0.0;12.39;0.0;1622.71;0.07
2020;176;307;beauce_5_sa_089;solnu;;2051.16;1.67;35.82;12.77;0.0;5.87;0.0;2105.62;0.07
2020;308;366;beauce_5_sa_089;orgeh;orgeH_tousSols_nonirr_organique;155.38;1.66;2.48;0.12;0.0;8.13;0.0;166.11;0.07
2020;1;220;beauce_5_sa_090;orgeh;orgeH_tousSols_nonirr_organique;2696.76;1.68;13.4;18.41;0.0;5.97;0.0;2734.55;0.07
2020;221;261;beauce_5_sa_090;solnu;;882.48;1.67;47.1;3.27;0.0;2.43;0.0;935.29;0.07
2020;262;366;beauce_5_sa_090;orgeh;orgeH_tousSols_nonirr_organique;294.91;1.66;0.0;0.66;0.0;8.02;0.0;303.59;0.07
2020;1;181;beauce_5_sa_091;orgeh;orgeH_tousSols_nonirr_organique;1693.85;1.69;21.69;11.63;0.0;12.29;0.0;1739.47;0.07
2020;182;306;beauce_5_sa_091;solnu;;1892.6;1.67;29.04;10.9;0.0;5.47;0.0;1938.01;0.07
2020;307;366;beauce_5_sa_091;orgeh;orgeH_tousSols_nonirr_organique;119.81;1.67;0.0;0.02;0.0;7.47;0.0;127.3;0.07
2020;1;200;beauce_5_sa_092;orgeh;orgeH_tousSols_nonirr_organique;2083.39;1.68;20.79;14.24;0.0;11.92;0.0;2130.33;0.07
2020;201;297;beauce_5_sa_092;solnu;;1424.07;1.67;15.91;6.59;0.0;5.18;0.0;1451.75;0.07
2020;298;366;beauce_5_sa_092;orgeh;orgeH_tousSols_nonirr_organique;119.25;1.67;0.0;0.22;0.0;5.73;0.0;125.2;0.07
2020;1;200;beauce_5_sa_093;orgeh;orgeH_tousSols_nonirr_organique;2103.92;1.68;18.19;14.38;0.0;10.88;0.0;2147.39;0.07
2020;201;290;beauce_5_sa_093;solnu;;1473.71;1.67;27.99;8.38;0.0;3.42;0.0;1513.51;0.07
2020;291;366;beauce_5_sa_093;orgeh;orgeH_tousSols_nonirr_organique;208.4;1.66;6.84;0.17;0.0;8.7;0.0;224.11;0.07
2020;1;197;beauce_5_sa_094;orgeh;orgeH_tousSols_nonirr_organique;2079.9;1.68;15.83;14.21;0.0;10.0;0.0;2119.94;0.07
2020;198;283;beauce_5_sa_094;solnu;;1461.83;1.67;31.02;8.31;0.0;3.29;0.0;1504.45;0.07
2020;284;366;beauce_5_sa_094;orgeh;orgeH_tousSols_nonirr_organique;241.1;1.66;2.44;0.26;0.0;8.17;0.0;251.97;0.07
2020;1;171;beauce_5_sa_095;orgeh;orgeH_tousSols_nonirr_organique;1490.25;1.69;12.3;10.37;0.0;8.03;0.0;1520.94;0.07
2020;172;274;beauce_5_sa_095;solnu;;1911.45;1.67;26.85;11.13;0.0;2.82;0.0;1952.25;0.07
2020;275;366;beauce_5_sa_095;orgeh;orgeH_tousSols_nonirr_organique;209.64;1.67;0.0;0.98;0.0;6.18;0.0;216.8;0.07
2020;1;172;beauce_5_sa_096;orgeh;orgeH_tousSols_nonirr_organique;1500.54;1.69;22.16;10.43;0.0;12.49;0.0;1545.61;0.07
2020;173;313;beauce_5_sa_096;solnu;;2170.16;1.67;41.3;13.71;0.0;6.4;0.0;2231.57;0.07
2020;314;366;beauce_5_sa_096;orgeh;orgeH_tousSols_nonirr_organique;139.42;1.66;4.24;0.16;0.0;8.75;0.0;152.57;0.07
2020;1;204;beauce_5_sa_097;orgeh;orgeH_tousSols_nonirr_organique;2118.57;1.68;21.68;14.48;0.0;12.3;0.0;2167.03;0.07
2020;205;306;beauce_5_sa_097;solnu;;1530.0;1.67;27.99;8.93;0.0;5.12;0.0;1572.03;0.07
2020;307;366;beauce_5_sa_097;orgeh;orgeH_tousSols_nonirr_organique;156.25;1.66;1.81;0.13;0.0;7.16;0.0;165.35;0.07
2020;1;201;beauce_5_sa_098;orgeh;orgeH_tousSols_nonirr_organique;2082.12;1.68;22.1;14.19;0.0;12.56;0.0;2130.97;0.07
2020;202;312;beauce_5_sa_098;solnu;;1601.05;1.67;29.27;9.6;0.0;5.21;0.0;1645.14;0.07
2020;313;366;beauce_5_sa_098;orgeh;orgeH_tousSols_nonirr_organique;134.32;1.66;1.53;0.11;0.0;7.25;0.0;143.22;0.07
2020;1;225;beauce_5_sa_099;orgeh;orgeH_tousSols_nonirr_organique;2509.39;1.68;25.06;17.15;0.0;12.51;0.0;2564.11;0.07
2020;226;311;beauce_5_sa_099;solnu;;1184.64;1.67;27.15;5.05;0.0;5.54;0.0;1222.38;0.07
2020;312;366;beauce_5_sa_099;orgeh;orgeH_tousSols_nonirr_organique;94.44;1.66;0.0;0.03;0.0;7.02;0.0;101.49;0.07
2021;1;210;beauce_5_sa_000;orgeh;orgeH_tousSols_nonirr_organique;1135.47;1.66;0.72;20.06;0.0;17.36;0.0;1173.62;0.07
2021;211;293;beauce_5_sa_000;solnu;;821.53;1.65;10.23;3.09;0.0;3.48;0.0;838.33;0.07
2021;294;365;beauce_5_sa_000;orgeh;orgeH_tousSols_nonirr_organique;82.51;1.65;0.0;0.86;0.0;9.02;0.0;92.38;0.07
2021;1;216;beauce_5_sa_001;orgeh;orgeH_tousSols_nonirr_organique;1132.77;1.65;0.29;19.48;0.0;20.39;0.0;1172.93;0.07
2021;217;308;beauce_5_sa_001;solnu;;787.47;1.65;9.4;4.31;0.0;4.32;0.0;805.51;0.07
2021;309;365;beauce_5_sa_001;orgeh;orgeH_tousSols_nonirr_organique;64.26;1.64;0.0;0.2;0.0;8.55;0.0;73.02;0.07
2021;1;177;beauce_5_sa_002;orgeh;orgeH_tousSols_nonirr_organique;625.92;1.66;0.0;11.9;0.0;25.2;0.0;663.03;0.07
2021;178;315;beauce_5_sa_002;solnu;;1376.85;1.64;36.39;15.68;0.0;8.97;0.0;1437.89;0.07
2021;316;365;beauce_5_sa_002;orgeh;orgeH_tousSols_nonirr_organique;111.26;1.64;15.27;0.11;0.0;18.58;0.0;145.21;0.07
2021;1;207;beauce_5_sa_003;orgeh;orgeH_tousSols_nonirr_organique;908.03;1.65;0.15;15.69;0.0;23.25;0.0;947.11;0.07
2021;208;316;beauce_5_sa_003;solnu;;1010.29;1.64;27.3;10.11;0.0;6.01;0.0;1053.71;0.07
2021;317;365;beauce_5_sa_003;orgeh;orgeH_tousSols_nonirr_organique;88.86;1.64;8.11;0.15;0.0;13.03;0.0;110.16;0.07
2021;1;205;beauce_5_sa_004;orgeh;orgeH_tousSols_nonirr_organique;1217.03;1.66;5.96;18.54;0.0;14.4;0.0;1255.92;0.07
2021;206;273;beauce_5_sa_004;solnu;;728.73;1.65;8.84;1.16;0.0;2.78;0.0;741.51;0.07
2021;274;365;beauce_5_sa_004;orgeh;orgeH_tousSols_nonirr_organique;132.06;1.65;0.0;3.32;0.0;8.18;0.0;143.56;0.07
2021;1;179;beauce_5_sa_005;orgeh;orgeH_tousSols_nonirr_organique;621.63;1.66;0.0;11.86;0.0;21.64;0.0;655.13;0.07
2021;180;291;beauce_5_sa_005;solnu;;1180.3;1.65;11.83;12.73;0.0;4.6;0.0;1209.46;0.07
2021;292;365;beauce_5_sa_005;orgeh;orgeH_tousSols_nonirr_organique;170.56;1.64;10.17;1.2;0.0;13.1;0.0;195.02;0.07
2021;1;183;beauce_5_sa_006;orgeh;orgeH_tousSols_nonirr_organique;702.01;1.66;0.0;13.8;0.0;19.99;0.0;735.8;0.07
2021;184;303;beauce_5_sa_006;solnu;;1186.15;1.65;11.39;10.94;0.0;4.57;0.0;1213.06;0.07
2021;304;365;beauce_5_sa_006;orgeh;orgeH_tousSols_nonirr_organique;82.57;1.64;5.28;2.12;0.0;11.14;0.0;101.1;0.07
2021;1;192;beauce_5_sa_007;orgeh;orgeH_tousSols_nonirr_organique;752.54;1.66;0.0;13.43;0.0;23.18;0.0;789.15;0.07
2021;193;312;beauce_5_sa_007;solnu;;1140.32;1.64;20.35;12.42;0.0;4.59;0.0;1177.69;0.07
2021;313;365;beauce_5_sa_007;orgeh;orgeH_tousSols_nonirr_organique;105.66;1.64;13.46;0.15;0.0;13.88;0.0;133.15;0.07
2021;1;208;beauce_5_sa_008;orgeh;orgeH_tousSols_nonirr_organique;919.88;1.65;0.33;15.86;0.0;23.12;0.0;959.19;0.07
2021;209;314;beauce_5_sa_008;solnu;;985.93;1.64;26.51;9.7;0.0;6.0;0.0;1028.13;0.07
2021;315;365;beauce_5_sa_008;orgeh;orgeH_tousSols_nonirr_organique;95.2;1.64;7.5;0.19;0.0;12.73;0.0;115.62;0.07
2021;1;199;beauce_5_sa_009;orgeh;orgeH_tousSols_nonirr_organique;867.81;1.66;1.55;16.13;0.0;19.31;0.0;904.8;0.07
2021;200;281;beauce_5_sa_009;solnu;;930.48;1.65;12.99;8.46;0.0;3.34;0.0;955.28;0.07
2021;282;365;beauce_5_sa_009;orgeh;orgeH_tousSols_nonirr_organique;186.78;1.64;0.89;0.63;0.0;10.85;0.0;199.15;0.07
2021;1;180;beauce_5_sa_010;orgeh;orgeH_tousSols_nonirr_organique;739.75;1.66;0.0;15.55;0.0;14.16;0.0;769.47;0.07
2021;181;282;beauce_5_sa_010;solnu;;1125.41;1.65;11.42;9.51;0.0;2.93;0.0;1149.27;0.07
2021;283;365;beauce_5_sa_010;orgeh;orgeH_tousSols_nonirr_organique;141.03;1.65;0.0;2.66;0.0;9.66;0.0;153.35;0.07
2021;1;189;beauce_5_sa_011;orgeh;orgeH_tousSols_nonirr_organique;715.94;1.66;0.0;13.2;0.0;22.68;0.0;751.82;0.07
2021;190;300;beauce_5_sa_011;solnu;;1125.05;1.65;13.85;11.96;0.0;4.07;0.0;1154.92;0.07
2021;301;365;beauce_5_sa_011;orgeh;orgeH_tousSols_nonirr_organique;129.01;1.64;11.48;0.47;0.0;12.33;0.0;153.29;0.07
2021;1;190;beauce_5_sa_012;orgeh;orgeH_tousSols_nonirr_organique;962.33;1.66;10.87;17.93;0.0;13.57;0.0;1004.69;0.07
2021;191;262;beauce_5_sa_012;solnu;;902.54;1.65;17.59;5.78;0.0;3.14;0.0;929.06;0.07
2021;263;365;beauce_5_sa_012;orgeh;orgeH_tousSols_nonirr_organique;234.78;1.64;0.87;3.41;0.0;13.16;0.0;252.22;0.07
2021;1;188;beauce_5_sa_013;orgeh;orgeH_tousSols_nonirr_organique;782.87;1.66;2.78;15.46;0.0;18.18;0.0;819.29;0.07
2021;189;273;beauce_5_sa_013;solnu;;990.8;1.65;14.36;9.58;0.0;3.1;0.0;1017.85;0.07
2021;274;365;beauce_5_sa_013;orgeh;orgeH_tousSols_nonirr_organique;230.69;1.64;0.0;0.73;0.0;11.27;0.0;242.69;0.07
2021;1;184;beauce_5_sa_014;orgeh;orgeH_tousSols_nonirr_organique;687.18;1.66;0.0;13.11;0.0;22.33;0.0;722.61;0.07
2021;185;309;beauce_5_sa_014;solnu;;1197.84;1.65;14.72;11.51;0.0;4.67;0.0;1228.74;0.07
2021;310;365;beauce_5_sa_014;orgeh;orgeH_tousSols_nonirr_organique;73.67;1.64;6.84;1.4;0.0;11.28;0.0;93.19;0.07
2021;1;210;beauce_5_sa_015;orgeh;orgeH_tousSols_nonirr_organique;1172.18;1.65;8.47;21.28;0.0;14.54;0.0;1216.47;0.07
2021;211;267;beauce_5_sa_015;solnu;;710.97;1.65;17.85;3.05;0.0;3.26;0.0;735.13;0.07
2021;268;365;beauce_5_sa_015;orgeh;orgeH_tousSols_nonirr_organique;193.24;1.64;0.0;2.75;0.0;13.6;0.0;209.59;0.07
2021;1;202;beauce_5_sa_016;orgeh;orgeH_tousSols_nonirr_organique;1041.65;1.65;13.09;20.03;0.0;13.44;0.0;1088.21;0.07
2021;203;257;beauce_5_sa_016;solnu;;726.86;1.65;19.02;5.27;0.0;3.68;0.0;754.83;0.07
2021;258;365;beauce_5_sa_016;orgeh;orgeH_tousSols_nonirr_organique;310.52;1.64;0.0;2.09;0.0;14.87;0.0;327.48;0.07
2021;1;202;beauce_5_sa_017;orgeh;orgeH_tousSols_nonirr_organique;884.48;1.66;0.35;15.93;0.0;22.71;0.0;923.47;0.07
2021;203;299;beauce_5_sa_017;solnu;;1003.96;1.64;12.8;8.98;0.0;4.14;0.0;1029.88;0.07
2021;300;365;beauce_5_sa_017;orgeh;orgeH_tousSols_nonirr_organique;92.15;1.64;1.88;1.03;0.0;10.35;0.0;105.41;0.07
2021;1;181;beauce_5_sa_018;orgeh;orgeH_tousSols_nonirr_organique;813.91;1.66;1.63;16.31;0.0;12.8;0.0;844.66;0.07
2021;182;268;beauce_5_sa_018;solnu;;1062.02;1.65;17.1;8.75;0.0;2.94;0.0;1090.81;0.07
2021;269;365;beauce_5_sa_018;orgeh;orgeH_tousSols_nonirr_organique;202.24;1.64;0.36;3.25;0.0;11.46;0.0;217.31;0.07
2021;1;221;beauce_5_sa_019;orgeh;orgeH_tousSols_nonirr_organique;1268.01;1.65;3.82;22.36;0.0;16.17;0.0;1310.36;0.07
2021;222;285;beauce_5_sa_019;solnu;;665.68;1.65;12.41;2.58;0.0;2.79;0.0;683.46;0.07
2021;286;365;beauce_5_sa_019;orgeh;orgeH_tousSols_nonirr_organique;111.35;1.64;0.0;0.54;0.0;11.61;0.0;123.49;0.07
2021;1;193;beauce_5_sa_020;orgeh;orgeH_tousSols_nonirr_organique;982.84;1.66;1.7;17.22;0.0;15.66;0.0;1017.43;0.07
2021;194;278;beauce_5_sa_020;solnu;;923.57;1.65;11.04;4.73;0.0;2.65;0.0;941.98;0.07
2021;279;365;beauce_5_sa_020;orgeh;orgeH_tousSols_nonirr_organique;139.63;1.65;0.0;2.54;0.0;9.67;0.0;151.84;0.07
2021;1;223;beauce_5_sa_021;orgeh;orgeH_tousSols_nonirr_organique;1284.72;1.65;4.0;22.68;0.0;16.52;0.0;1327.92;0.07
2021;224;282;beauce_5_sa_021;solnu;;629.52;1.65;13.87;2.68;0.0;2.86;0.0;648.92;0.07
2021;283;365;beauce_5_sa_021;orgeh;orgeH_tousSols_nonirr_organique;127.4;1.64;0.0;0.58;0.0;12.5;0.0;140.47;0.07
2021;1;178;beauce_5_sa_022;orgeh;orgeH_tousSols_nonirr_organique;666.8;1.66;0.0;13.52;0.0;21.18;0.0;701.5;0.07
2021;179;306;beauce_5_sa_022;solnu;;1271.72;1.65;13.98;11.59;0.0;5.12;0.0;1302.4;0.07
2021;307;365;beauce_5_sa_022;orgeh;orgeH_tousSols_nonirr_organique;87.73;1.64;9.4;2.66;0.0;13.5;0.0;113.29;0.07
2021;1;200;beauce_5_sa_023;orgeh;orgeH_tousSols_nonirr_organique;831.2;1.66;0.08;14.72;0.0;23.18;0.0;869.19;0.07
2021;201;312;beauce_5_sa_023;solnu;;1069.13;1.64;19.81;11.2;0.0;4.64;0.0;1104.77;0.07
2021;313;365;beauce_5_sa_023;orgeh;orgeH_tousSols_nonirr_organique;101.58;1.64;12.06;0.15;0.0;13.35;0.0;127.14;0.07
2021;1;183;beauce_5_sa_024;orgeh;orgeH_tousSols_nonirr_organique;794.85;1.66;0.3;16.34;0.0;14.18;0.0;825.67;0.07
2021;184;279;beauce_5_sa_024;solnu;;1075.1;1.65;11.28;8.59;0.0;2.87;0.0;1097.85;0.07
2021;280;365;beauce_5_sa_024;orgeh;orgeH_tousSols_nonirr_organique;150.03;1.65;0.0;2.03;0.0;9.48;0.0;161.54;0.07
2021;1;225;beauce_5_sa_025;orgeh;orgeH_tousSols_nonirr_organique;1292.78;1.65;7.34;22.93;0.0;18.29;0.0;1341.33;0.07
2021;226;272;beauce_5_sa_025;solnu;;567.62;1.64;17.17;2.67;0.0;3.29;0.0;590.76;0.07
2021;273;365;beauce_5_sa_025;orgeh;orgeH_tousSols_nonirr_organique;185.41;1.64;0.0;0.93;0.0;14.99;0.0;201.33;0.07
2021;1;210;beauce_5_sa_026;orgeh;orgeH_tousSols_nonirr_organique;992.85;1.65;0.77;17.61;0.0;22.69;0.0;1033.93;0.07
2021;211;292;beauce_5_sa_026;solnu;;868.58;1.64;12.16;7.39;0.0;3.89;0.0;892.03;0.07
2021;293;365;beauce_5_sa_026;orgeh;orgeH_tousSols_nonirr_organique;142.53;1.64;5.79;0.96;0.0;11.6;0.0;160.88;0.07
2021;1;215;beauce_5_sa_027;orgeh;orgeH_tousSols_nonirr_organique;1380.26;1.65;12.67;21.32;0.0;15.97;0.0;1430.23;0.07
2021;216;265;beauce_5_sa_027;solnu;;579.38;1.65;18.59;0.6;0.0;3.72;0.0;602.29;0.07
2021;266;365;beauce_5_sa_027;orgeh;orgeH_tousSols_nonirr_organique;188.32;1.64;0.0;2.65;0.0;14.39;0.0;205.35;0.07
2021;1;211;beauce_5_sa_028;orgeh;orgeH_tousSols_nonirr_organique;1042.88;1.65;0.84;18.97;0.0;19.91;0.0;1082.6;0.07
2021;212;290;beauce_5_sa_028;solnu;;847.67;1.64;12.11;6.14;0.0;3.46;0.0;869.38;0.07
2021;291;365;beauce_5_sa_028;orgeh;orgeH_tousSols_nonirr_organique;104.96;1.64;0.71;1.93;0.0;10.79;0.0;118.39;0.07
2021;1;172;beauce_5_sa_029;orgeh;orgeH_tousSols_nonirr_organique;653.18;1.66;0.05;14.29;0.0;12.58;0.0;680.1;0.07
2021;173;276;beauce_5_sa_029;solnu;;1168.81;1.65;15.09;10.14;0.0;3.27;0.0;1197.31;0.07
2021;277;365;beauce_5_sa_029;orgeh;orgeH_tousSols_nonirr_organique;189.76;1.65;2.35;4.79;0.0;11.84;0.0;208.74;0.07
2021;1;206;beauce_5_sa_030;orgeh;orgeH_tousSols_nonirr_organique;960.13;1.66;0.24;17.42;0.0;20.06;0.0;997.85;0.07
2021;207;302;beauce_5_sa_030;solnu;;921.93;1.65;7.56;6.36;0.0;3.63;0.0;939.49;0.07
2021;303;365;beauce_5_sa_030;orgeh;orgeH_tousSols_nonirr_organique;70.75;1.65;0.0;0.56;0.0;8.32;0.0;79.63;0.07
2021;1;205;beauce_5_sa_031;orgeh;orgeH_tousSols_nonirr_organique;935.64;1.65;0.9;16.96;0.0;20.04;0.0;973.54;0.07
2021;206;282;beauce_5_sa_031;solnu;;869.11;1.65;12.47;7.44;0.0;3.35;0.0;892.37;0.07
2021;283;365;beauce_5_sa_031;orgeh;orgeH_tousSols_nonirr_organique;182.89;1.64;1.25;0.47;0.0;10.88;0.0;195.49;0.07
2021;1;191;beauce_5_sa_032;orgeh;orgeH_tousSols_nonirr_organique;916.06;1.66;0.31;17.29;0.0;15.78;0.0;949.44;0.07
2021;192;282;beauce_5_sa_032;solnu;;980.42;1.65;10.6;5.83;0.0;2.65;0.0;999.49;0.07
2021;283;365;beauce_5_sa_032;orgeh;orgeH_tousSols_nonirr_organique;126.41;1.65;0.0;1.95;0.0;9.23;0.0;137.6;0.07
2021;1;220;beauce_5_sa_033;orgeh;orgeH_tousSols_nonirr_organique;1171.6;1.65;5.74;20.39;0.0;19.5;0.0;1217.23;0.07
2021;221;277;beauce_5_sa_033;solnu;;651.76;1.64;14.37;4.17;0.0;3.48;0.0;673.79;0.07
2021;278;365;beauce_5_sa_033;orgeh;orgeH_tousSols_nonirr_organique;193.89;1.64;0.0;0.45;0.0;13.67;0.0;208.0;0.07
2021;1;225;beauce_5_sa_034;orgeh;orgeH_tousSols_nonirr_organique;1226.57;1.65;2.73;20.61;0.0;20.96;0.0;1270.87;0.07
2021;226;313;beauce_5_sa_034;solnu;;704.48;1.64;10.28;2.9;0.0;4.52;0.0;722.18;0.07
2021;314;365;beauce_5_sa_034;orgeh;orgeH_tousSols_nonirr_organique;48.36;1.64;0.0;0.2;0.0;10.06;0.0;58.61;0.07
2021;1;208;beauce_5_sa_035;orgeh;orgeH_tousSols_nonirr_organique;943.45;1.65;0.42;16.65;0.0;22.79;0.0;983.31;0.07
2021;209;305;beauce_5_sa_035;solnu;;952.16;1.64;13.55;8.47;0.0;4.14;0.0;978.33;0.07
2021;306;365;beauce_5_sa_035;orgeh;orgeH_tousSols_nonirr_organique;90.35;1.64;6.64;0.42;0.0;11.19;0.0;108.6;0.07
2021;1;224;beauce_5_sa_036;orgeh;orgeH_tousSols_nonirr_organique;1249.36;1.65;2.83;21.42;0.0;17.68;0.0;1291.29;0.07
2021;225;306;beauce_5_sa_036;solnu;;688.77;1.65;10.48;2.55;0.0;3.43;0.0;705.23;0.07
2021;307;365;beauce_5_sa_036;orgeh;orgeH_tousSols_nonirr_organique;62.84;1.64;0.0;0.25;0.0;10.0;0.0;73.09;0.07
2021;1;178;beauce_5_sa_037;orgeh;orgeH_tousSols_nonirr_organique;642.65;1.66;0.0;12.6;0.0;23.57;0.0;678.82;0.07
2021;179;306;beauce_5_sa_037;solnu;;1297.53;1.64;17.52;13.03;0.0;5.62;0.0;1333.7;0.07
2021;307;365;beauce_5_sa_037;orgeh;orgeH_tousSols_nonirr_organique;96.71;1.64;12.98;1.19;0.0;15.14;0.0;126.01;0.07
2021;1;223;beauce_5_sa_038;orgeh;orgeH_tousSols_nonirr_organique;1206.11;1.65;2.94;20.43;0.0;20.69;0.0;1250.17;0.07
2021;224;305;beauce_5_sa_038;solnu;;701.78;1.65;10.21;3.2;0.0;3.88;0.0;719.07;0.07
2021;306;365;beauce_5_sa_038;orgeh;orgeH_tousSols_nonirr_organique;66.98;1.64;0.0;0.26;0.0;10.69;0.0;77.93;0.07
2021;1;222;beauce_5_sa_039;orgeh;orgeH_tousSols_nonirr_organique;1390.03;1.65;7.17;22.17;0.0;14.63;0.0;1434.0;0.07
2021;223;274;beauce_5_sa_039;solnu;;546.82;1.65;14.36;0.33;0.0;2.83;0.0;564.33;0.07
2021;275;365;beauce_5_sa_039;orgeh;orgeH_tousSols_nonirr_organique;152.63;1.64;0.0;2.14;0.0;13.34;0.0;168.11;0.07
2021;1;197;beauce_5_sa_040;orgeh;orgeH_tousSols_nonirr_organique;969.11;1.66;2.33;18.81;0.0;14.69;0.0;1004.94;0.07
2021;198;276;beauce_5_sa_040;solnu;;903.35;1.65;13.67;5.83;0.0;2.65;0.0;925.5;0.07
2021;277;365;beauce_5_sa_040;orgeh;orgeH_tousSols_nonirr_organique;157.69;1.64;0.0;2.02;0.0;10.45;0.0;170.16;0.07
2021;1;225;beauce_5_sa_041;orgeh;orgeH_tousSols_nonirr_organique;1290.58;1.65;4.15;22.57;0.0;16.28;0.0;1333.57;0.07
2021;226;284;beauce_5_sa_041;solnu;;610.03;1.65;14.51;2.16;0.0;2.8;0.0;629.5;0.07
2021;285;365;beauce_5_sa_041;orgeh;orgeH_tousSols_nonirr_organique;118.85;1.64;0.0;0.61;0.0;12.66;0.0;132.12;0.07
2021;1;194;beauce_5_sa_042;orgeh;orgeH_tousSols_nonirr_organique;880.45;1.66;0.0;16.92;0.0;16.71;0.0;914.08;0.07
2021;195;299;beauce_5_sa_042;solnu;;1007.52;1.65;6.37;6.6;0.0;3.09;0.0;1023.59;0.07
2021;300;365;beauce_5_sa_042;orgeh;orgeH_tousSols_nonirr_organique;72.34;1.65;0.0;0.95;0.0;7.24;0.0;80.53;0.07
2021;1;215;beauce_5_sa_043;orgeh;orgeH_tousSols_nonirr_organique;1300.18;1.65;7.81;21.98;0.0;15.55;0.0;1345.51;0.07
2021;216;268;beauce_5_sa_043;solnu;;618.86;1.65;18.19;1.62;0.0;3.3;0.0;641.97;0.07
2021;269;365;beauce_5_sa_043;orgeh;orgeH_tousSols_nonirr_organique;183.35;1.64;0.0;2.07;0.0;13.78;0.0;199.2;0.07
2021;1;195;beauce_5_sa_044;orgeh;orgeH_tousSols_nonirr_organique;948.1;1.65;8.65;18.81;0.0;13.2;0.0;988.76;0.07
2021;196;261;beauce_5_sa_044;solnu;;839.83;1.65;17.69;6.95;0.0;2.94;0.0;867.42;0.07
2021;262;365;beauce_5_sa_044;orgeh;orgeH_tousSols_nonirr_organique;280.21;1.64;0.0;1.43;0.0;13.22;0.0;294.86;0.07
2021;1;207;beauce_5_sa_045;orgeh;orgeH_tousSols_nonirr_organique;931.1;1.65;0.38;16.47;0.0;22.9;0.0;970.85;0.07
2021;208;299;beauce_5_sa_045;solnu;;939.14;1.64;15.06;8.67;0.0;4.19;0.0;967.06;0.07
2021;300;365;beauce_5_sa_045;orgeh;orgeH_tousSols_nonirr_organique;123.24;1.64;8.62;0.51;0.0;12.21;0.0;144.57;0.07
2021;1;178;beauce_5_sa_046;orgeh;orgeH_tousSols_nonirr_organique;607.62;1.66;0.0;11.71;0.0;21.22;0.0;640.55;0.07
2021;179;289;beauce_5_sa_046;solnu;;1187.66;1.65;12.45;12.83;0.0;4.48;0.0;1217.42;0.07
2021;290;365;beauce_5_sa_046;orgeh;orgeH_tousSols_nonirr_organique;172.82;1.64;6.71;1.33;0.0;12.64;0.0;193.49;0.07
2021;1;214;beauce_5_sa_047;orgeh;orgeH_tousSols_nonirr_organique;1067.69;1.65;1.15;18.84;0.0;20.1;0.0;1107.77;0.07
2021;215;283;beauce_5_sa_047;solnu;;752.35;1.64;14.26;5.7;0.0;3.46;0.0;775.76;0.07
2021;284;365;beauce_5_sa_047;orgeh;orgeH_tousSols_nonirr_organique;171.15;1.64;1.73;0.44;0.0;11.85;0.0;185.17;0.07
2021;1;177;beauce_5_sa_048;orgeh;orgeH_tousSols_nonirr_organique;707.79;1.66;0.03;14.8;0.0;14.54;0.0;737.16;0.07
2021;178;282;beauce_5_sa_048;solnu;;1144.6;1.65;12.52;8.55;0.0;3.13;0.0;1168.8;0.07
2021;283;365;beauce_5_sa_048;orgeh;orgeH_tousSols_nonirr_organique;146.65;1.65;0.0;2.94;0.0;10.53;0.0;160.12;0.07
2021;1;225;beauce_5_sa_049;orgeh;orgeH_tousSols_nonirr_organique;1238.8;1.65;3.07;20.96;0.0;20.98;0.0;1283.8;0.07
2021;226;296;beauce_5_sa_049;solnu;;668.09;1.64;11.66;3.0;0.0;3.84;0.0;686.6;0.07
2021;297;365;beauce_5_sa_049;orgeh;orgeH_tousSols_nonirr_organique;89.65;1.64;0.0;0.23;0.0;11.47;0.0;101.34;0.07
2021;1;217;beauce_5_sa_050;orgeh;orgeH_tousSols_nonirr_organique;1178.74;1.65;7.39;21.56;0.0;17.1;0.0;1224.8;0.07
2021;218;267;beauce_5_sa_050;solnu;;618.17;1.64;19.01;3.7;0.0;3.35;0.0;644.23;0.07
2021;268;365;beauce_5_sa_050;orgeh;orgeH_tousSols_nonirr_organique;233.28;1.64;0.0;1.0;0.0;14.78;0.0;249.06;0.07
2021;1;193;beauce_5_sa_051;orgeh;orgeH_tousSols_nonirr_organique;800.38;1.66;0.03;14.55;0.0;22.21;0.0;837.17;0.07
2021;194;289;beauce_5_sa_051;solnu;;1020.46;1.65;9.78;10.16;0.0;3.5;0.0;1043.9;0.07
2021;290;365;beauce_5_sa_051;orgeh;orgeH_tousSols_nonirr_organique;153.6;1.64;4.38;0.8;0.0;10.29;0.0;169.07;0.07
2021;1;223;beauce_5_sa_052;orgeh;orgeH_tousSols_nonirr_organique;1169.45;1.65;3.15;19.68;0.0;23.6;0.0;1215.87;0.07
2021;224;296;beauce_5_sa_052;solnu;;720.64;1.64;16.35;5.42;0.0;4.27;0.0;746.69;0.07
2021;297;365;beauce_5_sa_052;orgeh;orgeH_tousSols_nonirr_organique;123.05;1.64;3.41;0.41;0.0;13.14;0.0;140.01;0.07
2021;1;190;beauce_5_sa_053;orgeh;orgeH_tousSols_nonirr_organique;986.39;1.66;4.64;16.51;0.0;15.42;0.0;1022.97;0.07
2021;191;272;beauce_5_sa_053;solnu;;918.86;1.65;13.15;3.88;0.0;2.92;0.0;938.82;0.07
2021;273;365;beauce_5_sa_053;orgeh;orgeH_tousSols_nonirr_organique;162.94;1.65;0.35;4.05;0.0;11.17;0.0;178.51;0.07
2021;1;212;beauce_5_sa_054;orgeh;orgeH_tousSols_nonirr_organique;1043.64;1.65;0.56;18.51;0.0;20.38;0.0;1083.1;0.07
2021;213;303;beauce_5_sa_054;solnu;;864.85;1.65;10.21;5.97;0.0;3.86;0.0;884.9;0.07
2021;304;365;beauce_5_sa_054;orgeh;orgeH_tousSols_nonirr_organique;67.41;1.64;0.0;0.73;0.0;9.37;0.0;77.51;0.07
2021;1;205;beauce_5_sa_055;orgeh;orgeH_tousSols_nonirr_organique;1101.07;1.65;15.06;20.42;0.0;13.65;0.0;1150.2;0.07
2021;206;256;beauce_5_sa_055;solnu;;680.71;1.65;19.21;4.39;0.0;3.88;0.0;708.19;0.07
2021;257;365;beauce_5_sa_055;orgeh;orgeH_tousSols_nonirr_organique;317.72;1.64;0.0;2.04;0.0;15.3;0.0;335.06;0.07
2021;1;190;beauce_5_sa_056;orgeh;orgeH_tousSols_nonirr_organique;757.12;1.66;0.24;14.41;0.0;19.96;0.0;791.73;0.07
2021;191;283;beauce_5_sa_056;solnu;;1027.41;1.65;11.51;10.36;0.0;3.26;0.0;1052.54;0.07
2021;284;365;beauce_5_sa_056;orgeh;orgeH_tousSols_nonirr_organique;185.42;1.64;2.49;0.61;0.0;10.34;0.0;198.86;0.07
2021;1;203;beauce_5_sa_057;orgeh;orgeH_tousSols_nonirr_organique;903.64;1.66;0.18;16.49;0.0;21.13;0.0;941.45;0.07
2021;204;312;beauce_5_sa_057;solnu;;1010.66;1.65;8.29;8.16;0.0;4.35;0.0;1031.46;0.07
2021;313;365;beauce_5_sa_057;orgeh;orgeH_tousSols_nonirr_organique;48.57;1.64;0.0;1.11;0.0;8.02;0.0;57.7;0.07
2021;1;229;beauce_5_sa_058;orgeh;orgeH_tousSols_nonirr_organique;1229.47;1.65;3.28;20.44;0.0;23.83;0.0;1277.02;0.07
2021;230;291;beauce_5_sa_058;solnu;;633.16;1.64;15.24;3.96;0.0;3.79;0.0;656.15;0.07
2021;292;365;beauce_5_sa_058;orgeh;orgeH_tousSols_nonirr_organique;142.59;1.64;4.52;0.4;0.0;14.42;0.0;161.92;0.07
2021;1;187;beauce_5_sa_059;orgeh;orgeH_tousSols_nonirr_organique;688.51;1.66;0.0;12.55;0.0;23.11;0.0;724.17;0.07
2021;188;310;beauce_5_sa_059;solnu;;1182.41;1.64;21.23;13.13;0.0;4.71;0.0;1221.48;0.07
2021;311;365;beauce_5_sa_059;orgeh;orgeH_tousSols_nonirr_organique;113.68;1.64;15.69;0.18;0.0;14.67;0.0;144.21;0.07
2021;1;227;beauce_5_sa_060;orgeh;orgeH_tousSols_nonirr_organique;1426.57;1.65;10.51;23.15;0.0;17.86;0.0;1478.09;0.07
2021;228;268;beauce_5_sa_060;solnu;;462.59;1.65;17.71;0.25;0.0;3.42;0.0;483.97;0.07
2021;269;365;beauce_5_sa_060;orgeh;orgeH_tousSols_nonirr_organique;184.59;1.64;0.0;2.27;0.0;15.94;0.0;202.8;0.07
2021;1;210;beauce_5_sa_061;orgeh;orgeH_tousSols_nonirr_organique;1100.58;1.65;3.38;20.86;0.0;15.66;0.0;1140.48;0.07
2021;211;277;beauce_5_sa_061;solnu;;794.39;1.65;15.37;4.97;0.0;2.98;0.0;817.7;0.07
2021;278;365;beauce_5_sa_061;orgeh;orgeH_tousSols_nonirr_organique;145.51;1.64;0.0;2.31;0.0;11.89;0.0;159.71;0.07
2021;1;202;beauce_5_sa_062;orgeh;orgeH_tousSols_nonirr_organique;905.52;1.66;2.25;16.79;0.0;18.74;0.0;943.3;0.07
2021;203;279;beauce_5_sa_062;solnu;;884.47;1.65;13.49;7.8;0.0;3.23;0.0;908.99;0.07
2021;280;365;beauce_5_sa_062;orgeh;orgeH_tousSols_nonirr_organique;198.85;1.64;0.0;0.48;0.0;11.04;0.0;210.38;0.07
2021;1;203;beauce_5_sa_063;orgeh;orgeH_tousSols_nonirr_organique;893.87;1.66;0.76;16.27;0.0;20.67;0.0;931.57;0.07
2021;204;285;beauce_5_sa_063;solnu;;911.0;1.65;11.76;8.24;0.0;3.44;0.0;934.44;0.07
2021;286;365;beauce_5_sa_063;orgeh;orgeH_tousSols_nonirr_organique;168.32;1.64;3.21;0.59;0.0;10.74;0.0;182.86;0.07
2021;1;193;beauce_5_sa_064;orgeh;orgeH_tousSols_nonirr_organique;783.45;1.66;0.0;14.25;0.0;22.53;0.0;820.23;0.07
2021;194;308;beauce_5_sa_064;solnu;;1090.79;1.65;11.13;10.2;0.0;4.44;0.0;1116.57;0.07
2021;309;365;beauce_5_sa_064;orgeh;orgeH_tousSols_nonirr_organique;69.77;1.64;0.58;1.16;0.0;8.92;0.0;80.42;0.07
2021;1;214;beauce_5_sa_065;orgeh;orgeH_tousSols_nonirr_organique;1094.71;1.65;0.64;19.24;0.0;20.3;0.0;1134.89;0.07
2021;215;299;beauce_5_sa_065;solnu;;816.87;1.65;10.92;5.17;0.0;3.88;0.0;836.84;0.07
2021;300;365;beauce_5_sa_065;orgeh;orgeH_tousSols_nonirr_organique;76.61;1.64;0.0;0.52;0.0;9.9;0.0;87.03;0.07
2021;1;178;beauce_5_sa_066;orgeh;orgeH_tousSols_nonirr_organique;626.0;1.66;0.0;12.18;0.0;23.39;0.0;661.57;0.07
2021;179;298;beauce_5_sa_066;solnu;;1265.12;1.64;19.2;13.96;0.0;5.5;0.0;1303.79;0.07
2021;299;365;beauce_5_sa_066;orgeh;orgeH_tousSols_nonirr_organique;151.52;1.64;17.13;0.61;0.0;16.43;0.0;185.69;0.07
2021;1;182;beauce_5_sa_067;orgeh;orgeH_tousSols_nonirr_organique;754.32;1.66;0.0;15.84;0.0;14.39;0.0;784.55;0.07
2021;183;285;beauce_5_sa_067;solnu;;1124.57;1.65;9.72;8.89;0.0;2.98;0.0;1146.16;0.07
2021;286;365;beauce_5_sa_067;orgeh;orgeH_tousSols_nonirr_organique;122.64;1.65;0.0;1.59;0.0;8.78;0.0;133.01;0.07
2021;1;171;beauce_5_sa_068;orgeh;orgeH_tousSols_nonirr_organique;613.47;1.66;0.0;12.96;0.0;19.8;0.0;646.23;0.07
2021;172;290;beauce_5_sa_068;solnu;;1316.21;1.65;15.77;13.52;0.0;5.62;0.0;1351.11;0.07
2021;291;365;beauce_5_sa_068;orgeh;orgeH_tousSols_nonirr_organique;151.21;1.64;6.8;2.1;0.0;14.88;0.0;175.0;0.07
2021;1;183;beauce_5_sa_069;orgeh;orgeH_tousSols_nonirr_organique;663.17;1.66;0.0;12.2;0.0;23.04;0.0;698.42;0.07
2021;184;313;beauce_5_sa_069;solnu;;1244.73;1.64;25.4;14.06;0.0;5.93;0.0;1290.12;0.07
2021;314;365;beauce_5_sa_069;orgeh;orgeH_tousSols_nonirr_organique;110.42;1.64;17.6;0.16;0.0;16.92;0.0;145.1;0.07
2021;1;218;beauce_5_sa_070;orgeh;orgeH_tousSols_nonirr_organique;1124.29;1.65;0.83;19.01;0.0;22.97;0.0;1167.1;0.07
2021;219;291;beauce_5_sa_070;solnu;;747.31;1.64;13.76;5.67;0.0;3.89;0.0;770.64;0.07
2021;292;365;beauce_5_sa_070;orgeh;orgeH_tousSols_nonirr_organique;141.89;1.64;4.85;0.53;0.0;12.55;0.0;159.82;0.07
2021;1;171;beauce_5_sa_071;orgeh;orgeH_tousSols_nonirr_organique;607.21;1.66;0.0;13.62;0.0;12.97;0.0;633.8;0.07
2021;172;266;beauce_5_sa_071;solnu;;1142.7;1.65;16.27;12.1;0.0;3.04;0.0;1174.11;0.07
2021;267;365;beauce_5_sa_071;orgeh;orgeH_tousSols_nonirr_organique;265.86;1.64;0.0;1.82;0.0;11.5;0.0;279.18;0.07
2021;1;223;beauce_5_sa_072;orgeh;orgeH_tousSols_nonirr_organique;1184.11;1.65;4.3;20.33;0.0;20.45;0.0;1229.19;0.07
2021;224;281;beauce_5_sa_072;solnu;;633.48;1.64;14.57;4.05;0.0;3.44;0.0;655.55;0.07
2021;282;365;beauce_5_sa_072;orgeh;orgeH_tousSols_nonirr_organique;180.83;1.64;0.15;0.39;0.0;13.56;0.0;194.93;0.07
2021;1;171;beauce_5_sa_073;orgeh;orgeH_tousSols_nonirr_organique;571.35;1.66;0.0;10.87;0.0;20.38;0.0;602.6;0.07
2021;172;287;beauce_5_sa_073;solnu;;1263.68;1.65;15.93;14.07;0.0;5.59;0.0;1299.27;0.07
2021;288;365;beauce_5_sa_073;orgeh;orgeH_tousSols_nonirr_organique;190.35;1.64;6.76;1.47;0.0;14.85;0.0;213.41;0.07
2021;1;220;beauce_5_sa_074;orgeh;orgeH_tousSols_nonirr_organique;1159.28;1.65;4.52;20.05;0.0;19.59;0.0;1203.44;0.07
2021;221;280;beauce_5_sa_074;solnu;;666.35;1.64;13.51;4.49;0.0;3.37;0.0;687.72;0.07
2021;281;365;beauce_5_sa_074;orgeh;orgeH_tousSols_nonirr_organique;188.29;1.64;0.0;0.34;0.0;12.93;0.0;201.56;0.07
2021;1;213;beauce_5_sa_075;orgeh;orgeH_tousSols_nonirr_organique;1158.37;1.65;8.53;21.5;0.0;16.36;0.0;1204.77;0.07
2021;214;265;beauce_5_sa_075;solnu;;658.13;1.64;18.96;4.21;0.0;3.41;0.0;684.71;0.07
2021;266;365;beauce_5_sa_075;orgeh;orgeH_tousSols_nonirr_organique;245.39;1.64;0.0;1.06;0.0;14.59;0.0;261.04;0.07
2021;1;208;beauce_5_sa_076;orgeh;orgeH_tousSols_nonirr_organique;1147.19;1.65;6.59;21.12;0.0;14.49;0.0;1189.39;0.07
2021;209;269;beauce_5_sa_076;solnu;;751.21;1.65;16.62;3.86;0.0;2.97;0.0;774.65;0.07
2021;270;365;beauce_5_sa_076;orgeh;orgeH_tousSols_nonirr_organique;180.14;1.64;0.0;2.35;0.0;12.59;0.0;195.08;0.07
2021;1;182;beauce_5_sa_077;orgeh;orgeH_tousSols_nonirr_organique;682.48;1.66;0.0;13.66;0.0;19.65;0.0;715.79;0.07
2021;183;296;beauce_5_sa_077;solnu;;1183.81;1.65;12.05;11.15;0.0;4.46;0.0;1211.48;0.07
2021;297;365;beauce_5_sa_077;orgeh;orgeH_tousSols_nonirr_organique;104.85;1.64;4.21;2.21;0.0;11.25;0.0;122.52;0.07
2021;1;172;beauce_5_sa_078;orgeh;orgeH_tousSols_nonirr_organique;648.42;1.66;0.0;14.16;0.0;15.46;0.0;678.03;0.07
2021;173;288;beauce_5_sa_078;solnu;;1271.48;1.65;14.61;11.53;0.0;4.32;0.0;1301.94;0.07
2021;289;365;beauce_5_sa_078;orgeh;orgeH_tousSols_nonirr_organique;136.63;1.64;2.02;4.12;0.0;12.63;0.0;155.4;0.07
2021;1;195;beauce_5_sa_079;orgeh;orgeH_tousSols_nonirr_organique;806.63;1.66;0.01;14.7;0.0;23.03;0.0;844.37;0.07
2021;196;297;beauce_5_sa_079;solnu;;1054.1;1.64;13.16;10.72;0.0;3.97;0.0;1081.95;0.07
2021;298;365;beauce_5_sa_079;orgeh;orgeH_tousSols_nonirr_organique;127.89;1.64;7.53;0.62;0.0;11.26;0.0;147.31;0.07
2021;1;195;beauce_5_sa_080;orgeh;orgeH_tousSols_nonirr_organique;797.4;1.66;0.0;14.43;0.0;22.89;0.0;834.72;0.07
2021;196;309;beauce_5_sa_080;solnu;;1095.89;1.64;13.37;10.46;0.0;4.53;0.0;1124.25;0.07
2021;310;365;beauce_5_sa_080;orgeh;orgeH_tousSols_nonirr_organique;68.03;1.64;1.98;0.59;0.0;9.17;0.0;79.77;0.07
2021;1;208;beauce_5_sa_081;orgeh;orgeH_tousSols_nonirr_organique;934.52;1.65;0.34;16.3;0.0;23.06;0.0;974.23;0.07
2021;209;315;beauce_5_sa_081;solnu;;994.84;1.64;21.41;8.87;0.0;6.0;0.0;1031.11;0.07
2021;316;365;beauce_5_sa_081;orgeh;orgeH_tousSols_nonirr_organique;57.2;1.64;1.64;0.19;0.0;9.92;0.0;68.96;0.07
2021;1;222;beauce_5_sa_082;orgeh;orgeH_tousSols_nonirr_organique;1157.42;1.65;3.5;19.69;0.0;21.43;0.0;1202.04;0.07
2021;223;288;beauce_5_sa_082;solnu;;694.83;1.64;12.91;4.76;0.0;3.56;0.0;716.06;0.07
2021;289;365;beauce_5_sa_082;orgeh;orgeH_tousSols_nonirr_organique;155.22;1.64;3.53;0.29;0.0;13.0;0.0;172.04;0.07
2021;1;199;beauce_5_sa_083;orgeh;orgeH_tousSols_nonirr_organique;871.17;1.66;1.51;16.29;0.0;18.98;0.0;907.95;0.07
2021;200;280;beauce_5_sa_083;solnu;;921.38;1.65;13.09;8.45;0.0;3.25;0.0;946.18;0.07
2021;281;365;beauce_5_sa_083;orgeh;orgeH_tousSols_nonirr_organique;197.19;1.64;0.14;0.48;0.0;10.73;0.0;208.54;0.07
2021;1;187;beauce_5_sa_084;orgeh;orgeH_tousSols_nonirr_organique;732.74;1.66;0.0;13.68;0.0;21.29;0.0;767.71;0.07
2021;188;286;beauce_5_sa_084;solnu;;1076.53;1.65;9.87;10.99;0.0;3.36;0.0;1100.75;0.07
2021;287;365;beauce_5_sa_084;orgeh;orgeH_tousSols_nonirr_organique;172.27;1.64;3.56;0.44;0.0;10.03;0.0;186.3;0.07
2021;1;231;beauce_5_sa_085;orgeh;orgeH_tousSols_nonirr_organique;1359.42;1.65;3.87;23.39;0.0;16.7;0.0;1403.39;0.07
2021;232;283;beauce_5_sa_085;solnu;;539.76;1.65;16.89;1.32;0.0;2.75;0.0;560.72;0.07
2021;284;365;beauce_5_sa_085;orgeh;orgeH_tousSols_nonirr_organique;126.24;1.64;0.0;0.37;0.0;13.8;0.0;140.41;0.07
2021;1;186;beauce_5_sa_086;orgeh;orgeH_tousSols_nonirr_organique;928.56;1.66;12.13;17.26;0.0;13.01;0.0;970.95;0.07
2021;187;259;beauce_5_sa_086;solnu;;940.51;1.65;17.77;6.9;0.0;3.28;0.0;968.47;0.07
2021;260;365;beauce_5_sa_086;orgeh;orgeH_tousSols_nonirr_organique;256.17;1.64;0.92;3.27;0.0;13.42;0.0;273.78;0.07
2021;1;182;beauce_5_sa_087;orgeh;orgeH_tousSols_nonirr_organique;786.41;1.66;0.04;15.59;0.0;15.01;0.0;817.06;0.07
2021;183;286;beauce_5_sa_087;solnu;;1097.67;1.65;9.75;7.03;0.0;3.13;0.0;1117.58;0.07
2021;287;365;beauce_5_sa_087;orgeh;orgeH_tousSols_nonirr_organique;115.81;1.65;0.0;1.97;0.0;9.02;0.0;126.8;0.07
2021;1;185;beauce_5_sa_088;orgeh;orgeH_tousSols_nonirr_organique;712.46;1.66;0.86;13.72;0.0;19.44;0.0;746.48;0.07
2021;186;281;beauce_5_sa_088;solnu;;1063.99;1.65;11.81;10.95;0.0;3.15;0.0;1089.89;0.07
2021;282;365;beauce_5_sa_088;orgeh;orgeH_tousSols_nonirr_organique;197.37;1.64;1.14;0.58;0.0;10.43;0.0;209.52;0.07
2021;1;175;beauce_5_sa_089;orgeh;orgeH_tousSols_nonirr_organique;602.24;1.66;0.0;11.79;0.0;22.72;0.0;636.75;0.07
2021;176;306;beauce_5_sa_089;solnu;;1337.54;1.64;21.28;15.17;0.0;6.96;0.0;1380.95;0.07
2021;307;365;beauce_5_sa_089;orgeh;orgeH_tousSols_nonirr_organique;145.08;1.64;25.88;0.35;0.0;19.55;0.0;190.86;0.07
2021;1;220;beauce_5_sa_090;orgeh;orgeH_tousSols_nonirr_organique;1274.03;1.65;13.96;23.03;0.0;16.37;0.0;1327.39;0.07
2021;221;260;beauce_5_sa_090;solnu;;525.8;1.64;17.37;2.54;0.0;3.77;0.0;549.48;0.07
2021;261;365;beauce_5_sa_090;orgeh;orgeH_tousSols_nonirr_organique;281.53;1.64;0.0;1.04;0.0;17.03;0.0;299.6;0.07
2021;1;181;beauce_5_sa_091;orgeh;orgeH_tousSols_nonirr_organique;668.98;1.66;0.0;12.81;0.0;22.24;0.0;704.03;0.07
2021;182;305;beauce_5_sa_091;solnu;;1238.97;1.65;16.11;12.44;0.0;5.21;0.0;1272.72;0.07
2021;306;365;beauce_5_sa_091;orgeh;orgeH_tousSols_nonirr_organique;94.52;1.64;11.08;1.24;0.0;13.88;0.0;120.72;0.07
2021;1;200;beauce_5_sa_092;orgeh;orgeH_tousSols_nonirr_organique;926.38;1.66;0.31;17.44;0.0;18.21;0.0;962.34;0.07
2021;201;296;beauce_5_sa_092;solnu;;972.32;1.65;8.3;7.02;0.0;3.36;0.0;991.0;0.07
2021;297;365;beauce_5_sa_092;orgeh;orgeH_tousSols_nonirr_organique;87.86;1.65;0.0;0.58;0.0;8.28;0.0;96.71;0.07
2021;1;200;beauce_5_sa_093;orgeh;orgeH_tousSols_nonirr_organique;870.54;1.66;0.51;15.65;0.0;22.2;0.0;908.89;0.07
2021;201;289;beauce_5_sa_093;solnu;;963.28;1.65;11.01;9.05;0.0;3.7;0.0;987.04;0.07
2021;290;365;beauce_5_sa_093;orgeh;orgeH_tousSols_nonirr_organique;151.55;1.64;4.39;0.77;0.0;10.82;0.0;167.53;0.07
2021;1;197;beauce_5_sa_094;orgeh;orgeH_tousSols_nonirr_organique;844.0;1.66;0.53;15.53;0.0;20.09;0.0;880.15;0.07
2021;198;282;beauce_5_sa_094;solnu;;949.08;1.65;12.36;8.98;0.0;3.37;0.0;973.78;0.07
2021;283;365;beauce_5_sa_094;orgeh;orgeH_tousSols_nonirr_organique;184.39;1.64;1.5;0.62;0.0;10.71;0.0;197.22;0.07
2021;1;171;beauce_5_sa_095;orgeh;orgeH_tousSols_nonirr_organique;642.45;1.66;0.05;14.32;0.0;13.49;0.0;670.31;0.07
2021;172;273;beauce_5_sa_095;solnu;;1212.45;1.65;15.21;11.83;0.0;3.45;0.0;1242.95;0.07
2021;274;365;beauce_5_sa_095;orgeh;orgeH_tousSols_nonirr_organique;205.25;1.64;0.26;3.23;0.0;11.76;0.0;220.5;0.07
2021;1;172;beauce_5_sa_096;orgeh;orgeH_tousSols_nonirr_organique;604.3;1.66;0.0;12.11;0.0;24.62;0.0;641.03;0.07
2021;173;312;beauce_5_sa_096;solnu;;1428.94;1.64;30.62;16.07;0.0;8.56;0.0;1484.19;0.07
2021;313;365;beauce_5_sa_096;orgeh;orgeH_tousSols_nonirr_organique;124.29;1.64;21.31;0.15;0.0;21.24;0.0;166.99;0.07
2021;1;204;beauce_5_sa_097;orgeh;orgeH_tousSols_nonirr_organique;877.08;1.66;0.21;15.49;0.0;22.78;0.0;915.56;0.07
2021;205;305;beauce_5_sa_097;solnu;;993.32;1.64;13.2;9.73;0.0;4.1;0.0;1020.35;0.07
2021;306;365;beauce_5_sa_097;orgeh;orgeH_tousSols_nonirr_organique;111.95;1.64;11.93;0.28;0.0;12.01;0.0;136.17;0.07
2021;1;201;beauce_5_sa_098;orgeh;orgeH_tousSols_nonirr_organique;842.76;1.66;0.14;14.93;0.0;23.05;0.0;880.87;0.07
2021;202;311;beauce_5_sa_098;solnu;;1055.75;1.64;19.15;10.9;0.0;4.57;0.0;1090.37;0.07
2021;312;365;beauce_5_sa_098;orgeh;orgeH_tousSols_nonirr_organique;102.72;1.64;11.61;0.16;0.0;12.92;0.0;127.41;0.07
2021;1;225;beauce_5_sa_099;orgeh;orgeH_tousSols_nonirr_organique;1189.05;1.65;2.75;19.91;0.0;22.47;0.0;1234.17;0.07
2021;226;310;beauce_5_sa_099;solnu;;733.32;1.64;12.66;4.35;0.0;4.76;0.0;755.09;0.07
2021;311;365;beauce_5_sa_099;orgeh;orgeH_tousSols_nonirr_organique;57.4;1.64;0.0;0.19;0.0;10.66;0.0;68.25;0.07
