annee;date;parcelle;exploitation;culture;ITK;OT;nom;temps[h];profondeur[cm];RECOLTE_rendement[t/ha];RECOLTE_risqueEchaudage[%];RECOLTE_impactGel[%];IRRIGATION_dose[mm];IRRIGATION_reelle[mm];FERTI_produit;FERTI_nature;FERTI_annulee;FERTI_doseBrute[kg/ha];FERTI_apportNminTheorique[kg/ha];FERTI_apportNminReel[kg/ha];FERTI_apportNorg_labile[kg/ha];FERTI_apportNorg_recalcitrant[kg/ha];BIOMASSE_export[t/ha];BIOMASSE_aer_restit[t/ha];BIOMASSE_rac_restit[t/ha];N_export[kg/ha];C_export[kg/ha];id_lot;nb_ugb;duree_pature[j];herbe_consommee[kg];recolte_forcee_raison;semis_force_raison;FAUCHE_hauteurCoupe[cm]
2019;289;beauce_5_sa_000;organique_beauce_5;BTH;;SEMIS;semis;0.0;2.4;;;;;;;;;;;;;;;;;;;;;;;;;
2019;283;beauce_5_sa_001;organique_beauce_5;BTH;;SEMIS;semis;0.0;3.4;;;;;;;;;;;;;;;;;;;;;;;;;
2019;337;beauce_5_sa_001;organique_beauce_5;BTH;;FERTI;;0.0;0.0;;;;;;AN;mineral;N;;16.5;16.5;0.0;0.0;;;;;;;;;;;;
2019;255;beauce_5_sa_001;organique_beauce_5;BTH;;TRAVAIL_SOL;travail_sol_1;0.0;3.1;;;;;;;;;;;;;;;;;;;;;;;;;
2019;299;beauce_5_sa_002;organique_beauce_5;BTH;;SEMIS;semis;0.0;3.6;;;;;;;;;;;;;;;;;;;;;;;;;
2019;260;beauce_5_sa_002;organique_beauce_5;BTH;;TRAVAIL_SOL;travail_sol_1;0.0;5.0;;;;;;;;;;;;;;;;;;;;;;;;;
2019;266;beauce_5_sa_003;organique_beauce_5;BTH;;SEMIS;semis;0.0;2.5;;;;;;;;;;;;;;;;;;;;;;;;;
2019;233;beauce_5_sa_003;organique_beauce_5;BTH;;TRAVAIL_SOL;travail_sol_1;0.0;23.9;;;;;;;;;;;;;;;;;;;;;;;;;
2019;257;beauce_5_sa_004;organique_beauce_5;BTH;;SEMIS;semis;0.0;3.0;;;;;;;;;;;;;;;;;;;;;;;;;
2019;262;beauce_5_sa_005;organique_beauce_5;BTH;;SEMIS;semis;0.0;1.8;;;;;;;;;;;;;;;;;;;;;;;;;
2019;219;beauce_5_sa_005;organique_beauce_5;BTH;;TRAVAIL_SOL;travail_sol_1;0.0;20.4;;;;;;;;;;;;;;;;;;;;;;;;;
2019;289;beauce_5_sa_006;organique_beauce_5;BTH;;SEMIS;semis;0.0;2.4;;;;;;;;;;;;;;;;;;;;;;;;;
2019;267;beauce_5_sa_006;organique_beauce_5;BTH;;TRAVAIL_SOL;une_reprise;0.0;13.7;;;;;;;;;;;;;;;;;;;;;;;;;
2019;297;beauce_5_sa_007;organique_beauce_5;BTH;;SEMIS;semis;0.0;1.1;;;;;;;;;;;;;;;;;;;;;;;;;
2019;270;beauce_5_sa_007;organique_beauce_5;BTH;;TRAVAIL_SOL;une_reprise;0.0;10.3;;;;;;;;;;;;;;;;;;;;;;;;;
2019;263;beauce_5_sa_008;organique_beauce_5;BTH;;SEMIS;semis;0.0;2.4;;;;;;;;;;;;;;;;;;;;;;;;;
2019;233;beauce_5_sa_008;organique_beauce_5;BTH;;TRAVAIL_SOL;travail_sol_1;0.0;4.4;;;;;;;;;;;;;;;;;;;;;;;;;
2019;301;beauce_5_sa_009;organique_beauce_5;BTH;;SEMIS;semis;0.0;1.2;;;;;;;;;;;;;;;;;;;;;;;;;
2019;307;beauce_5_sa_010;organique_beauce_5;BTH;;SEMIS;semis;0.0;1.5;;;;;;;;;;;;;;;;;;;;;;;;;
2019;296;beauce_5_sa_010;organique_beauce_5;BTH;;TRAVAIL_SOL;travail_sol_1;0.0;11.1;;;;;;;;;;;;;;;;;;;;;;;;;
2019;265;beauce_5_sa_011;organique_beauce_5;BTH;;SEMIS;semis;0.0;3.9;;;;;;;;;;;;;;;;;;;;;;;;;
2019;307;beauce_5_sa_012;organique_beauce_5;BTH;;SEMIS;semis;0.0;2.2;;;;;;;;;;;;;;;;;;;;;;;;;
2019;271;beauce_5_sa_013;organique_beauce_5;BTH;;SEMIS;semis;0.0;3.8;;;;;;;;;;;;;;;;;;;;;;;;;
2019;309;beauce_5_sa_014;organique_beauce_5;BTH;;SEMIS;semis;0.0;1.8;;;;;;;;;;;;;;;;;;;;;;;;;
2019;264;beauce_5_sa_015;organique_beauce_5;BTH;;SEMIS;semis;0.0;2.0;;;;;;;;;;;;;;;;;;;;;;;;;
2019;339;beauce_5_sa_015;organique_beauce_5;BTH;;FERTI;;0.0;0.0;;;;;;AN;mineral;N;;46.5;46.5;0.0;0.0;;;;;;;;;;;;
2019;310;beauce_5_sa_016;organique_beauce_5;BTH;;SEMIS;semis;0.0;2.3;;;;;;;;;;;;;;;;;;;;;;;;;
2019;266;beauce_5_sa_016;organique_beauce_5;BTH;;TRAVAIL_SOL;une_reprise;0.0;5.5;;;;;;;;;;;;;;;;;;;;;;;;;
2019;316;beauce_5_sa_017;organique_beauce_5;BTH;;SEMIS;semis;0.0;1.6;;;;;;;;;;;;;;;;;;;;;;;;;
2019;361;beauce_5_sa_017;organique_beauce_5;BTH;;FERTI;;0.0;0.0;;;;;;AN;mineral;N;;88.4;88.4;0.0;0.0;;;;;;;;;;;;
2019;310;beauce_5_sa_018;organique_beauce_5;BTH;;SEMIS;semis;0.0;3.6;;;;;;;;;;;;;;;;;;;;;;;;;
2019;298;beauce_5_sa_018;organique_beauce_5;BTH;;TRAVAIL_SOL;travail_sol_1;0.0;20.5;;;;;;;;;;;;;;;;;;;;;;;;;
2019;303;beauce_5_sa_019;organique_beauce_5;BTH;;SEMIS;semis;0.0;3.0;;;;;;;;;;;;;;;;;;;;;;;;;
2019;271;beauce_5_sa_020;organique_beauce_5;BTH;;SEMIS;semis;0.0;2.0;;;;;;;;;;;;;;;;;;;;;;;;;
2019;265;beauce_5_sa_021;organique_beauce_5;BTH;;SEMIS;semis;0.0;1.3;;;;;;;;;;;;;;;;;;;;;;;;;
2019;308;beauce_5_sa_022;organique_beauce_5;BTH;;SEMIS;semis;0.0;1.1;;;;;;;;;;;;;;;;;;;;;;;;;
2019;277;beauce_5_sa_022;organique_beauce_5;BTH;;TRAVAIL_SOL;travail_sol_1;0.0;8.9;;;;;;;;;;;;;;;;;;;;;;;;;
2019;307;beauce_5_sa_023;organique_beauce_5;BTH;;SEMIS;semis;0.0;3.9;;;;;;;;;;;;;;;;;;;;;;;;;
2019;359;beauce_5_sa_023;organique_beauce_5;BTH;;FERTI;;0.0;0.0;;;;;;AN;mineral;N;;31.8;31.8;0.0;0.0;;;;;;;;;;;;
2019;294;beauce_5_sa_023;organique_beauce_5;BTH;;TRAVAIL_SOL;une_reprise;0.0;13.6;;;;;;;;;;;;;;;;;;;;;;;;;
2019;285;beauce_5_sa_024;organique_beauce_5;BTH;;SEMIS;semis;0.0;1.2;;;;;;;;;;;;;;;;;;;;;;;;;
2019;356;beauce_5_sa_024;organique_beauce_5;BTH;;FERTI;;0.0;0.0;;;;;;AN;mineral;N;;89.4;89.4;0.0;0.0;;;;;;;;;;;;
2019;263;beauce_5_sa_025;organique_beauce_5;BTH;;SEMIS;semis;0.0;3.5;;;;;;;;;;;;;;;;;;;;;;;;;
2019;237;beauce_5_sa_025;organique_beauce_5;BTH;;TRAVAIL_SOL;une_reprise;0.0;24.7;;;;;;;;;;;;;;;;;;;;;;;;;
2019;278;beauce_5_sa_026;organique_beauce_5;BTH;;SEMIS;semis;0.0;1.4;;;;;;;;;;;;;;;;;;;;;;;;;
2019;272;beauce_5_sa_027;organique_beauce_5;BTH;;SEMIS;semis;0.0;2.4;;;;;;;;;;;;;;;;;;;;;;;;;
2019;263;beauce_5_sa_028;organique_beauce_5;BTH;;SEMIS;semis;0.0;3.2;;;;;;;;;;;;;;;;;;;;;;;;;
2019;315;beauce_5_sa_029;organique_beauce_5;BTH;;SEMIS;semis;0.0;3.3;;;;;;;;;;;;;;;;;;;;;;;;;
2019;309;beauce_5_sa_030;organique_beauce_5;BTH;;SEMIS;semis;0.0;1.8;;;;;;;;;;;;;;;;;;;;;;;;;
2019;284;beauce_5_sa_030;organique_beauce_5;BTH;;TRAVAIL_SOL;une_reprise;0.0;4.1;;;;;;;;;;;;;;;;;;;;;;;;;
2019;261;beauce_5_sa_031;organique_beauce_5;BTH;;SEMIS;semis;0.0;1.9;;;;;;;;;;;;;;;;;;;;;;;;;
2019;329;beauce_5_sa_031;organique_beauce_5;BTH;;FERTI;;0.0;0.0;;;;;;AN;mineral;N;;96.5;96.5;0.0;0.0;;;;;;;;;;;;
2019;219;beauce_5_sa_031;organique_beauce_5;BTH;;TRAVAIL_SOL;une_reprise;0.0;23.6;;;;;;;;;;;;;;;;;;;;;;;;;
2019;309;beauce_5_sa_032;organique_beauce_5;BTH;;SEMIS;semis;0.0;2.0;;;;;;;;;;;;;;;;;;;;;;;;;
2019;330;beauce_5_sa_032;organique_beauce_5;BTH;;FERTI;;0.0;0.0;;;;;;AN;mineral;N;;64.5;64.5;0.0;0.0;;;;;;;;;;;;
2019;279;beauce_5_sa_032;organique_beauce_5;BTH;;TRAVAIL_SOL;une_reprise;0.0;4.7;;;;;;;;;;;;;;;;;;;;;;;;;
2019;277;beauce_5_sa_033;organique_beauce_5;BTH;;SEMIS;semis;0.0;1.1;;;;;;;;;;;;;;;;;;;;;;;;;
2019;311;beauce_5_sa_034;organique_beauce_5;BTH;;SEMIS;semis;0.0;3.9;;;;;;;;;;;;;;;;;;;;;;;;;
2019;303;beauce_5_sa_034;organique_beauce_5;BTH;;TRAVAIL_SOL;une_reprise;0.0;14.2;;;;;;;;;;;;;;;;;;;;;;;;;
2019;311;beauce_5_sa_035;organique_beauce_5;BTH;;SEMIS;semis;0.0;3.0;;;;;;;;;;;;;;;;;;;;;;;;;
2019;293;beauce_5_sa_036;organique_beauce_5;BTH;;SEMIS;semis;0.0;3.2;;;;;;;;;;;;;;;;;;;;;;;;;
2019;333;beauce_5_sa_036;organique_beauce_5;BTH;;FERTI;;0.0;0.0;;;;;;AN;mineral;N;;84.3;84.3;0.0;0.0;;;;;;;;;;;;
2019;291;beauce_5_sa_037;organique_beauce_5;BTH;;SEMIS;semis;0.0;3.2;;;;;;;;;;;;;;;;;;;;;;;;;
2019;251;beauce_5_sa_037;organique_beauce_5;BTH;;TRAVAIL_SOL;travail_sol_1;0.0;5.8;;;;;;;;;;;;;;;;;;;;;;;;;
2019;294;beauce_5_sa_038;organique_beauce_5;BTH;;SEMIS;semis;0.0;1.3;;;;;;;;;;;;;;;;;;;;;;;;;
2019;285;beauce_5_sa_039;organique_beauce_5;BTH;;SEMIS;semis;0.0;1.7;;;;;;;;;;;;;;;;;;;;;;;;;
2019;255;beauce_5_sa_039;organique_beauce_5;BTH;;TRAVAIL_SOL;travail_sol_1;0.0;9.6;;;;;;;;;;;;;;;;;;;;;;;;;
2019;311;beauce_5_sa_040;organique_beauce_5;BTH;;SEMIS;semis;0.0;3.7;;;;;;;;;;;;;;;;;;;;;;;;;
2019;272;beauce_5_sa_040;organique_beauce_5;BTH;;TRAVAIL_SOL;travail_sol_1;0.0;21.5;;;;;;;;;;;;;;;;;;;;;;;;;
2019;307;beauce_5_sa_041;organique_beauce_5;BTH;;SEMIS;semis;0.0;3.6;;;;;;;;;;;;;;;;;;;;;;;;;
2019;289;beauce_5_sa_041;organique_beauce_5;BTH;;TRAVAIL_SOL;une_reprise;0.0;18.6;;;;;;;;;;;;;;;;;;;;;;;;;
2019;296;beauce_5_sa_042;organique_beauce_5;BTH;;SEMIS;semis;0.0;3.4;;;;;;;;;;;;;;;;;;;;;;;;;
2019;303;beauce_5_sa_043;organique_beauce_5;BTH;;SEMIS;semis;0.0;3.3;;;;;;;;;;;;;;;;;;;;;;;;;
2019;291;beauce_5_sa_043;organique_beauce_5;BTH;;TRAVAIL_SOL;une_reprise;0.0;22.1;;;;;;;;;;;;;;;;;;;;;;;;;
2019;291;beauce_5_sa_044;organique_beauce_5;BTH;;SEMIS;semis;0.0;1.6;;;;;;;;;;;;;;;;;;;;;;;;;
2019;326;beauce_5_sa_044;organique_beauce_5;BTH;;FERTI;;0.0;0.0;;;;;;AN;mineral;N;;85.3;85.3;0.0;0.0;;;;;;;;;;;;
2019;306;beauce_5_sa_045;organique_beauce_5;BTH;;SEMIS;semis;0.0;3.5;;;;;;;;;;;;;;;;;;;;;;;;;
2019;298;beauce_5_sa_045;organique_beauce_5;BTH;;TRAVAIL_SOL;travail_sol_1;0.0;15.8;;;;;;;;;;;;;;;;;;;;;;;;;
2019;271;beauce_5_sa_046;organique_beauce_5;BTH;;SEMIS;semis;0.0;3.1;;;;;;;;;;;;;;;;;;;;;;;;;
2019;298;beauce_5_sa_047;organique_beauce_5;BTH;;SEMIS;semis;0.0;1.4;;;;;;;;;;;;;;;;;;;;;;;;;
2019;263;beauce_5_sa_048;organique_beauce_5;BTH;;SEMIS;semis;0.0;2.6;;;;;;;;;;;;;;;;;;;;;;;;;
2019;307;beauce_5_sa_049;organique_beauce_5;BTH;;SEMIS;semis;0.0;3.7;;;;;;;;;;;;;;;;;;;;;;;;;
2019;290;beauce_5_sa_050;organique_beauce_5;BTH;;SEMIS;semis;0.0;3.7;;;;;;;;;;;;;;;;;;;;;;;;;
2019;269;beauce_5_sa_051;organique_beauce_5;BTH;;SEMIS;semis;0.0;2.0;;;;;;;;;;;;;;;;;;;;;;;;;
2019;259;beauce_5_sa_051;organique_beauce_5;BTH;;TRAVAIL_SOL;travail_sol_1;0.0;6.6;;;;;;;;;;;;;;;;;;;;;;;;;
2019;271;beauce_5_sa_052;organique_beauce_5;BTH;;SEMIS;semis;0.0;3.5;;;;;;;;;;;;;;;;;;;;;;;;;
2019;277;beauce_5_sa_053;organique_beauce_5;BTH;;SEMIS;semis;0.0;3.6;;;;;;;;;;;;;;;;;;;;;;;;;
2019;310;beauce_5_sa_054;organique_beauce_5;BTH;;SEMIS;semis;0.0;2.8;;;;;;;;;;;;;;;;;;;;;;;;;
2019;264;beauce_5_sa_055;organique_beauce_5;BTH;;SEMIS;semis;0.0;1.6;;;;;;;;;;;;;;;;;;;;;;;;;
2019;243;beauce_5_sa_055;organique_beauce_5;BTH;;TRAVAIL_SOL;une_reprise;0.0;21.1;;;;;;;;;;;;;;;;;;;;;;;;;
2019;312;beauce_5_sa_056;organique_beauce_5;BTH;;SEMIS;semis;0.0;2.3;;;;;;;;;;;;;;;;;;;;;;;;;
2019;275;beauce_5_sa_056;organique_beauce_5;BTH;;TRAVAIL_SOL;travail_sol_1;0.0;10.5;;;;;;;;;;;;;;;;;;;;;;;;;
2019;271;beauce_5_sa_057;organique_beauce_5;BTH;;SEMIS;semis;0.0;2.4;;;;;;;;;;;;;;;;;;;;;;;;;
2019;266;beauce_5_sa_057;organique_beauce_5;BTH;;TRAVAIL_SOL;travail_sol_1;0.0;6.9;;;;;;;;;;;;;;;;;;;;;;;;;
2019;279;beauce_5_sa_058;organique_beauce_5;BTH;;SEMIS;semis;0.0;1.1;;;;;;;;;;;;;;;;;;;;;;;;;
2019;266;beauce_5_sa_058;organique_beauce_5;BTH;;TRAVAIL_SOL;travail_sol_1;0.0;12.0;;;;;;;;;;;;;;;;;;;;;;;;;
2019;293;beauce_5_sa_059;organique_beauce_5;BTH;;SEMIS;semis;0.0;3.0;;;;;;;;;;;;;;;;;;;;;;;;;
2019;286;beauce_5_sa_060;organique_beauce_5;BTH;;SEMIS;semis;0.0;1.1;;;;;;;;;;;;;;;;;;;;;;;;;
2019;278;beauce_5_sa_060;organique_beauce_5;BTH;;TRAVAIL_SOL;travail_sol_1;0.0;16.8;;;;;;;;;;;;;;;;;;;;;;;;;
2019;258;beauce_5_sa_061;organique_beauce_5;BTH;;SEMIS;semis;0.0;1.6;;;;;;;;;;;;;;;;;;;;;;;;;
2019;240;beauce_5_sa_061;organique_beauce_5;BTH;;TRAVAIL_SOL;travail_sol_1;0.0;13.9;;;;;;;;;;;;;;;;;;;;;;;;;
2019;277;beauce_5_sa_062;organique_beauce_5;BTH;;SEMIS;semis;0.0;3.9;;;;;;;;;;;;;;;;;;;;;;;;;
2019;246;beauce_5_sa_062;organique_beauce_5;BTH;;TRAVAIL_SOL;travail_sol_1;0.0;9.7;;;;;;;;;;;;;;;;;;;;;;;;;
2019;298;beauce_5_sa_063;organique_beauce_5;BTH;;SEMIS;semis;0.0;3.1;;;;;;;;;;;;;;;;;;;;;;;;;
2019;277;beauce_5_sa_064;organique_beauce_5;BTH;;SEMIS;semis;0.0;1.4;;;;;;;;;;;;;;;;;;;;;;;;;
2019;238;beauce_5_sa_064;organique_beauce_5;BTH;;TRAVAIL_SOL;une_reprise;0.0;7.6;;;;;;;;;;;;;;;;;;;;;;;;;
2019;306;beauce_5_sa_065;organique_beauce_5;BTH;;SEMIS;semis;0.0;3.0;;;;;;;;;;;;;;;;;;;;;;;;;
2019;270;beauce_5_sa_065;organique_beauce_5;BTH;;TRAVAIL_SOL;une_reprise;0.0;17.7;;;;;;;;;;;;;;;;;;;;;;;;;
2019;283;beauce_5_sa_066;organique_beauce_5;BTH;;SEMIS;semis;0.0;1.6;;;;;;;;;;;;;;;;;;;;;;;;;
2019;264;beauce_5_sa_067;organique_beauce_5;BTH;;SEMIS;semis;0.0;2.4;;;;;;;;;;;;;;;;;;;;;;;;;
2019;307;beauce_5_sa_068;organique_beauce_5;BTH;;SEMIS;semis;0.0;3.3;;;;;;;;;;;;;;;;;;;;;;;;;
2019;309;beauce_5_sa_069;organique_beauce_5;BTH;;SEMIS;semis;0.0;1.4;;;;;;;;;;;;;;;;;;;;;;;;;
2019;297;beauce_5_sa_069;organique_beauce_5;BTH;;TRAVAIL_SOL;travail_sol_1;0.0;3.6;;;;;;;;;;;;;;;;;;;;;;;;;
2019;293;beauce_5_sa_070;organique_beauce_5;BTH;;SEMIS;semis;0.0;2.7;;;;;;;;;;;;;;;;;;;;;;;;;
2019;267;beauce_5_sa_071;organique_beauce_5;BTH;;SEMIS;semis;0.0;1.3;;;;;;;;;;;;;;;;;;;;;;;;;
2019;288;beauce_5_sa_072;organique_beauce_5;BTH;;SEMIS;semis;0.0;1.3;;;;;;;;;;;;;;;;;;;;;;;;;
2019;254;beauce_5_sa_072;organique_beauce_5;BTH;;TRAVAIL_SOL;travail_sol_1;0.0;21.6;;;;;;;;;;;;;;;;;;;;;;;;;
2019;318;beauce_5_sa_073;organique_beauce_5;BTH;;SEMIS;semis;0.0;3.1;;;;;;;;;;;;;;;;;;;;;;;;;
2019;339;beauce_5_sa_073;organique_beauce_5;BTH;;FERTI;;0.0;0.0;;;;;;AN;mineral;N;;55.3;55.3;0.0;0.0;;;;;;;;;;;;
2019;308;beauce_5_sa_073;organique_beauce_5;BTH;;TRAVAIL_SOL;une_reprise;0.0;12.7;;;;;;;;;;;;;;;;;;;;;;;;;
2019;272;beauce_5_sa_074;organique_beauce_5;BTH;;SEMIS;semis;0.0;1.0;;;;;;;;;;;;;;;;;;;;;;;;;
2019;257;beauce_5_sa_074;organique_beauce_5;BTH;;TRAVAIL_SOL;travail_sol_1;0.0;4.9;;;;;;;;;;;;;;;;;;;;;;;;;
2019;306;beauce_5_sa_075;organique_beauce_5;BTH;;SEMIS;semis;0.0;2.9;;;;;;;;;;;;;;;;;;;;;;;;;
2019;281;beauce_5_sa_076;organique_beauce_5;BTH;;SEMIS;semis;0.0;2.3;;;;;;;;;;;;;;;;;;;;;;;;;
2019;310;beauce_5_sa_077;organique_beauce_5;BTH;;SEMIS;semis;0.0;2.3;;;;;;;;;;;;;;;;;;;;;;;;;
2019;339;beauce_5_sa_077;organique_beauce_5;BTH;;FERTI;;0.0;0.0;;;;;;AN;mineral;N;;33.6;33.6;0.0;0.0;;;;;;;;;;;;
2019;274;beauce_5_sa_077;organique_beauce_5;BTH;;TRAVAIL_SOL;travail_sol_1;0.0;13.9;;;;;;;;;;;;;;;;;;;;;;;;;
2019;289;beauce_5_sa_078;organique_beauce_5;BTH;;SEMIS;semis;0.0;3.7;;;;;;;;;;;;;;;;;;;;;;;;;
2019;302;beauce_5_sa_079;organique_beauce_5;BTH;;SEMIS;semis;0.0;1.9;;;;;;;;;;;;;;;;;;;;;;;;;
2019;292;beauce_5_sa_079;organique_beauce_5;BTH;;TRAVAIL_SOL;une_reprise;0.0;15.6;;;;;;;;;;;;;;;;;;;;;;;;;
2019;262;beauce_5_sa_080;organique_beauce_5;BTH;;SEMIS;semis;0.0;1.0;;;;;;;;;;;;;;;;;;;;;;;;;
2019;258;beauce_5_sa_081;organique_beauce_5;BTH;;SEMIS;semis;0.0;1.1;;;;;;;;;;;;;;;;;;;;;;;;;
2019;248;beauce_5_sa_081;organique_beauce_5;BTH;;TRAVAIL_SOL;travail_sol_1;0.0;17.8;;;;;;;;;;;;;;;;;;;;;;;;;
2019;290;beauce_5_sa_082;organique_beauce_5;BTH;;SEMIS;semis;0.0;1.8;;;;;;;;;;;;;;;;;;;;;;;;;
2019;273;beauce_5_sa_082;organique_beauce_5;BTH;;TRAVAIL_SOL;une_reprise;0.0;13.0;;;;;;;;;;;;;;;;;;;;;;;;;
2019;273;beauce_5_sa_083;organique_beauce_5;BTH;;SEMIS;semis;0.0;2.1;;;;;;;;;;;;;;;;;;;;;;;;;
2019;303;beauce_5_sa_084;organique_beauce_5;BTH;;SEMIS;semis;0.0;1.7;;;;;;;;;;;;;;;;;;;;;;;;;
2019;286;beauce_5_sa_084;organique_beauce_5;BTH;;TRAVAIL_SOL;une_reprise;0.0;19.8;;;;;;;;;;;;;;;;;;;;;;;;;
2019;274;beauce_5_sa_085;organique_beauce_5;BTH;;SEMIS;semis;0.0;2.4;;;;;;;;;;;;;;;;;;;;;;;;;
2019;351;beauce_5_sa_085;organique_beauce_5;BTH;;FERTI;;0.0;0.0;;;;;;AN;mineral;N;;73.8;73.8;0.0;0.0;;;;;;;;;;;;
2019;287;beauce_5_sa_086;organique_beauce_5;BTH;;SEMIS;semis;0.0;3.7;;;;;;;;;;;;;;;;;;;;;;;;;
2019;334;beauce_5_sa_086;organique_beauce_5;BTH;;FERTI;;0.0;0.0;;;;;;AN;mineral;N;;99.6;99.6;0.0;0.0;;;;;;;;;;;;
2019;251;beauce_5_sa_086;organique_beauce_5;BTH;;TRAVAIL_SOL;travail_sol_1;0.0;1.2;;;;;;;;;;;;;;;;;;;;;;;;;
2019;295;beauce_5_sa_087;organique_beauce_5;BTH;;SEMIS;semis;0.0;1.3;;;;;;;;;;;;;;;;;;;;;;;;;
2019;302;beauce_5_sa_088;organique_beauce_5;BTH;;SEMIS;semis;0.0;3.6;;;;;;;;;;;;;;;;;;;;;;;;;
2019;328;beauce_5_sa_088;organique_beauce_5;BTH;;FERTI;;0.0;0.0;;;;;;AN;mineral;N;;47.0;47.0;0.0;0.0;;;;;;;;;;;;
2019;263;beauce_5_sa_088;organique_beauce_5;BTH;;TRAVAIL_SOL;une_reprise;0.0;8.2;;;;;;;;;;;;;;;;;;;;;;;;;
2019;284;beauce_5_sa_089;organique_beauce_5;BTH;;SEMIS;semis;0.0;2.4;;;;;;;;;;;;;;;;;;;;;;;;;
2019;257;beauce_5_sa_089;organique_beauce_5;BTH;;TRAVAIL_SOL;travail_sol_1;0.0;14.6;;;;;;;;;;;;;;;;;;;;;;;;;
2019;262;beauce_5_sa_090;organique_beauce_5;BTH;;SEMIS;semis;0.0;2.5;;;;;;;;;;;;;;;;;;;;;;;;;
2019;237;beauce_5_sa_090;organique_beauce_5;BTH;;TRAVAIL_SOL;une_reprise;0.0;9.5;;;;;;;;;;;;;;;;;;;;;;;;;
2019;259;beauce_5_sa_091;organique_beauce_5;BTH;;SEMIS;semis;0.0;1.6;;;;;;;;;;;;;;;;;;;;;;;;;
2019;327;beauce_5_sa_091;organique_beauce_5;BTH;;FERTI;;0.0;0.0;;;;;;AN;mineral;N;;63.1;63.1;0.0;0.0;;;;;;;;;;;;
2019;245;beauce_5_sa_091;organique_beauce_5;BTH;;TRAVAIL_SOL;une_reprise;0.0;24.0;;;;;;;;;;;;;;;;;;;;;;;;;
2019;268;beauce_5_sa_092;organique_beauce_5;BTH;;SEMIS;semis;0.0;2.1;;;;;;;;;;;;;;;;;;;;;;;;;
2019;271;beauce_5_sa_093;organique_beauce_5;BTH;;SEMIS;semis;0.0;1.5;;;;;;;;;;;;;;;;;;;;;;;;;
2019;324;beauce_5_sa_093;organique_beauce_5;BTH;;FERTI;;0.0;0.0;;;;;;AN;mineral;N;;97.6;97.6;0.0;0.0;;;;;;;;;;;;
2019;313;beauce_5_sa_094;organique_beauce_5;BTH;;SEMIS;semis;0.0;2.5;;;;;;;;;;;;;;;;;;;;;;;;;
2019;301;beauce_5_sa_094;organique_beauce_5;BTH;;TRAVAIL_SOL;travail_sol_1;0.0;19.0;;;;;;;;;;;;;;;;;;;;;;;;;
2019;285;beauce_5_sa_095;organique_beauce_5;BTH;;SEMIS;semis;0.0;2.4;;;;;;;;;;;;;;;;;;;;;;;;;
2019;334;beauce_5_sa_095;organique_beauce_5;BTH;;FERTI;;0.0;0.0;;;;;;AN;mineral;N;;78.1;78.1;0.0;0.0;;;;;;;;;;;;
2019;270;beauce_5_sa_095;organique_beauce_5;BTH;;TRAVAIL_SOL;une_reprise;0.0;11.5;;;;;;;;;;;;;;;;;;;;;;;;;
2019;304;beauce_5_sa_096;organique_beauce_5;BTH;;SEMIS;semis;0.0;1.5;;;;;;;;;;;;;;;;;;;;;;;;;
2019;275;beauce_5_sa_097;organique_beauce_5;BTH;;SEMIS;semis;0.0;1.6;;;;;;;;;;;;;;;;;;;;;;;;;
2019;234;beauce_5_sa_097;organique_beauce_5;BTH;;TRAVAIL_SOL;travail_sol_1;0.0;14.5;;;;;;;;;;;;;;;;;;;;;;;;;
2019;277;beauce_5_sa_098;organique_beauce_5;BTH;;SEMIS;semis;0.0;1.7;;;;;;;;;;;;;;;;;;;;;;;;;
2019;247;beauce_5_sa_098;organique_beauce_5;BTH;;TRAVAIL_SOL;travail_sol_1;0.0;10.2;;;;;;;;;;;;;;;;;;;;;;;;;
2019;294;beauce_5_sa_099;organique_beauce_5;BTH;;SEMIS;semis;0.0;3.8;;;;;;;;;;;;;;;;;;;;;;;;;
2020;170;beauce_5_sa_000;organique_beauce_5;BTH;;RECOLTE;;0.0;0.0;7.02;;;;;;;;;;;;;0.0;6.21;3.0;;;;;;;;;
2020;290;beauce_5_sa_000;organique_beauce_5;BTH;;SEMIS;semis;0.0;2.4;;;;;;;;;;;;;;;;;;;;;;;;;
2020;224;beauce_5_sa_001;organique_beauce_5;BTH;;RECOLTE;;0.0;0.0;9.0;;;;;;;;;;;;;0.0;7.96;3.0;;;;;;;;;
2020;284;beauce_5_sa_001;organique_beauce_5;BTH;;SEMIS;semis;0.0;3.4;;;;;;;;;;;;;;;;;;;;;;;;;
2020;59;beauce_5_sa_001;organique_beauce_5;BTH;;FERTI;;0.0;0.0;;;;;;AN;mineral;N;;66.1;66.1;0.0;0.0;;;;;;;;;;;;
2020;99;beauce_5_sa_001;organique_beauce_5;BTH;;FERTI;;0.0;0.0;;;;;;AN;mineral;N;;81.7;81.7;0.0;0.0;;;;;;;;;;;;
2020;338;beauce_5_sa_001;organique_beauce_5;BTH;;FERTI;;0.0;0.0;;;;;;AN;mineral;N;;16.5;16.5;0.0;0.0;;;;;;;;;;;;
2020;256;beauce_5_sa_001;organique_beauce_5;BTH;;TRAVAIL_SOL;travail_sol_1;0.0;3.1;;;;;;;;;;;;;;;;;;;;;;;;;
2020;197;beauce_5_sa_002;organique_beauce_5;BTH;;RECOLTE;;0.0;0.0;7.51;;;;;;;;;;;;;0.0;6.64;3.0;;;;;;;;;
2020;300;beauce_5_sa_002;organique_beauce_5;BTH;;SEMIS;semis;0.0;3.6;;;;;;;;;;;;;;;;;;;;;;;;;
2020;261;beauce_5_sa_002;organique_beauce_5;BTH;;TRAVAIL_SOL;travail_sol_1;0.0;5.0;;;;;;;;;;;;;;;;;;;;;;;;;
2020;198;beauce_5_sa_003;organique_beauce_5;BTH;;RECOLTE;;0.0;0.0;7.48;;;;;;;;;;;;;0.0;6.62;3.0;;;;;;;;;
2020;267;beauce_5_sa_003;organique_beauce_5;BTH;;SEMIS;semis;0.0;2.5;;;;;;;;;;;;;;;;;;;;;;;;;
2020;234;beauce_5_sa_003;organique_beauce_5;BTH;;TRAVAIL_SOL;travail_sol_1;0.0;23.9;;;;;;;;;;;;;;;;;;;;;;;;;
2020;209;beauce_5_sa_004;organique_beauce_5;BTH;;RECOLTE;;0.0;0.0;8.46;;;;;;;;;;;;;0.0;7.48;3.0;;;;;;;;;
2020;258;beauce_5_sa_004;organique_beauce_5;BTH;;SEMIS;semis;0.0;3.0;;;;;;;;;;;;;;;;;;;;;;;;;
2020;53;beauce_5_sa_004;organique_beauce_5;BTH;;FERTI;;0.0;0.0;;;;;;AN;mineral;N;;15.6;15.6;0.0;0.0;;;;;;;;;;;;
2020;121;beauce_5_sa_004;organique_beauce_5;BTH;;FERTI;;0.0;0.0;;;;;;AN;mineral;N;;72.1;72.1;0.0;0.0;;;;;;;;;;;;
2020;181;beauce_5_sa_005;organique_beauce_5;BTH;;RECOLTE;;0.0;0.0;9.0;;;;;;;;;;;;;0.0;7.96;3.0;;;;;;;;;
2020;263;beauce_5_sa_005;organique_beauce_5;BTH;;SEMIS;semis;0.0;1.8;;;;;;;;;;;;;;;;;;;;;;;;;
2020;77;beauce_5_sa_005;organique_beauce_5;BTH;;FERTI;;0.0;0.0;;;;;;AN;mineral;N;;91.8;91.8;0.0;0.0;;;;;;;;;;;;
2020;84;beauce_5_sa_005;organique_beauce_5;BTH;;FERTI;;0.0;0.0;;;;;;AN;mineral;N;;93.7;93.7;0.0;0.0;;;;;;;;;;;;
2020;220;beauce_5_sa_005;organique_beauce_5;BTH;;TRAVAIL_SOL;travail_sol_1;0.0;20.4;;;;;;;;;;;;;;;;;;;;;;;;;
2020;207;beauce_5_sa_006;organique_beauce_5;BTH;;RECOLTE;;0.0;0.0;8.64;;;;;;;;;;;;;0.0;7.65;3.0;;;;;;;;;
2020;290;beauce_5_sa_006;organique_beauce_5;BTH;;SEMIS;semis;0.0;2.4;;;;;;;;;;;;;;;;;;;;;;;;;
2020;127;beauce_5_sa_006;organique_beauce_5;BTH;;FERTI;;0.0;0.0;;;;;;AN;mineral;N;;69.6;69.6;0.0;0.0;;;;;;;;;;;;
2020;128;beauce_5_sa_006;organique_beauce_5;BTH;;FERTI;;0.0;0.0;;;;;;AN;mineral;N;;24.6;24.6;0.0;0.0;;;;;;;;;;;;
2020;153;beauce_5_sa_006;organique_beauce_5;BTH;;FERTI;;0.0;0.0;;;;;;AN;mineral;N;;46.0;46.0;0.0;0.0;;;;;;;;;;;;
2020;268;beauce_5_sa_006;organique_beauce_5;BTH;;TRAVAIL_SOL;une_reprise;0.0;13.7;;;;;;;;;;;;;;;;;;;;;;;;;
2020;177;beauce_5_sa_007;organique_beauce_5;BTH;;RECOLTE;;0.0;0.0;7.41;;;;;;;;;;;;;0.0;6.55;3.0;;;;;;;;;
2020;298;beauce_5_sa_007;organique_beauce_5;BTH;;SEMIS;semis;0.0;1.1;;;;;;;;;;;;;;;;;;;;;;;;;
2020;163;beauce_5_sa_007;organique_beauce_5;BTH;;FERTI;;0.0;0.0;;;;;;AN;mineral;N;;86.4;86.4;0.0;0.0;;;;;;;;;;;;
2020;164;beauce_5_sa_007;organique_beauce_5;BTH;;FERTI;;0.0;0.0;;;;;;AN;mineral;N;;54.2;54.2;0.0;0.0;;;;;;;;;;;;
2020;271;beauce_5_sa_007;organique_beauce_5;BTH;;TRAVAIL_SOL;une_reprise;0.0;10.3;;;;;;;;;;;;;;;;;;;;;;;;;
2020;221;beauce_5_sa_008;organique_beauce_5;BTH;;RECOLTE;;0.0;0.0;7.43;;;;;;;;;;;;;0.0;6.57;3.0;;;;;;;;;
2020;264;beauce_5_sa_008;organique_beauce_5;BTH;;SEMIS;semis;0.0;2.4;;;;;;;;;;;;;;;;;;;;;;;;;
2020;234;beauce_5_sa_008;organique_beauce_5;BTH;;TRAVAIL_SOL;travail_sol_1;0.0;4.4;;;;;;;;;;;;;;;;;;;;;;;;;
2020;175;beauce_5_sa_009;organique_beauce_5;BTH;;RECOLTE;;0.0;0.0;7.54;;;;;;;;;;;;;0.0;6.67;3.0;;;;;;;;;
2020;302;beauce_5_sa_009;organique_beauce_5;BTH;;SEMIS;semis;0.0;1.2;;;;;;;;;;;;;;;;;;;;;;;;;
2020;15;beauce_5_sa_009;organique_beauce_5;BTH;;FERTI;;0.0;0.0;;;;;;AN;mineral;N;;14.9;14.9;0.0;0.0;;;;;;;;;;;;
2020;170;beauce_5_sa_010;organique_beauce_5;BTH;;RECOLTE;;0.0;0.0;7.91;;;;;;;;;;;;;0.0;7.0;3.0;;;;;;;;;
2020;308;beauce_5_sa_010;organique_beauce_5;BTH;;SEMIS;semis;0.0;1.5;;;;;;;;;;;;;;;;;;;;;;;;;
2020;135;beauce_5_sa_010;organique_beauce_5;BTH;;FERTI;;0.0;0.0;;;;;;AN;mineral;N;;46.9;46.9;0.0;0.0;;;;;;;;;;;;
2020;141;beauce_5_sa_010;organique_beauce_5;BTH;;FERTI;;0.0;0.0;;;;;;AN;mineral;N;;30.3;30.3;0.0;0.0;;;;;;;;;;;;
2020;142;beauce_5_sa_010;organique_beauce_5;BTH;;FERTI;;0.0;0.0;;;;;;AN;mineral;N;;89.7;89.7;0.0;0.0;;;;;;;;;;;;
2020;297;beauce_5_sa_010;organique_beauce_5;BTH;;TRAVAIL_SOL;travail_sol_1;0.0;11.1;;;;;;;;;;;;;;;;;;;;;;;;;
2020;225;beauce_5_sa_011;organique_beauce_5;BTH;;RECOLTE;;0.0;0.0;8.8;;;;;;;;;;;;;0.0;7.78;3.0;;;;;;;;;
2020;266;beauce_5_sa_011;organique_beauce_5;BTH;;SEMIS;semis;0.0;3.9;;;;;;;;;;;;;;;;;;;;;;;;;
2020;93;beauce_5_sa_011;organique_beauce_5;BTH;;FERTI;;0.0;0.0;;;;;;AN;mineral;N;;87.3;87.3;0.0;0.0;;;;;;;;;;;;
2020;170;beauce_5_sa_011;organique_beauce_5;BTH;;FERTI;;0.0;0.0;;;;;;AN;mineral;N;;82.1;82.1;0.0;0.0;;;;;;;;;;;;
2020;216;beauce_5_sa_012;organique_beauce_5;BTH;;RECOLTE;;0.0;0.0;7.53;;;;;;;;;;;;;0.0;6.66;3.0;;;;;;;;;
2020;308;beauce_5_sa_012;organique_beauce_5;BTH;;SEMIS;semis;0.0;2.2;;;;;;;;;;;;;;;;;;;;;;;;;
2020;187;beauce_5_sa_013;organique_beauce_5;BTH;;RECOLTE;;0.0;0.0;8.15;;;;;;;;;;;;;0.0;7.21;3.0;;;;;;;;;
2020;272;beauce_5_sa_013;organique_beauce_5;BTH;;SEMIS;semis;0.0;3.8;;;;;;;;;;;;;;;;;;;;;;;;;
2020;145;beauce_5_sa_013;organique_beauce_5;BTH;;FERTI;;0.0;0.0;;;;;;AN;mineral;N;;46.0;46.0;0.0;0.0;;;;;;;;;;;;
2020;146;beauce_5_sa_013;organique_beauce_5;BTH;;FERTI;;0.0;0.0;;;;;;AN;mineral;N;;55.3;55.3;0.0;0.0;;;;;;;;;;;;
2020;190;beauce_5_sa_014;organique_beauce_5;BTH;;RECOLTE;;0.0;0.0;7.42;;;;;;;;;;;;;0.0;6.56;3.0;;;;;;;;;
2020;310;beauce_5_sa_014;organique_beauce_5;BTH;;SEMIS;semis;0.0;1.8;;;;;;;;;;;;;;;;;;;;;;;;;
2020;211;beauce_5_sa_015;organique_beauce_5;BTH;;RECOLTE;;0.0;0.0;8.7;;;;;;;;;;;;;0.0;7.7;3.0;;;;;;;;;
2020;265;beauce_5_sa_015;organique_beauce_5;BTH;;SEMIS;semis;0.0;2.0;;;;;;;;;;;;;;;;;;;;;;;;;
2020;340;beauce_5_sa_015;organique_beauce_5;BTH;;FERTI;;0.0;0.0;;;;;;AN;mineral;N;;46.5;46.5;0.0;0.0;;;;;;;;;;;;
2020;170;beauce_5_sa_016;organique_beauce_5;BTH;;RECOLTE;;0.0;0.0;7.63;;;;;;;;;;;;;0.0;6.75;3.0;;;;;;;;;
2020;311;beauce_5_sa_016;organique_beauce_5;BTH;;SEMIS;semis;0.0;2.3;;;;;;;;;;;;;;;;;;;;;;;;;
2020;112;beauce_5_sa_016;organique_beauce_5;BTH;;FERTI;;0.0;0.0;;;;;;AN;mineral;N;;19.9;19.9;0.0;0.0;;;;;;;;;;;;
2020;267;beauce_5_sa_016;organique_beauce_5;BTH;;TRAVAIL_SOL;une_reprise;0.0;5.5;;;;;;;;;;;;;;;;;;;;;;;;;
2020;179;beauce_5_sa_017;organique_beauce_5;BTH;;RECOLTE;;0.0;0.0;9.0;;;;;;;;;;;;;0.0;7.96;3.0;;;;;;;;;
2020;317;beauce_5_sa_017;organique_beauce_5;BTH;;SEMIS;semis;0.0;1.6;;;;;;;;;;;;;;;;;;;;;;;;;
2020;147;beauce_5_sa_017;organique_beauce_5;BTH;;FERTI;;0.0;0.0;;;;;;AN;mineral;N;;22.5;22.5;0.0;0.0;;;;;;;;;;;;
2020;362;beauce_5_sa_017;organique_beauce_5;BTH;;FERTI;;0.0;0.0;;;;;;AN;mineral;N;;88.4;88.4;0.0;0.0;;;;;;;;;;;;
2020;209;beauce_5_sa_018;organique_beauce_5;BTH;;RECOLTE;;0.0;0.0;8.89;;;;;;;;;;;;;0.0;7.87;3.0;;;;;;;;;
2020;311;beauce_5_sa_018;organique_beauce_5;BTH;;SEMIS;semis;0.0;3.6;;;;;;;;;;;;;;;;;;;;;;;;;
2020;101;beauce_5_sa_018;organique_beauce_5;BTH;;FERTI;;0.0;0.0;;;;;;AN;mineral;N;;58.2;58.2;0.0;0.0;;;;;;;;;;;;
2020;299;beauce_5_sa_018;organique_beauce_5;BTH;;TRAVAIL_SOL;travail_sol_1;0.0;20.5;;;;;;;;;;;;;;;;;;;;;;;;;
2020;225;beauce_5_sa_019;organique_beauce_5;BTH;;RECOLTE;;0.0;0.0;7.54;;;;;;;;;;;;;0.0;6.67;3.0;;;;;;;;;
2020;304;beauce_5_sa_019;organique_beauce_5;BTH;;SEMIS;semis;0.0;3.0;;;;;;;;;;;;;;;;;;;;;;;;;
2020;212;beauce_5_sa_020;organique_beauce_5;BTH;;RECOLTE;;0.0;0.0;8.61;;;;;;;;;;;;;0.0;7.62;3.0;;;;;;;;;
2020;272;beauce_5_sa_020;organique_beauce_5;BTH;;SEMIS;semis;0.0;2.0;;;;;;;;;;;;;;;;;;;;;;;;;
2020;20;beauce_5_sa_020;organique_beauce_5;BTH;;FERTI;;0.0;0.0;;;;;;AN;mineral;N;;39.2;39.2;0.0;0.0;;;;;;;;;;;;
2020;209;beauce_5_sa_021;organique_beauce_5;BTH;;RECOLTE;;0.0;0.0;8.87;;;;;;;;;;;;;0.0;7.85;3.0;;;;;;;;;
2020;266;beauce_5_sa_021;organique_beauce_5;BTH;;SEMIS;semis;0.0;1.3;;;;;;;;;;;;;;;;;;;;;;;;;
2020;77;beauce_5_sa_021;organique_beauce_5;BTH;;FERTI;;0.0;0.0;;;;;;AN;mineral;N;;48.7;48.7;0.0;0.0;;;;;;;;;;;;
2020;157;beauce_5_sa_021;organique_beauce_5;BTH;;FERTI;;0.0;0.0;;;;;;AN;mineral;N;;91.7;91.7;0.0;0.0;;;;;;;;;;;;
2020;158;beauce_5_sa_021;organique_beauce_5;BTH;;FERTI;;0.0;0.0;;;;;;AN;mineral;N;;20.2;20.2;0.0;0.0;;;;;;;;;;;;
2020;178;beauce_5_sa_022;organique_beauce_5;BTH;;RECOLTE;;0.0;0.0;8.99;;;;;;;;;;;;;0.0;7.95;3.0;;;;;;;;;
2020;309;beauce_5_sa_022;organique_beauce_5;BTH;;SEMIS;semis;0.0;1.1;;;;;;;;;;;;;;;;;;;;;;;;;
2020;48;beauce_5_sa_022;organique_beauce_5;BTH;;FERTI;;0.0;0.0;;;;;;AN;mineral;N;;75.6;75.6;0.0;0.0;;;;;;;;;;;;
2020;82;beauce_5_sa_022;organique_beauce_5;BTH;;FERTI;;0.0;0.0;;;;;;AN;mineral;N;;87.5;87.5;0.0;0.0;;;;;;;;;;;;
2020;278;beauce_5_sa_022;organique_beauce_5;BTH;;TRAVAIL_SOL;travail_sol_1;0.0;8.9;;;;;;;;;;;;;;;;;;;;;;;;;
2020;203;beauce_5_sa_023;organique_beauce_5;BTH;;RECOLTE;;0.0;0.0;9.0;;;;;;;;;;;;;0.0;7.96;3.0;;;;;;;;;
2020;308;beauce_5_sa_023;organique_beauce_5;BTH;;SEMIS;semis;0.0;3.9;;;;;;;;;;;;;;;;;;;;;;;;;
2020;91;beauce_5_sa_023;organique_beauce_5;BTH;;FERTI;;0.0;0.0;;;;;;AN;mineral;N;;49.9;49.9;0.0;0.0;;;;;;;;;;;;
2020;161;beauce_5_sa_023;organique_beauce_5;BTH;;FERTI;;0.0;0.0;;;;;;AN;mineral;N;;99.1;99.1;0.0;0.0;;;;;;;;;;;;
2020;360;beauce_5_sa_023;organique_beauce_5;BTH;;FERTI;;0.0;0.0;;;;;;AN;mineral;N;;31.8;31.8;0.0;0.0;;;;;;;;;;;;
2020;295;beauce_5_sa_023;organique_beauce_5;BTH;;TRAVAIL_SOL;une_reprise;0.0;13.6;;;;;;;;;;;;;;;;;;;;;;;;;
2020;192;beauce_5_sa_024;organique_beauce_5;BTH;;RECOLTE;;0.0;0.0;9.0;;;;;;;;;;;;;0.0;7.96;3.0;;;;;;;;;
2020;286;beauce_5_sa_024;organique_beauce_5;BTH;;SEMIS;semis;0.0;1.2;;;;;;;;;;;;;;;;;;;;;;;;;
2020;148;beauce_5_sa_024;organique_beauce_5;BTH;;FERTI;;0.0;0.0;;;;;;AN;mineral;N;;37.8;37.8;0.0;0.0;;;;;;;;;;;;
2020;357;beauce_5_sa_024;organique_beauce_5;BTH;;FERTI;;0.0;0.0;;;;;;AN;mineral;N;;89.4;89.4;0.0;0.0;;;;;;;;;;;;
2020;227;beauce_5_sa_025;organique_beauce_5;BTH;;RECOLTE;;0.0;0.0;7.48;;;;;;;;;;;;;0.0;6.62;3.0;;;;;;;;;
2020;264;beauce_5_sa_025;organique_beauce_5;BTH;;SEMIS;semis;0.0;3.5;;;;;;;;;;;;;;;;;;;;;;;;;
2020;238;beauce_5_sa_025;organique_beauce_5;BTH;;TRAVAIL_SOL;une_reprise;0.0;24.7;;;;;;;;;;;;;;;;;;;;;;;;;
2020;182;beauce_5_sa_026;organique_beauce_5;BTH;;RECOLTE;;0.0;0.0;8.88;;;;;;;;;;;;;0.0;7.86;3.0;;;;;;;;;
2020;279;beauce_5_sa_026;organique_beauce_5;BTH;;SEMIS;semis;0.0;1.4;;;;;;;;;;;;;;;;;;;;;;;;;
2020;119;beauce_5_sa_026;organique_beauce_5;BTH;;FERTI;;0.0;0.0;;;;;;AN;mineral;N;;68.1;68.1;0.0;0.0;;;;;;;;;;;;
2020;120;beauce_5_sa_026;organique_beauce_5;BTH;;FERTI;;0.0;0.0;;;;;;AN;mineral;N;;17.8;17.8;0.0;0.0;;;;;;;;;;;;
2020;121;beauce_5_sa_026;organique_beauce_5;BTH;;FERTI;;0.0;0.0;;;;;;AN;mineral;N;;59.4;59.4;0.0;0.0;;;;;;;;;;;;
2020;222;beauce_5_sa_027;organique_beauce_5;BTH;;RECOLTE;;0.0;0.0;8.4;;;;;;;;;;;;;0.0;7.43;3.0;;;;;;;;;
2020;273;beauce_5_sa_027;organique_beauce_5;BTH;;SEMIS;semis;0.0;2.4;;;;;;;;;;;;;;;;;;;;;;;;;
2020;132;beauce_5_sa_027;organique_beauce_5;BTH;;FERTI;;0.0;0.0;;;;;;AN;mineral;N;;80.9;80.9;0.0;0.0;;;;;;;;;;;;
2020;133;beauce_5_sa_027;organique_beauce_5;BTH;;FERTI;;0.0;0.0;;;;;;AN;mineral;N;;82.3;82.3;0.0;0.0;;;;;;;;;;;;
2020;134;beauce_5_sa_027;organique_beauce_5;BTH;;FERTI;;0.0;0.0;;;;;;AN;mineral;N;;93.0;93.0;0.0;0.0;;;;;;;;;;;;
2020;172;beauce_5_sa_028;organique_beauce_5;BTH;;RECOLTE;;0.0;0.0;8.58;;;;;;;;;;;;;0.0;7.59;3.0;;;;;;;;;
2020;264;beauce_5_sa_028;organique_beauce_5;BTH;;SEMIS;semis;0.0;3.2;;;;;;;;;;;;;;;;;;;;;;;;;
2020;109;beauce_5_sa_028;organique_beauce_5;BTH;;FERTI;;0.0;0.0;;;;;;AN;mineral;N;;62.4;62.4;0.0;0.0;;;;;;;;;;;;
2020;192;beauce_5_sa_029;organique_beauce_5;BTH;;RECOLTE;;0.0;0.0;7.44;;;;;;;;;;;;;0.0;6.58;3.0;;;;;;;;;
2020;316;beauce_5_sa_029;organique_beauce_5;BTH;;SEMIS;semis;0.0;3.3;;;;;;;;;;;;;;;;;;;;;;;;;
2020;197;beauce_5_sa_030;organique_beauce_5;BTH;;RECOLTE;;0.0;0.0;8.82;;;;;;;;;;;;;0.0;7.8;3.0;;;;;;;;;
2020;310;beauce_5_sa_030;organique_beauce_5;BTH;;SEMIS;semis;0.0;1.8;;;;;;;;;;;;;;;;;;;;;;;;;
2020;55;beauce_5_sa_030;organique_beauce_5;BTH;;FERTI;;0.0;0.0;;;;;;AN;mineral;N;;26.8;26.8;0.0;0.0;;;;;;;;;;;;
2020;163;beauce_5_sa_030;organique_beauce_5;BTH;;FERTI;;0.0;0.0;;;;;;AN;mineral;N;;63.3;63.3;0.0;0.0;;;;;;;;;;;;
2020;285;beauce_5_sa_030;organique_beauce_5;BTH;;TRAVAIL_SOL;une_reprise;0.0;4.1;;;;;;;;;;;;;;;;;;;;;;;;;
2020;213;beauce_5_sa_031;organique_beauce_5;BTH;;RECOLTE;;0.0;0.0;9.0;;;;;;;;;;;;;0.0;7.96;3.0;;;;;;;;;
2020;262;beauce_5_sa_031;organique_beauce_5;BTH;;SEMIS;semis;0.0;1.9;;;;;;;;;;;;;;;;;;;;;;;;;
2020;330;beauce_5_sa_031;organique_beauce_5;BTH;;FERTI;;0.0;0.0;;;;;;AN;mineral;N;;96.5;96.5;0.0;0.0;;;;;;;;;;;;
2020;220;beauce_5_sa_031;organique_beauce_5;BTH;;TRAVAIL_SOL;une_reprise;0.0;23.6;;;;;;;;;;;;;;;;;;;;;;;;;
2020;186;beauce_5_sa_032;organique_beauce_5;BTH;;RECOLTE;;0.0;0.0;8.98;;;;;;;;;;;;;0.0;7.95;3.0;;;;;;;;;
2020;310;beauce_5_sa_032;organique_beauce_5;BTH;;SEMIS;semis;0.0;2.0;;;;;;;;;;;;;;;;;;;;;;;;;
2020;71;beauce_5_sa_032;organique_beauce_5;BTH;;FERTI;;0.0;0.0;;;;;;AN;mineral;N;;91.0;91.0;0.0;0.0;;;;;;;;;;;;
2020;331;beauce_5_sa_032;organique_beauce_5;BTH;;FERTI;;0.0;0.0;;;;;;AN;mineral;N;;64.5;64.5;0.0;0.0;;;;;;;;;;;;
2020;280;beauce_5_sa_032;organique_beauce_5;BTH;;TRAVAIL_SOL;une_reprise;0.0;4.7;;;;;;;;;;;;;;;;;;;;;;;;;
2020;226;beauce_5_sa_033;organique_beauce_5;BTH;;RECOLTE;;0.0;0.0;7.51;;;;;;;;;;;;;0.0;6.65;3.0;;;;;;;;;
2020;278;beauce_5_sa_033;organique_beauce_5;BTH;;SEMIS;semis;0.0;1.1;;;;;;;;;;;;;;;;;;;;;;;;;
2020;172;beauce_5_sa_034;organique_beauce_5;BTH;;RECOLTE;;0.0;0.0;9.0;;;;;;;;;;;;;0.0;7.96;3.0;;;;;;;;;
2020;312;beauce_5_sa_034;organique_beauce_5;BTH;;SEMIS;semis;0.0;3.9;;;;;;;;;;;;;;;;;;;;;;;;;
2020;47;beauce_5_sa_034;organique_beauce_5;BTH;;FERTI;;0.0;0.0;;;;;;AN;mineral;N;;67.3;67.3;0.0;0.0;;;;;;;;;;;;
2020;133;beauce_5_sa_034;organique_beauce_5;BTH;;FERTI;;0.0;0.0;;;;;;AN;mineral;N;;24.8;24.8;0.0;0.0;;;;;;;;;;;;
2020;139;beauce_5_sa_034;organique_beauce_5;BTH;;FERTI;;0.0;0.0;;;;;;AN;mineral;N;;70.1;70.1;0.0;0.0;;;;;;;;;;;;
2020;304;beauce_5_sa_034;organique_beauce_5;BTH;;TRAVAIL_SOL;une_reprise;0.0;14.2;;;;;;;;;;;;;;;;;;;;;;;;;
2020;175;beauce_5_sa_035;organique_beauce_5;BTH;;RECOLTE;;0.0;0.0;6.98;;;;;;;;;;;;;0.0;6.18;3.0;;;;;;;;;
2020;312;beauce_5_sa_035;organique_beauce_5;BTH;;SEMIS;semis;0.0;3.0;;;;;;;;;;;;;;;;;;;;;;;;;
2020;200;beauce_5_sa_036;organique_beauce_5;BTH;;RECOLTE;;0.0;0.0;8.97;;;;;;;;;;;;;0.0;7.94;3.0;;;;;;;;;
2020;294;beauce_5_sa_036;organique_beauce_5;BTH;;SEMIS;semis;0.0;3.2;;;;;;;;;;;;;;;;;;;;;;;;;
2020;334;beauce_5_sa_036;organique_beauce_5;BTH;;FERTI;;0.0;0.0;;;;;;AN;mineral;N;;84.3;84.3;0.0;0.0;;;;;;;;;;;;
2020;182;beauce_5_sa_037;organique_beauce_5;BTH;;RECOLTE;;0.0;0.0;8.72;;;;;;;;;;;;;0.0;7.72;3.0;;;;;;;;;
2020;292;beauce_5_sa_037;organique_beauce_5;BTH;;SEMIS;semis;0.0;3.2;;;;;;;;;;;;;;;;;;;;;;;;;
2020;80;beauce_5_sa_037;organique_beauce_5;BTH;;FERTI;;0.0;0.0;;;;;;AN;mineral;N;;48.6;48.6;0.0;0.0;;;;;;;;;;;;
2020;252;beauce_5_sa_037;organique_beauce_5;BTH;;TRAVAIL_SOL;travail_sol_1;0.0;5.8;;;;;;;;;;;;;;;;;;;;;;;;;
2020;208;beauce_5_sa_038;organique_beauce_5;BTH;;RECOLTE;;0.0;0.0;8.99;;;;;;;;;;;;;0.0;7.96;3.0;;;;;;;;;
2020;295;beauce_5_sa_038;organique_beauce_5;BTH;;SEMIS;semis;0.0;1.3;;;;;;;;;;;;;;;;;;;;;;;;;
2020;91;beauce_5_sa_038;organique_beauce_5;BTH;;FERTI;;0.0;0.0;;;;;;AN;mineral;N;;72.3;72.3;0.0;0.0;;;;;;;;;;;;
2020;93;beauce_5_sa_038;organique_beauce_5;BTH;;FERTI;;0.0;0.0;;;;;;AN;mineral;N;;67.6;67.6;0.0;0.0;;;;;;;;;;;;
2020;160;beauce_5_sa_038;organique_beauce_5;BTH;;FERTI;;0.0;0.0;;;;;;AN;mineral;N;;99.3;99.3;0.0;0.0;;;;;;;;;;;;
2020;214;beauce_5_sa_039;organique_beauce_5;BTH;;RECOLTE;;0.0;0.0;7.55;;;;;;;;;;;;;0.0;6.68;3.0;;;;;;;;;
2020;286;beauce_5_sa_039;organique_beauce_5;BTH;;SEMIS;semis;0.0;1.7;;;;;;;;;;;;;;;;;;;;;;;;;
2020;256;beauce_5_sa_039;organique_beauce_5;BTH;;TRAVAIL_SOL;travail_sol_1;0.0;9.6;;;;;;;;;;;;;;;;;;;;;;;;;
2020;222;beauce_5_sa_040;organique_beauce_5;BTH;;RECOLTE;;0.0;0.0;7.52;;;;;;;;;;;;;0.0;6.65;3.0;;;;;;;;;
2020;312;beauce_5_sa_040;organique_beauce_5;BTH;;SEMIS;semis;0.0;3.7;;;;;;;;;;;;;;;;;;;;;;;;;
2020;273;beauce_5_sa_040;organique_beauce_5;BTH;;TRAVAIL_SOL;travail_sol_1;0.0;21.5;;;;;;;;;;;;;;;;;;;;;;;;;
2020;201;beauce_5_sa_041;organique_beauce_5;BTH;;RECOLTE;;0.0;0.0;8.95;;;;;;;;;;;;;0.0;7.92;3.0;;;;;;;;;
2020;308;beauce_5_sa_041;organique_beauce_5;BTH;;SEMIS;semis;0.0;3.6;;;;;;;;;;;;;;;;;;;;;;;;;
2020;24;beauce_5_sa_041;organique_beauce_5;BTH;;FERTI;;0.0;0.0;;;;;;AN;mineral;N;;95.6;95.6;0.0;0.0;;;;;;;;;;;;
2020;75;beauce_5_sa_041;organique_beauce_5;BTH;;FERTI;;0.0;0.0;;;;;;AN;mineral;N;;70.1;70.1;0.0;0.0;;;;;;;;;;;;
2020;290;beauce_5_sa_041;organique_beauce_5;BTH;;TRAVAIL_SOL;une_reprise;0.0;18.6;;;;;;;;;;;;;;;;;;;;;;;;;
2020;170;beauce_5_sa_042;organique_beauce_5;BTH;;RECOLTE;;0.0;0.0;9.0;;;;;;;;;;;;;0.0;7.96;3.0;;;;;;;;;
2020;297;beauce_5_sa_042;organique_beauce_5;BTH;;SEMIS;semis;0.0;3.4;;;;;;;;;;;;;;;;;;;;;;;;;
2020;47;beauce_5_sa_042;organique_beauce_5;BTH;;FERTI;;0.0;0.0;;;;;;AN;mineral;N;;85.1;85.1;0.0;0.0;;;;;;;;;;;;
2020;82;beauce_5_sa_042;organique_beauce_5;BTH;;FERTI;;0.0;0.0;;;;;;AN;mineral;N;;27.8;27.8;0.0;0.0;;;;;;;;;;;;
2020;98;beauce_5_sa_042;organique_beauce_5;BTH;;FERTI;;0.0;0.0;;;;;;AN;mineral;N;;27.6;27.6;0.0;0.0;;;;;;;;;;;;
2020;186;beauce_5_sa_043;organique_beauce_5;BTH;;RECOLTE;;0.0;0.0;8.08;;;;;;;;;;;;;0.0;7.15;3.0;;;;;;;;;
2020;304;beauce_5_sa_043;organique_beauce_5;BTH;;SEMIS;semis;0.0;3.3;;;;;;;;;;;;;;;;;;;;;;;;;
2020;148;beauce_5_sa_043;organique_beauce_5;BTH;;FERTI;;0.0;0.0;;;;;;AN;mineral;N;;37.6;37.6;0.0;0.0;;;;;;;;;;;;
2020;292;beauce_5_sa_043;organique_beauce_5;BTH;;TRAVAIL_SOL;une_reprise;0.0;22.1;;;;;;;;;;;;;;;;;;;;;;;;;
2020;195;beauce_5_sa_044;organique_beauce_5;BTH;;RECOLTE;;0.0;0.0;8.98;;;;;;;;;;;;;0.0;7.94;3.0;;;;;;;;;
2020;292;beauce_5_sa_044;organique_beauce_5;BTH;;SEMIS;semis;0.0;1.6;;;;;;;;;;;;;;;;;;;;;;;;;
2020;327;beauce_5_sa_044;organique_beauce_5;BTH;;FERTI;;0.0;0.0;;;;;;AN;mineral;N;;85.3;85.3;0.0;0.0;;;;;;;;;;;;
2020;210;beauce_5_sa_045;organique_beauce_5;BTH;;RECOLTE;;0.0;0.0;7.53;;;;;;;;;;;;;0.0;6.66;3.0;;;;;;;;;
2020;307;beauce_5_sa_045;organique_beauce_5;BTH;;SEMIS;semis;0.0;3.5;;;;;;;;;;;;;;;;;;;;;;;;;
2020;299;beauce_5_sa_045;organique_beauce_5;BTH;;TRAVAIL_SOL;travail_sol_1;0.0;15.8;;;;;;;;;;;;;;;;;;;;;;;;;
2020;198;beauce_5_sa_046;organique_beauce_5;BTH;;RECOLTE;;0.0;0.0;7.57;;;;;;;;;;;;;0.0;6.69;3.0;;;;;;;;;
2020;272;beauce_5_sa_046;organique_beauce_5;BTH;;SEMIS;semis;0.0;3.1;;;;;;;;;;;;;;;;;;;;;;;;;
2020;200;beauce_5_sa_047;organique_beauce_5;BTH;;RECOLTE;;0.0;0.0;7.52;;;;;;;;;;;;;0.0;6.65;3.0;;;;;;;;;
2020;299;beauce_5_sa_047;organique_beauce_5;BTH;;SEMIS;semis;0.0;1.4;;;;;;;;;;;;;;;;;;;;;;;;;
2020;225;beauce_5_sa_048;organique_beauce_5;BTH;;RECOLTE;;0.0;0.0;8.77;;;;;;;;;;;;;0.0;7.76;3.0;;;;;;;;;
2020;264;beauce_5_sa_048;organique_beauce_5;BTH;;SEMIS;semis;0.0;2.6;;;;;;;;;;;;;;;;;;;;;;;;;
2020;89;beauce_5_sa_048;organique_beauce_5;BTH;;FERTI;;0.0;0.0;;;;;;AN;mineral;N;;87.0;87.0;0.0;0.0;;;;;;;;;;;;
2020;100;beauce_5_sa_048;organique_beauce_5;BTH;;FERTI;;0.0;0.0;;;;;;AN;mineral;N;;12.2;12.2;0.0;0.0;;;;;;;;;;;;
2020;212;beauce_5_sa_049;organique_beauce_5;BTH;;RECOLTE;;0.0;0.0;8.96;;;;;;;;;;;;;0.0;7.93;3.0;;;;;;;;;
2020;308;beauce_5_sa_049;organique_beauce_5;BTH;;SEMIS;semis;0.0;3.7;;;;;;;;;;;;;;;;;;;;;;;;;
2020;91;beauce_5_sa_049;organique_beauce_5;BTH;;FERTI;;0.0;0.0;;;;;;AN;mineral;N;;88.3;88.3;0.0;0.0;;;;;;;;;;;;
2020;111;beauce_5_sa_049;organique_beauce_5;BTH;;FERTI;;0.0;0.0;;;;;;AN;mineral;N;;58.7;58.7;0.0;0.0;;;;;;;;;;;;
2020;172;beauce_5_sa_050;organique_beauce_5;BTH;;RECOLTE;;0.0;0.0;7.11;;;;;;;;;;;;;0.0;6.29;3.0;;;;;;;;;
2020;291;beauce_5_sa_050;organique_beauce_5;BTH;;SEMIS;semis;0.0;3.7;;;;;;;;;;;;;;;;;;;;;;;;;
2020;182;beauce_5_sa_051;organique_beauce_5;BTH;;RECOLTE;;0.0;0.0;7.92;;;;;;;;;;;;;0.0;7.0;3.0;;;;;;;;;
2020;270;beauce_5_sa_051;organique_beauce_5;BTH;;SEMIS;semis;0.0;2.0;;;;;;;;;;;;;;;;;;;;;;;;;
2020;153;beauce_5_sa_051;organique_beauce_5;BTH;;FERTI;;0.0;0.0;;;;;;AN;mineral;N;;76.2;76.2;0.0;0.0;;;;;;;;;;;;
2020;154;beauce_5_sa_051;organique_beauce_5;BTH;;FERTI;;0.0;0.0;;;;;;AN;mineral;N;;42.3;42.3;0.0;0.0;;;;;;;;;;;;
2020;155;beauce_5_sa_051;organique_beauce_5;BTH;;FERTI;;0.0;0.0;;;;;;AN;mineral;N;;43.9;43.9;0.0;0.0;;;;;;;;;;;;
2020;260;beauce_5_sa_051;organique_beauce_5;BTH;;TRAVAIL_SOL;travail_sol_1;0.0;6.6;;;;;;;;;;;;;;;;;;;;;;;;;
2020;211;beauce_5_sa_052;organique_beauce_5;BTH;;RECOLTE;;0.0;0.0;8.15;;;;;;;;;;;;;0.0;7.21;3.0;;;;;;;;;
2020;272;beauce_5_sa_052;organique_beauce_5;BTH;;SEMIS;semis;0.0;3.5;;;;;;;;;;;;;;;;;;;;;;;;;
2020;143;beauce_5_sa_052;organique_beauce_5;BTH;;FERTI;;0.0;0.0;;;;;;AN;mineral;N;;66.0;66.0;0.0;0.0;;;;;;;;;;;;
2020;200;beauce_5_sa_053;organique_beauce_5;BTH;;RECOLTE;;0.0;0.0;7.51;;;;;;;;;;;;;0.0;6.65;3.0;;;;;;;;;
2020;278;beauce_5_sa_053;organique_beauce_5;BTH;;SEMIS;semis;0.0;3.6;;;;;;;;;;;;;;;;;;;;;;;;;
2020;201;beauce_5_sa_054;organique_beauce_5;BTH;;RECOLTE;;0.0;0.0;8.98;;;;;;;;;;;;;0.0;7.95;3.0;;;;;;;;;
2020;311;beauce_5_sa_054;organique_beauce_5;BTH;;SEMIS;semis;0.0;2.8;;;;;;;;;;;;;;;;;;;;;;;;;
2020;23;beauce_5_sa_054;organique_beauce_5;BTH;;FERTI;;0.0;0.0;;;;;;AN;mineral;N;;69.3;69.3;0.0;0.0;;;;;;;;;;;;
2020;70;beauce_5_sa_054;organique_beauce_5;BTH;;FERTI;;0.0;0.0;;;;;;AN;mineral;N;;62.3;62.3;0.0;0.0;;;;;;;;;;;;
2020;160;beauce_5_sa_054;organique_beauce_5;BTH;;FERTI;;0.0;0.0;;;;;;AN;mineral;N;;28.9;28.9;0.0;0.0;;;;;;;;;;;;
2020;224;beauce_5_sa_055;organique_beauce_5;BTH;;RECOLTE;;0.0;0.0;7.42;;;;;;;;;;;;;0.0;6.56;3.0;;;;;;;;;
2020;265;beauce_5_sa_055;organique_beauce_5;BTH;;SEMIS;semis;0.0;1.6;;;;;;;;;;;;;;;;;;;;;;;;;
2020;244;beauce_5_sa_055;organique_beauce_5;BTH;;TRAVAIL_SOL;une_reprise;0.0;21.1;;;;;;;;;;;;;;;;;;;;;;;;;
2020;201;beauce_5_sa_056;organique_beauce_5;BTH;;RECOLTE;;0.0;0.0;8.92;;;;;;;;;;;;;0.0;7.89;3.0;;;;;;;;;
2020;313;beauce_5_sa_056;organique_beauce_5;BTH;;SEMIS;semis;0.0;2.3;;;;;;;;;;;;;;;;;;;;;;;;;
2020;25;beauce_5_sa_056;organique_beauce_5;BTH;;FERTI;;0.0;0.0;;;;;;AN;mineral;N;;68.2;68.2;0.0;0.0;;;;;;;;;;;;
2020;276;beauce_5_sa_056;organique_beauce_5;BTH;;TRAVAIL_SOL;travail_sol_1;0.0;10.5;;;;;;;;;;;;;;;;;;;;;;;;;
2020;231;beauce_5_sa_057;organique_beauce_5;BTH;;RECOLTE;;0.0;0.0;7.53;;;;;;;;;;;;;0.0;6.66;3.0;;;;;;;;;
2020;272;beauce_5_sa_057;organique_beauce_5;BTH;;SEMIS;semis;0.0;2.4;;;;;;;;;;;;;;;;;;;;;;;;;
2020;267;beauce_5_sa_057;organique_beauce_5;BTH;;TRAVAIL_SOL;travail_sol_1;0.0;6.9;;;;;;;;;;;;;;;;;;;;;;;;;
2020;204;beauce_5_sa_058;organique_beauce_5;BTH;;RECOLTE;;0.0;0.0;8.47;;;;;;;;;;;;;0.0;7.5;3.0;;;;;;;;;
2020;280;beauce_5_sa_058;organique_beauce_5;BTH;;SEMIS;semis;0.0;1.1;;;;;;;;;;;;;;;;;;;;;;;;;
2020;123;beauce_5_sa_058;organique_beauce_5;BTH;;FERTI;;0.0;0.0;;;;;;AN;mineral;N;;55.7;55.7;0.0;0.0;;;;;;;;;;;;
2020;141;beauce_5_sa_058;organique_beauce_5;BTH;;FERTI;;0.0;0.0;;;;;;AN;mineral;N;;78.8;78.8;0.0;0.0;;;;;;;;;;;;
2020;267;beauce_5_sa_058;organique_beauce_5;BTH;;TRAVAIL_SOL;travail_sol_1;0.0;12.0;;;;;;;;;;;;;;;;;;;;;;;;;
2020;182;beauce_5_sa_059;organique_beauce_5;BTH;;RECOLTE;;0.0;0.0;9.0;;;;;;;;;;;;;0.0;7.96;3.0;;;;;;;;;
2020;294;beauce_5_sa_059;organique_beauce_5;BTH;;SEMIS;semis;0.0;3.0;;;;;;;;;;;;;;;;;;;;;;;;;
2020;7;beauce_5_sa_059;organique_beauce_5;BTH;;FERTI;;0.0;0.0;;;;;;AN;mineral;N;;92.5;92.5;0.0;0.0;;;;;;;;;;;;
2020;71;beauce_5_sa_059;organique_beauce_5;BTH;;FERTI;;0.0;0.0;;;;;;AN;mineral;N;;21.5;21.5;0.0;0.0;;;;;;;;;;;;
2020;172;beauce_5_sa_060;organique_beauce_5;BTH;;RECOLTE;;0.0;0.0;7.19;;;;;;;;;;;;;0.0;6.36;3.0;;;;;;;;;
2020;287;beauce_5_sa_060;organique_beauce_5;BTH;;SEMIS;semis;0.0;1.1;;;;;;;;;;;;;;;;;;;;;;;;;
2020;279;beauce_5_sa_060;organique_beauce_5;BTH;;TRAVAIL_SOL;travail_sol_1;0.0;16.8;;;;;;;;;;;;;;;;;;;;;;;;;
2020;198;beauce_5_sa_061;organique_beauce_5;BTH;;RECOLTE;;0.0;0.0;7.52;;;;;;;;;;;;;0.0;6.65;3.0;;;;;;;;;
2020;259;beauce_5_sa_061;organique_beauce_5;BTH;;SEMIS;semis;0.0;1.6;;;;;;;;;;;;;;;;;;;;;;;;;
2020;153;beauce_5_sa_061;organique_beauce_5;BTH;;FERTI;;0.0;0.0;;;;;;AN;mineral;N;;66.5;66.5;0.0;0.0;;;;;;;;;;;;
2020;241;beauce_5_sa_061;organique_beauce_5;BTH;;TRAVAIL_SOL;travail_sol_1;0.0;13.9;;;;;;;;;;;;;;;;;;;;;;;;;
2020;175;beauce_5_sa_062;organique_beauce_5;BTH;;RECOLTE;;0.0;0.0;8.91;;;;;;;;;;;;;0.0;7.88;3.0;;;;;;;;;
2020;278;beauce_5_sa_062;organique_beauce_5;BTH;;SEMIS;semis;0.0;3.9;;;;;;;;;;;;;;;;;;;;;;;;;
2020;2;beauce_5_sa_062;organique_beauce_5;BTH;;FERTI;;0.0;0.0;;;;;;AN;mineral;N;;69.3;69.3;0.0;0.0;;;;;;;;;;;;
2020;247;beauce_5_sa_062;organique_beauce_5;BTH;;TRAVAIL_SOL;travail_sol_1;0.0;9.7;;;;;;;;;;;;;;;;;;;;;;;;;
2020;221;beauce_5_sa_063;organique_beauce_5;BTH;;RECOLTE;;0.0;0.0;9.0;;;;;;;;;;;;;0.0;7.96;3.0;;;;;;;;;
2020;299;beauce_5_sa_063;organique_beauce_5;BTH;;SEMIS;semis;0.0;3.1;;;;;;;;;;;;;;;;;;;;;;;;;
2020;55;beauce_5_sa_063;organique_beauce_5;BTH;;FERTI;;0.0;0.0;;;;;;AN;mineral;N;;64.1;64.1;0.0;0.0;;;;;;;;;;;;
2020;165;beauce_5_sa_063;organique_beauce_5;BTH;;FERTI;;0.0;0.0;;;;;;AN;mineral;N;;95.8;95.8;0.0;0.0;;;;;;;;;;;;
2020;178;beauce_5_sa_064;organique_beauce_5;BTH;;RECOLTE;;0.0;0.0;7.44;;;;;;;;;;;;;0.0;6.58;3.0;;;;;;;;;
2020;278;beauce_5_sa_064;organique_beauce_5;BTH;;SEMIS;semis;0.0;1.4;;;;;;;;;;;;;;;;;;;;;;;;;
2020;239;beauce_5_sa_064;organique_beauce_5;BTH;;TRAVAIL_SOL;une_reprise;0.0;7.6;;;;;;;;;;;;;;;;;;;;;;;;;
2020;210;beauce_5_sa_065;organique_beauce_5;BTH;;RECOLTE;;0.0;0.0;9.0;;;;;;;;;;;;;0.0;7.96;3.0;;;;;;;;;
2020;307;beauce_5_sa_065;organique_beauce_5;BTH;;SEMIS;semis;0.0;3.0;;;;;;;;;;;;;;;;;;;;;;;;;
2020;97;beauce_5_sa_065;organique_beauce_5;BTH;;FERTI;;0.0;0.0;;;;;;AN;mineral;N;;76.0;76.0;0.0;0.0;;;;;;;;;;;;
2020;271;beauce_5_sa_065;organique_beauce_5;BTH;;TRAVAIL_SOL;une_reprise;0.0;17.7;;;;;;;;;;;;;;;;;;;;;;;;;
2020;209;beauce_5_sa_066;organique_beauce_5;BTH;;RECOLTE;;0.0;0.0;8.55;;;;;;;;;;;;;0.0;7.56;3.0;;;;;;;;;
2020;284;beauce_5_sa_066;organique_beauce_5;BTH;;SEMIS;semis;0.0;1.6;;;;;;;;;;;;;;;;;;;;;;;;;
2020;131;beauce_5_sa_066;organique_beauce_5;BTH;;FERTI;;0.0;0.0;;;;;;AN;mineral;N;;63.5;63.5;0.0;0.0;;;;;;;;;;;;
2020;132;beauce_5_sa_066;organique_beauce_5;BTH;;FERTI;;0.0;0.0;;;;;;AN;mineral;N;;50.5;50.5;0.0;0.0;;;;;;;;;;;;
2020;204;beauce_5_sa_067;organique_beauce_5;BTH;;RECOLTE;;0.0;0.0;8.21;;;;;;;;;;;;;0.0;7.26;3.0;;;;;;;;;
2020;265;beauce_5_sa_067;organique_beauce_5;BTH;;SEMIS;semis;0.0;2.4;;;;;;;;;;;;;;;;;;;;;;;;;
2020;108;beauce_5_sa_067;organique_beauce_5;BTH;;FERTI;;0.0;0.0;;;;;;AN;mineral;N;;20.3;20.3;0.0;0.0;;;;;;;;;;;;
2020;164;beauce_5_sa_067;organique_beauce_5;BTH;;FERTI;;0.0;0.0;;;;;;AN;mineral;N;;42.8;42.8;0.0;0.0;;;;;;;;;;;;
2020;165;beauce_5_sa_067;organique_beauce_5;BTH;;FERTI;;0.0;0.0;;;;;;AN;mineral;N;;44.7;44.7;0.0;0.0;;;;;;;;;;;;
2020;187;beauce_5_sa_068;organique_beauce_5;BTH;;RECOLTE;;0.0;0.0;7.35;;;;;;;;;;;;;0.0;6.51;3.0;;;;;;;;;
2020;308;beauce_5_sa_068;organique_beauce_5;BTH;;SEMIS;semis;0.0;3.3;;;;;;;;;;;;;;;;;;;;;;;;;
2020;219;beauce_5_sa_069;organique_beauce_5;BTH;;RECOLTE;;0.0;0.0;8.97;;;;;;;;;;;;;0.0;7.94;3.0;;;;;;;;;
2020;310;beauce_5_sa_069;organique_beauce_5;BTH;;SEMIS;semis;0.0;1.4;;;;;;;;;;;;;;;;;;;;;;;;;
2020;29;beauce_5_sa_069;organique_beauce_5;BTH;;FERTI;;0.0;0.0;;;;;;AN;mineral;N;;30.9;30.9;0.0;0.0;;;;;;;;;;;;
2020;111;beauce_5_sa_069;organique_beauce_5;BTH;;FERTI;;0.0;0.0;;;;;;AN;mineral;N;;39.4;39.4;0.0;0.0;;;;;;;;;;;;
2020;298;beauce_5_sa_069;organique_beauce_5;BTH;;TRAVAIL_SOL;travail_sol_1;0.0;3.6;;;;;;;;;;;;;;;;;;;;;;;;;
2020;174;beauce_5_sa_070;organique_beauce_5;BTH;;RECOLTE;;0.0;0.0;9.0;;;;;;;;;;;;;0.0;7.96;3.0;;;;;;;;;
2020;294;beauce_5_sa_070;organique_beauce_5;BTH;;SEMIS;semis;0.0;2.7;;;;;;;;;;;;;;;;;;;;;;;;;
2020;81;beauce_5_sa_070;organique_beauce_5;BTH;;FERTI;;0.0;0.0;;;;;;AN;mineral;N;;97.4;97.4;0.0;0.0;;;;;;;;;;;;
2020;175;beauce_5_sa_071;organique_beauce_5;BTH;;RECOLTE;;0.0;0.0;9.0;;;;;;;;;;;;;0.0;7.96;3.0;;;;;;;;;
2020;268;beauce_5_sa_071;organique_beauce_5;BTH;;SEMIS;semis;0.0;1.3;;;;;;;;;;;;;;;;;;;;;;;;;
2020;12;beauce_5_sa_071;organique_beauce_5;BTH;;FERTI;;0.0;0.0;;;;;;AN;mineral;N;;99.9;99.9;0.0;0.0;;;;;;;;;;;;
2020;137;beauce_5_sa_071;organique_beauce_5;BTH;;FERTI;;0.0;0.0;;;;;;AN;mineral;N;;47.6;47.6;0.0;0.0;;;;;;;;;;;;
2020;211;beauce_5_sa_072;organique_beauce_5;BTH;;RECOLTE;;0.0;0.0;7.52;;;;;;;;;;;;;0.0;6.65;3.0;;;;;;;;;
2020;289;beauce_5_sa_072;organique_beauce_5;BTH;;SEMIS;semis;0.0;1.3;;;;;;;;;;;;;;;;;;;;;;;;;
2020;255;beauce_5_sa_072;organique_beauce_5;BTH;;TRAVAIL_SOL;travail_sol_1;0.0;21.6;;;;;;;;;;;;;;;;;;;;;;;;;
2020;206;beauce_5_sa_073;organique_beauce_5;BTH;;RECOLTE;;0.0;0.0;8.99;;;;;;;;;;;;;0.0;7.96;3.0;;;;;;;;;
2020;319;beauce_5_sa_073;organique_beauce_5;BTH;;SEMIS;semis;0.0;3.1;;;;;;;;;;;;;;;;;;;;;;;;;
2020;73;beauce_5_sa_073;organique_beauce_5;BTH;;FERTI;;0.0;0.0;;;;;;AN;mineral;N;;49.0;49.0;0.0;0.0;;;;;;;;;;;;
2020;340;beauce_5_sa_073;organique_beauce_5;BTH;;FERTI;;0.0;0.0;;;;;;AN;mineral;N;;55.3;55.3;0.0;0.0;;;;;;;;;;;;
2020;309;beauce_5_sa_073;organique_beauce_5;BTH;;TRAVAIL_SOL;une_reprise;0.0;12.7;;;;;;;;;;;;;;;;;;;;;;;;;
2020;202;beauce_5_sa_074;organique_beauce_5;BTH;;RECOLTE;;0.0;0.0;7.51;;;;;;;;;;;;;0.0;6.65;3.0;;;;;;;;;
2020;273;beauce_5_sa_074;organique_beauce_5;BTH;;SEMIS;semis;0.0;1.0;;;;;;;;;;;;;;;;;;;;;;;;;
2020;258;beauce_5_sa_074;organique_beauce_5;BTH;;TRAVAIL_SOL;travail_sol_1;0.0;4.9;;;;;;;;;;;;;;;;;;;;;;;;;
2020;202;beauce_5_sa_075;organique_beauce_5;BTH;;RECOLTE;;0.0;0.0;8.74;;;;;;;;;;;;;0.0;7.73;3.0;;;;;;;;;
2020;307;beauce_5_sa_075;organique_beauce_5;BTH;;SEMIS;semis;0.0;2.9;;;;;;;;;;;;;;;;;;;;;;;;;
2020;63;beauce_5_sa_075;organique_beauce_5;BTH;;FERTI;;0.0;0.0;;;;;;AN;mineral;N;;22.7;22.7;0.0;0.0;;;;;;;;;;;;
2020;163;beauce_5_sa_075;organique_beauce_5;BTH;;FERTI;;0.0;0.0;;;;;;AN;mineral;N;;71.0;71.0;0.0;0.0;;;;;;;;;;;;
2020;226;beauce_5_sa_076;organique_beauce_5;BTH;;RECOLTE;;0.0;0.0;8.16;;;;;;;;;;;;;0.0;7.22;3.0;;;;;;;;;
2020;282;beauce_5_sa_076;organique_beauce_5;BTH;;SEMIS;semis;0.0;2.3;;;;;;;;;;;;;;;;;;;;;;;;;
2020;146;beauce_5_sa_076;organique_beauce_5;BTH;;FERTI;;0.0;0.0;;;;;;AN;mineral;N;;18.2;18.2;0.0;0.0;;;;;;;;;;;;
2020;218;beauce_5_sa_077;organique_beauce_5;BTH;;RECOLTE;;0.0;0.0;9.0;;;;;;;;;;;;;0.0;7.96;3.0;;;;;;;;;
2020;311;beauce_5_sa_077;organique_beauce_5;BTH;;SEMIS;semis;0.0;2.3;;;;;;;;;;;;;;;;;;;;;;;;;
2020;122;beauce_5_sa_077;organique_beauce_5;BTH;;FERTI;;0.0;0.0;;;;;;AN;mineral;N;;89.9;89.9;0.0;0.0;;;;;;;;;;;;
2020;149;beauce_5_sa_077;organique_beauce_5;BTH;;FERTI;;0.0;0.0;;;;;;AN;mineral;N;;84.3;84.3;0.0;0.0;;;;;;;;;;;;
2020;340;beauce_5_sa_077;organique_beauce_5;BTH;;FERTI;;0.0;0.0;;;;;;AN;mineral;N;;33.6;33.6;0.0;0.0;;;;;;;;;;;;
2020;275;beauce_5_sa_077;organique_beauce_5;BTH;;TRAVAIL_SOL;travail_sol_1;0.0;13.9;;;;;;;;;;;;;;;;;;;;;;;;;
2020;216;beauce_5_sa_078;organique_beauce_5;BTH;;RECOLTE;;0.0;0.0;9.0;;;;;;;;;;;;;0.0;7.96;3.0;;;;;;;;;
2020;290;beauce_5_sa_078;organique_beauce_5;BTH;;SEMIS;semis;0.0;3.7;;;;;;;;;;;;;;;;;;;;;;;;;
2020;80;beauce_5_sa_078;organique_beauce_5;BTH;;FERTI;;0.0;0.0;;;;;;AN;mineral;N;;77.7;77.7;0.0;0.0;;;;;;;;;;;;
2020;123;beauce_5_sa_078;organique_beauce_5;BTH;;FERTI;;0.0;0.0;;;;;;AN;mineral;N;;49.3;49.3;0.0;0.0;;;;;;;;;;;;
2020;215;beauce_5_sa_079;organique_beauce_5;BTH;;RECOLTE;;0.0;0.0;7.55;;;;;;;;;;;;;0.0;6.68;3.0;;;;;;;;;
2020;303;beauce_5_sa_079;organique_beauce_5;BTH;;SEMIS;semis;0.0;1.9;;;;;;;;;;;;;;;;;;;;;;;;;
2020;293;beauce_5_sa_079;organique_beauce_5;BTH;;TRAVAIL_SOL;une_reprise;0.0;15.6;;;;;;;;;;;;;;;;;;;;;;;;;
2020;211;beauce_5_sa_080;organique_beauce_5;BTH;;RECOLTE;;0.0;0.0;7.45;;;;;;;;;;;;;0.0;6.59;3.0;;;;;;;;;
2020;263;beauce_5_sa_080;organique_beauce_5;BTH;;SEMIS;semis;0.0;1.0;;;;;;;;;;;;;;;;;;;;;;;;;
2020;185;beauce_5_sa_081;organique_beauce_5;BTH;;RECOLTE;;0.0;0.0;8.36;;;;;;;;;;;;;0.0;7.4;3.0;;;;;;;;;
2020;259;beauce_5_sa_081;organique_beauce_5;BTH;;SEMIS;semis;0.0;1.1;;;;;;;;;;;;;;;;;;;;;;;;;
2020;114;beauce_5_sa_081;organique_beauce_5;BTH;;FERTI;;0.0;0.0;;;;;;AN;mineral;N;;85.0;85.0;0.0;0.0;;;;;;;;;;;;
2020;115;beauce_5_sa_081;organique_beauce_5;BTH;;FERTI;;0.0;0.0;;;;;;AN;mineral;N;;52.3;52.3;0.0;0.0;;;;;;;;;;;;
2020;249;beauce_5_sa_081;organique_beauce_5;BTH;;TRAVAIL_SOL;travail_sol_1;0.0;17.8;;;;;;;;;;;;;;;;;;;;;;;;;
2020;178;beauce_5_sa_082;organique_beauce_5;BTH;;RECOLTE;;0.0;0.0;7.22;;;;;;;;;;;;;0.0;6.39;3.0;;;;;;;;;
2020;291;beauce_5_sa_082;organique_beauce_5;BTH;;SEMIS;semis;0.0;1.8;;;;;;;;;;;;;;;;;;;;;;;;;
2020;274;beauce_5_sa_082;organique_beauce_5;BTH;;TRAVAIL_SOL;une_reprise;0.0;13.0;;;;;;;;;;;;;;;;;;;;;;;;;
2020;191;beauce_5_sa_083;organique_beauce_5;BTH;;RECOLTE;;0.0;0.0;8.9;;;;;;;;;;;;;0.0;7.87;3.0;;;;;;;;;
2020;274;beauce_5_sa_083;organique_beauce_5;BTH;;SEMIS;semis;0.0;2.1;;;;;;;;;;;;;;;;;;;;;;;;;
2020;84;beauce_5_sa_083;organique_beauce_5;BTH;;FERTI;;0.0;0.0;;;;;;AN;mineral;N;;36.4;36.4;0.0;0.0;;;;;;;;;;;;
2020;141;beauce_5_sa_083;organique_beauce_5;BTH;;FERTI;;0.0;0.0;;;;;;AN;mineral;N;;75.2;75.2;0.0;0.0;;;;;;;;;;;;
2020;221;beauce_5_sa_084;organique_beauce_5;BTH;;RECOLTE;;0.0;0.0;7.54;;;;;;;;;;;;;0.0;6.67;3.0;;;;;;;;;
2020;304;beauce_5_sa_084;organique_beauce_5;BTH;;SEMIS;semis;0.0;1.7;;;;;;;;;;;;;;;;;;;;;;;;;
2020;287;beauce_5_sa_084;organique_beauce_5;BTH;;TRAVAIL_SOL;une_reprise;0.0;19.8;;;;;;;;;;;;;;;;;;;;;;;;;
2020;213;beauce_5_sa_085;organique_beauce_5;BTH;;RECOLTE;;0.0;0.0;8.97;;;;;;;;;;;;;0.0;7.94;3.0;;;;;;;;;
2020;275;beauce_5_sa_085;organique_beauce_5;BTH;;SEMIS;semis;0.0;2.4;;;;;;;;;;;;;;;;;;;;;;;;;
2020;352;beauce_5_sa_085;organique_beauce_5;BTH;;FERTI;;0.0;0.0;;;;;;AN;mineral;N;;73.8;73.8;0.0;0.0;;;;;;;;;;;;
2020;210;beauce_5_sa_086;organique_beauce_5;BTH;;RECOLTE;;0.0;0.0;9.0;;;;;;;;;;;;;0.0;7.96;3.0;;;;;;;;;
2020;288;beauce_5_sa_086;organique_beauce_5;BTH;;SEMIS;semis;0.0;3.7;;;;;;;;;;;;;;;;;;;;;;;;;
2020;100;beauce_5_sa_086;organique_beauce_5;BTH;;FERTI;;0.0;0.0;;;;;;AN;mineral;N;;42.3;42.3;0.0;0.0;;;;;;;;;;;;
2020;133;beauce_5_sa_086;organique_beauce_5;BTH;;FERTI;;0.0;0.0;;;;;;AN;mineral;N;;58.3;58.3;0.0;0.0;;;;;;;;;;;;
2020;335;beauce_5_sa_086;organique_beauce_5;BTH;;FERTI;;0.0;0.0;;;;;;AN;mineral;N;;99.6;99.6;0.0;0.0;;;;;;;;;;;;
2020;252;beauce_5_sa_086;organique_beauce_5;BTH;;TRAVAIL_SOL;travail_sol_1;0.0;1.2;;;;;;;;;;;;;;;;;;;;;;;;;
2020;172;beauce_5_sa_087;organique_beauce_5;BTH;;RECOLTE;;0.0;0.0;8.6;;;;;;;;;;;;;0.0;7.6;3.0;;;;;;;;;
2020;296;beauce_5_sa_087;organique_beauce_5;BTH;;SEMIS;semis;0.0;1.3;;;;;;;;;;;;;;;;;;;;;;;;;
2020;19;beauce_5_sa_087;organique_beauce_5;BTH;;FERTI;;0.0;0.0;;;;;;AN;mineral;N;;58.1;58.1;0.0;0.0;;;;;;;;;;;;
2020;176;beauce_5_sa_088;organique_beauce_5;BTH;;RECOLTE;;0.0;0.0;9.0;;;;;;;;;;;;;0.0;7.96;3.0;;;;;;;;;
2020;303;beauce_5_sa_088;organique_beauce_5;BTH;;SEMIS;semis;0.0;3.6;;;;;;;;;;;;;;;;;;;;;;;;;
2020;76;beauce_5_sa_088;organique_beauce_5;BTH;;FERTI;;0.0;0.0;;;;;;AN;mineral;N;;99.1;99.1;0.0;0.0;;;;;;;;;;;;
2020;329;beauce_5_sa_088;organique_beauce_5;BTH;;FERTI;;0.0;0.0;;;;;;AN;mineral;N;;47.0;47.0;0.0;0.0;;;;;;;;;;;;
2020;264;beauce_5_sa_088;organique_beauce_5;BTH;;TRAVAIL_SOL;une_reprise;0.0;8.2;;;;;;;;;;;;;;;;;;;;;;;;;
2020;190;beauce_5_sa_089;organique_beauce_5;BTH;;RECOLTE;;0.0;0.0;7.57;;;;;;;;;;;;;0.0;6.69;3.0;;;;;;;;;
2020;285;beauce_5_sa_089;organique_beauce_5;BTH;;SEMIS;semis;0.0;2.4;;;;;;;;;;;;;;;;;;;;;;;;;
2020;258;beauce_5_sa_089;organique_beauce_5;BTH;;TRAVAIL_SOL;travail_sol_1;0.0;14.6;;;;;;;;;;;;;;;;;;;;;;;;;
2020;184;beauce_5_sa_090;organique_beauce_5;BTH;;RECOLTE;;0.0;0.0;8.2;;;;;;;;;;;;;0.0;7.25;3.0;;;;;;;;;
2020;263;beauce_5_sa_090;organique_beauce_5;BTH;;SEMIS;semis;0.0;2.5;;;;;;;;;;;;;;;;;;;;;;;;;
2020;123;beauce_5_sa_090;organique_beauce_5;BTH;;FERTI;;0.0;0.0;;;;;;AN;mineral;N;;21.2;21.2;0.0;0.0;;;;;;;;;;;;
2020;124;beauce_5_sa_090;organique_beauce_5;BTH;;FERTI;;0.0;0.0;;;;;;AN;mineral;N;;93.2;93.2;0.0;0.0;;;;;;;;;;;;
2020;125;beauce_5_sa_090;organique_beauce_5;BTH;;FERTI;;0.0;0.0;;;;;;AN;mineral;N;;28.7;28.7;0.0;0.0;;;;;;;;;;;;
2020;238;beauce_5_sa_090;organique_beauce_5;BTH;;TRAVAIL_SOL;une_reprise;0.0;9.5;;;;;;;;;;;;;;;;;;;;;;;;;
2020;228;beauce_5_sa_091;organique_beauce_5;BTH;;RECOLTE;;0.0;0.0;9.0;;;;;;;;;;;;;0.0;7.96;3.0;;;;;;;;;
2020;260;beauce_5_sa_091;organique_beauce_5;BTH;;SEMIS;semis;0.0;1.6;;;;;;;;;;;;;;;;;;;;;;;;;
2020;75;beauce_5_sa_091;organique_beauce_5;BTH;;FERTI;;0.0;0.0;;;;;;AN;mineral;N;;33.0;33.0;0.0;0.0;;;;;;;;;;;;
2020;328;beauce_5_sa_091;organique_beauce_5;BTH;;FERTI;;0.0;0.0;;;;;;AN;mineral;N;;63.1;63.1;0.0;0.0;;;;;;;;;;;;
2020;246;beauce_5_sa_091;organique_beauce_5;BTH;;TRAVAIL_SOL;une_reprise;0.0;24.0;;;;;;;;;;;;;;;;;;;;;;;;;
2020;179;beauce_5_sa_092;organique_beauce_5;BTH;;RECOLTE;;0.0;0.0;9.0;;;;;;;;;;;;;0.0;7.96;3.0;;;;;;;;;
2020;269;beauce_5_sa_092;organique_beauce_5;BTH;;SEMIS;semis;0.0;2.1;;;;;;;;;;;;;;;;;;;;;;;;;
2020;23;beauce_5_sa_092;organique_beauce_5;BTH;;FERTI;;0.0;0.0;;;;;;AN;mineral;N;;69.3;69.3;0.0;0.0;;;;;;;;;;;;
2020;104;beauce_5_sa_092;organique_beauce_5;BTH;;FERTI;;0.0;0.0;;;;;;AN;mineral;N;;56.9;56.9;0.0;0.0;;;;;;;;;;;;
2020;206;beauce_5_sa_093;organique_beauce_5;BTH;;RECOLTE;;0.0;0.0;9.0;;;;;;;;;;;;;0.0;7.96;3.0;;;;;;;;;
2020;272;beauce_5_sa_093;organique_beauce_5;BTH;;SEMIS;semis;0.0;1.5;;;;;;;;;;;;;;;;;;;;;;;;;
2020;108;beauce_5_sa_093;organique_beauce_5;BTH;;FERTI;;0.0;0.0;;;;;;AN;mineral;N;;70.7;70.7;0.0;0.0;;;;;;;;;;;;
2020;120;beauce_5_sa_093;organique_beauce_5;BTH;;FERTI;;0.0;0.0;;;;;;AN;mineral;N;;30.9;30.9;0.0;0.0;;;;;;;;;;;;
2020;325;beauce_5_sa_093;organique_beauce_5;BTH;;FERTI;;0.0;0.0;;;;;;AN;mineral;N;;97.6;97.6;0.0;0.0;;;;;;;;;;;;
2020;203;beauce_5_sa_094;organique_beauce_5;BTH;;RECOLTE;;0.0;0.0;7.51;;;;;;;;;;;;;0.0;6.64;3.0;;;;;;;;;
2020;314;beauce_5_sa_094;organique_beauce_5;BTH;;SEMIS;semis;0.0;2.5;;;;;;;;;;;;;;;;;;;;;;;;;
2020;302;beauce_5_sa_094;organique_beauce_5;BTH;;TRAVAIL_SOL;travail_sol_1;0.0;19.0;;;;;;;;;;;;;;;;;;;;;;;;;
2020;187;beauce_5_sa_095;organique_beauce_5;BTH;;RECOLTE;;0.0;0.0;9.0;;;;;;;;;;;;;0.0;7.96;3.0;;;;;;;;;
2020;286;beauce_5_sa_095;organique_beauce_5;BTH;;SEMIS;semis;0.0;2.4;;;;;;;;;;;;;;;;;;;;;;;;;
2020;125;beauce_5_sa_095;organique_beauce_5;BTH;;FERTI;;0.0;0.0;;;;;;AN;mineral;N;;67.2;67.2;0.0;0.0;;;;;;;;;;;;
2020;126;beauce_5_sa_095;organique_beauce_5;BTH;;FERTI;;0.0;0.0;;;;;;AN;mineral;N;;34.2;34.2;0.0;0.0;;;;;;;;;;;;
2020;335;beauce_5_sa_095;organique_beauce_5;BTH;;FERTI;;0.0;0.0;;;;;;AN;mineral;N;;78.1;78.1;0.0;0.0;;;;;;;;;;;;
2020;271;beauce_5_sa_095;organique_beauce_5;BTH;;TRAVAIL_SOL;une_reprise;0.0;11.5;;;;;;;;;;;;;;;;;;;;;;;;;
2020;202;beauce_5_sa_096;organique_beauce_5;BTH;;RECOLTE;;0.0;0.0;8.84;;;;;;;;;;;;;0.0;7.82;3.0;;;;;;;;;
2020;305;beauce_5_sa_096;organique_beauce_5;BTH;;SEMIS;semis;0.0;1.5;;;;;;;;;;;;;;;;;;;;;;;;;
2020;131;beauce_5_sa_096;organique_beauce_5;BTH;;FERTI;;0.0;0.0;;;;;;AN;mineral;N;;59.5;59.5;0.0;0.0;;;;;;;;;;;;
2020;180;beauce_5_sa_097;organique_beauce_5;BTH;;RECOLTE;;0.0;0.0;7.48;;;;;;;;;;;;;0.0;6.61;3.0;;;;;;;;;
2020;276;beauce_5_sa_097;organique_beauce_5;BTH;;SEMIS;semis;0.0;1.6;;;;;;;;;;;;;;;;;;;;;;;;;
2020;235;beauce_5_sa_097;organique_beauce_5;BTH;;TRAVAIL_SOL;travail_sol_1;0.0;14.5;;;;;;;;;;;;;;;;;;;;;;;;;
2020;179;beauce_5_sa_098;organique_beauce_5;BTH;;RECOLTE;;0.0;0.0;8.72;;;;;;;;;;;;;0.0;7.72;3.0;;;;;;;;;
2020;278;beauce_5_sa_098;organique_beauce_5;BTH;;SEMIS;semis;0.0;1.7;;;;;;;;;;;;;;;;;;;;;;;;;
2020;120;beauce_5_sa_098;organique_beauce_5;BTH;;FERTI;;0.0;0.0;;;;;;AN;mineral;N;;51.8;51.8;0.0;0.0;;;;;;;;;;;;
2020;121;beauce_5_sa_098;organique_beauce_5;BTH;;FERTI;;0.0;0.0;;;;;;AN;mineral;N;;50.4;50.4;0.0;0.0;;;;;;;;;;;;
2020;248;beauce_5_sa_098;organique_beauce_5;BTH;;TRAVAIL_SOL;travail_sol_1;0.0;10.2;;;;;;;;;;;;;;;;;;;;;;;;;
2020;199;beauce_5_sa_099;organique_beauce_5;BTH;;RECOLTE;;0.0;0.0;9.0;;;;;;;;;;;;;0.0;7.96;3.0;;;;;;;;;
2020;295;beauce_5_sa_099;organique_beauce_5;BTH;;SEMIS;semis;0.0;3.8;;;;;;;;;;;;;;;;;;;;;;;;;
2020;114;beauce_5_sa_099;organique_beauce_5;BTH;;FERTI;;0.0;0.0;;;;;;AN;mineral;N;;74.3;74.3;0.0;0.0;;;;;;;;;;;;
2020;115;beauce_5_sa_099;organique_beauce_5;BTH;;FERTI;;0.0;0.0;;;;;;AN;mineral;N;;88.8;88.8;0.0;0.0;;;;;;;;;;;;
2020;134;beauce_5_sa_099;organique_beauce_5;BTH;;FERTI;;0.0;0.0;;;;;;AN;mineral;N;;86.8;86.8;0.0;0.0;;;;;;;;;;;;
2021;170;beauce_5_sa_000;organique_beauce_5;BTH;;RECOLTE;;0.0;0.0;4.08;;;;;;;;;;;;;0.0;3.61;3.0;;;;;;;;;
2021;289;beauce_5_sa_000;organique_beauce_5;BTH;;SEMIS;semis;0.0;2.4;;;;;;;;;;;;;;;;;;;;;;;;;
2021;224;beauce_5_sa_001;organique_beauce_5;BTH;;RECOLTE;;0.0;0.0;9.0;;;;;;;;;;;;;0.0;7.96;3.0;;;;;;;;;
2021;283;beauce_5_sa_001;organique_beauce_5;BTH;;SEMIS;semis;0.0;3.4;;;;;;;;;;;;;;;;;;;;;;;;;
2021;59;beauce_5_sa_001;organique_beauce_5;BTH;;FERTI;;0.0;0.0;;;;;;AN;mineral;N;;66.1;66.1;0.0;0.0;;;;;;;;;;;;
2021;99;beauce_5_sa_001;organique_beauce_5;BTH;;FERTI;;0.0;0.0;;;;;;AN;mineral;N;;81.7;81.7;0.0;0.0;;;;;;;;;;;;
2021;337;beauce_5_sa_001;organique_beauce_5;BTH;;FERTI;;0.0;0.0;;;;;;AN;mineral;N;;16.5;16.5;0.0;0.0;;;;;;;;;;;;
2021;255;beauce_5_sa_001;organique_beauce_5;BTH;;TRAVAIL_SOL;travail_sol_1;0.0;3.1;;;;;;;;;;;;;;;;;;;;;;;;;
2021;197;beauce_5_sa_002;organique_beauce_5;BTH;;RECOLTE;;0.0;0.0;5.35;;;;;;;;;;;;;0.0;4.73;3.0;;;;;;;;;
2021;299;beauce_5_sa_002;organique_beauce_5;BTH;;SEMIS;semis;0.0;3.6;;;;;;;;;;;;;;;;;;;;;;;;;
2021;260;beauce_5_sa_002;organique_beauce_5;BTH;;TRAVAIL_SOL;travail_sol_1;0.0;5.0;;;;;;;;;;;;;;;;;;;;;;;;;
2021;198;beauce_5_sa_003;organique_beauce_5;BTH;;RECOLTE;;0.0;0.0;5.55;;;;;;;;;;;;;0.0;4.91;3.0;;;;;;;;;
2021;266;beauce_5_sa_003;organique_beauce_5;BTH;;SEMIS;semis;0.0;2.5;;;;;;;;;;;;;;;;;;;;;;;;;
2021;233;beauce_5_sa_003;organique_beauce_5;BTH;;TRAVAIL_SOL;travail_sol_1;0.0;23.9;;;;;;;;;;;;;;;;;;;;;;;;;
2021;209;beauce_5_sa_004;organique_beauce_5;BTH;;RECOLTE;;0.0;0.0;7.75;;;;;;;;;;;;;0.0;6.85;3.0;;;;;;;;;
2021;257;beauce_5_sa_004;organique_beauce_5;BTH;;SEMIS;semis;0.0;3.0;;;;;;;;;;;;;;;;;;;;;;;;;
2021;53;beauce_5_sa_004;organique_beauce_5;BTH;;FERTI;;0.0;0.0;;;;;;AN;mineral;N;;15.6;15.6;0.0;0.0;;;;;;;;;;;;
2021;121;beauce_5_sa_004;organique_beauce_5;BTH;;FERTI;;0.0;0.0;;;;;;AN;mineral;N;;72.1;72.1;0.0;0.0;;;;;;;;;;;;
2021;181;beauce_5_sa_005;organique_beauce_5;BTH;;RECOLTE;;0.0;0.0;9.0;;;;;;;;;;;;;0.0;7.96;3.0;;;;;;;;;
2021;262;beauce_5_sa_005;organique_beauce_5;BTH;;SEMIS;semis;0.0;1.8;;;;;;;;;;;;;;;;;;;;;;;;;
2021;77;beauce_5_sa_005;organique_beauce_5;BTH;;FERTI;;0.0;0.0;;;;;;AN;mineral;N;;91.8;91.8;0.0;0.0;;;;;;;;;;;;
2021;84;beauce_5_sa_005;organique_beauce_5;BTH;;FERTI;;0.0;0.0;;;;;;AN;mineral;N;;93.7;93.7;0.0;0.0;;;;;;;;;;;;
2021;219;beauce_5_sa_005;organique_beauce_5;BTH;;TRAVAIL_SOL;travail_sol_1;0.0;20.4;;;;;;;;;;;;;;;;;;;;;;;;;
2021;207;beauce_5_sa_006;organique_beauce_5;BTH;;RECOLTE;;0.0;0.0;8.99;;;;;;;;;;;;;0.0;7.95;3.0;;;;;;;;;
2021;289;beauce_5_sa_006;organique_beauce_5;BTH;;SEMIS;semis;0.0;2.4;;;;;;;;;;;;;;;;;;;;;;;;;
2021;127;beauce_5_sa_006;organique_beauce_5;BTH;;FERTI;;0.0;0.0;;;;;;AN;mineral;N;;69.6;69.6;0.0;0.0;;;;;;;;;;;;
2021;128;beauce_5_sa_006;organique_beauce_5;BTH;;FERTI;;0.0;0.0;;;;;;AN;mineral;N;;24.6;24.6;0.0;0.0;;;;;;;;;;;;
2021;153;beauce_5_sa_006;organique_beauce_5;BTH;;FERTI;;0.0;0.0;;;;;;AN;mineral;N;;46.0;46.0;0.0;0.0;;;;;;;;;;;;
2021;267;beauce_5_sa_006;organique_beauce_5;BTH;;TRAVAIL_SOL;une_reprise;0.0;13.7;;;;;;;;;;;;;;;;;;;;;;;;;
2021;177;beauce_5_sa_007;organique_beauce_5;BTH;;RECOLTE;;0.0;0.0;8.34;;;;;;;;;;;;;0.0;7.38;3.0;;;;;;;;;
2021;297;beauce_5_sa_007;organique_beauce_5;BTH;;SEMIS;semis;0.0;1.1;;;;;;;;;;;;;;;;;;;;;;;;;
2021;163;beauce_5_sa_007;organique_beauce_5;BTH;;FERTI;;0.0;0.0;;;;;;AN;mineral;N;;86.4;86.4;0.0;0.0;;;;;;;;;;;;
2021;164;beauce_5_sa_007;organique_beauce_5;BTH;;FERTI;;0.0;0.0;;;;;;AN;mineral;N;;54.2;54.2;0.0;0.0;;;;;;;;;;;;
2021;270;beauce_5_sa_007;organique_beauce_5;BTH;;TRAVAIL_SOL;une_reprise;0.0;10.3;;;;;;;;;;;;;;;;;;;;;;;;;
2021;221;beauce_5_sa_008;organique_beauce_5;BTH;;RECOLTE;;0.0;0.0;5.36;;;;;;;;;;;;;0.0;4.75;3.0;;;;;;;;;
2021;263;beauce_5_sa_008;organique_beauce_5;BTH;;SEMIS;semis;0.0;2.4;;;;;;;;;;;;;;;;;;;;;;;;;
2021;233;beauce_5_sa_008;organique_beauce_5;BTH;;TRAVAIL_SOL;travail_sol_1;0.0;4.4;;;;;;;;;;;;;;;;;;;;;;;;;
2021;175;beauce_5_sa_009;organique_beauce_5;BTH;;RECOLTE;;0.0;0.0;5.38;;;;;;;;;;;;;0.0;4.76;3.0;;;;;;;;;
2021;301;beauce_5_sa_009;organique_beauce_5;BTH;;SEMIS;semis;0.0;1.2;;;;;;;;;;;;;;;;;;;;;;;;;
2021;15;beauce_5_sa_009;organique_beauce_5;BTH;;FERTI;;0.0;0.0;;;;;;AN;mineral;N;;14.9;14.9;0.0;0.0;;;;;;;;;;;;
2021;170;beauce_5_sa_010;organique_beauce_5;BTH;;RECOLTE;;0.0;0.0;8.69;;;;;;;;;;;;;0.0;7.68;3.0;;;;;;;;;
2021;307;beauce_5_sa_010;organique_beauce_5;BTH;;SEMIS;semis;0.0;1.5;;;;;;;;;;;;;;;;;;;;;;;;;
2021;135;beauce_5_sa_010;organique_beauce_5;BTH;;FERTI;;0.0;0.0;;;;;;AN;mineral;N;;46.9;46.9;0.0;0.0;;;;;;;;;;;;
2021;141;beauce_5_sa_010;organique_beauce_5;BTH;;FERTI;;0.0;0.0;;;;;;AN;mineral;N;;30.3;30.3;0.0;0.0;;;;;;;;;;;;
2021;142;beauce_5_sa_010;organique_beauce_5;BTH;;FERTI;;0.0;0.0;;;;;;AN;mineral;N;;89.7;89.7;0.0;0.0;;;;;;;;;;;;
2021;296;beauce_5_sa_010;organique_beauce_5;BTH;;TRAVAIL_SOL;travail_sol_1;0.0;11.1;;;;;;;;;;;;;;;;;;;;;;;;;
2021;225;beauce_5_sa_011;organique_beauce_5;BTH;;RECOLTE;;0.0;0.0;9.0;;;;;;;;;;;;;0.0;7.96;3.0;;;;;;;;;
2021;265;beauce_5_sa_011;organique_beauce_5;BTH;;SEMIS;semis;0.0;3.9;;;;;;;;;;;;;;;;;;;;;;;;;
2021;93;beauce_5_sa_011;organique_beauce_5;BTH;;FERTI;;0.0;0.0;;;;;;AN;mineral;N;;87.3;87.3;0.0;0.0;;;;;;;;;;;;
2021;170;beauce_5_sa_011;organique_beauce_5;BTH;;FERTI;;0.0;0.0;;;;;;AN;mineral;N;;82.1;82.1;0.0;0.0;;;;;;;;;;;;
2021;216;beauce_5_sa_012;organique_beauce_5;BTH;;RECOLTE;;0.0;0.0;4.89;;;;;;;;;;;;;0.0;4.33;3.0;;;;;;;;;
2021;307;beauce_5_sa_012;organique_beauce_5;BTH;;SEMIS;semis;0.0;2.2;;;;;;;;;;;;;;;;;;;;;;;;;
2021;187;beauce_5_sa_013;organique_beauce_5;BTH;;RECOLTE;;0.0;0.0;8.12;;;;;;;;;;;;;0.0;7.18;3.0;;;;;;;;;
2021;271;beauce_5_sa_013;organique_beauce_5;BTH;;SEMIS;semis;0.0;3.8;;;;;;;;;;;;;;;;;;;;;;;;;
2021;145;beauce_5_sa_013;organique_beauce_5;BTH;;FERTI;;0.0;0.0;;;;;;AN;mineral;N;;46.0;46.0;0.0;0.0;;;;;;;;;;;;
2021;146;beauce_5_sa_013;organique_beauce_5;BTH;;FERTI;;0.0;0.0;;;;;;AN;mineral;N;;55.3;55.3;0.0;0.0;;;;;;;;;;;;
2021;190;beauce_5_sa_014;organique_beauce_5;BTH;;RECOLTE;;0.0;0.0;4.96;;;;;;;;;;;;;0.0;4.39;3.0;;;;;;;;;
2021;309;beauce_5_sa_014;organique_beauce_5;BTH;;SEMIS;semis;0.0;1.8;;;;;;;;;;;;;;;;;;;;;;;;;
2021;211;beauce_5_sa_015;organique_beauce_5;BTH;;RECOLTE;;0.0;0.0;7.14;;;;;;;;;;;;;0.0;6.32;3.0;;;;;;;;;
2021;264;beauce_5_sa_015;organique_beauce_5;BTH;;SEMIS;semis;0.0;2.0;;;;;;;;;;;;;;;;;;;;;;;;;
2021;339;beauce_5_sa_015;organique_beauce_5;BTH;;FERTI;;0.0;0.0;;;;;;AN;mineral;N;;46.5;46.5;0.0;0.0;;;;;;;;;;;;
2021;170;beauce_5_sa_016;organique_beauce_5;BTH;;RECOLTE;;0.0;0.0;5.77;;;;;;;;;;;;;0.0;5.1;3.0;;;;;;;;;
2021;310;beauce_5_sa_016;organique_beauce_5;BTH;;SEMIS;semis;0.0;2.3;;;;;;;;;;;;;;;;;;;;;;;;;
2021;112;beauce_5_sa_016;organique_beauce_5;BTH;;FERTI;;0.0;0.0;;;;;;AN;mineral;N;;19.9;19.9;0.0;0.0;;;;;;;;;;;;
2021;266;beauce_5_sa_016;organique_beauce_5;BTH;;TRAVAIL_SOL;une_reprise;0.0;5.5;;;;;;;;;;;;;;;;;;;;;;;;;
2021;179;beauce_5_sa_017;organique_beauce_5;BTH;;RECOLTE;;0.0;0.0;8.74;;;;;;;;;;;;;0.0;7.74;3.0;;;;;;;;;
2021;316;beauce_5_sa_017;organique_beauce_5;BTH;;SEMIS;semis;0.0;1.6;;;;;;;;;;;;;;;;;;;;;;;;;
2021;147;beauce_5_sa_017;organique_beauce_5;BTH;;FERTI;;0.0;0.0;;;;;;AN;mineral;N;;22.5;22.5;0.0;0.0;;;;;;;;;;;;
2021;361;beauce_5_sa_017;organique_beauce_5;BTH;;FERTI;;0.0;0.0;;;;;;AN;mineral;N;;88.4;88.4;0.0;0.0;;;;;;;;;;;;
2021;209;beauce_5_sa_018;organique_beauce_5;BTH;;RECOLTE;;0.0;0.0;7.97;;;;;;;;;;;;;0.0;7.05;3.0;;;;;;;;;
2021;310;beauce_5_sa_018;organique_beauce_5;BTH;;SEMIS;semis;0.0;3.6;;;;;;;;;;;;;;;;;;;;;;;;;
2021;101;beauce_5_sa_018;organique_beauce_5;BTH;;FERTI;;0.0;0.0;;;;;;AN;mineral;N;;58.2;58.2;0.0;0.0;;;;;;;;;;;;
2021;298;beauce_5_sa_018;organique_beauce_5;BTH;;TRAVAIL_SOL;travail_sol_1;0.0;20.5;;;;;;;;;;;;;;;;;;;;;;;;;
2021;225;beauce_5_sa_019;organique_beauce_5;BTH;;RECOLTE;;0.0;0.0;4.72;;;;;;;;;;;;;0.0;4.17;3.0;;;;;;;;;
2021;303;beauce_5_sa_019;organique_beauce_5;BTH;;SEMIS;semis;0.0;3.0;;;;;;;;;;;;;;;;;;;;;;;;;
2021;212;beauce_5_sa_020;organique_beauce_5;BTH;;RECOLTE;;0.0;0.0;7.18;;;;;;;;;;;;;0.0;6.36;3.0;;;;;;;;;
2021;271;beauce_5_sa_020;organique_beauce_5;BTH;;SEMIS;semis;0.0;2.0;;;;;;;;;;;;;;;;;;;;;;;;;
2021;20;beauce_5_sa_020;organique_beauce_5;BTH;;FERTI;;0.0;0.0;;;;;;AN;mineral;N;;39.2;39.2;0.0;0.0;;;;;;;;;;;;
2021;209;beauce_5_sa_021;organique_beauce_5;BTH;;RECOLTE;;0.0;0.0;9.0;;;;;;;;;;;;;0.0;7.96;3.0;;;;;;;;;
2021;265;beauce_5_sa_021;organique_beauce_5;BTH;;SEMIS;semis;0.0;1.3;;;;;;;;;;;;;;;;;;;;;;;;;
2021;77;beauce_5_sa_021;organique_beauce_5;BTH;;FERTI;;0.0;0.0;;;;;;AN;mineral;N;;48.7;48.7;0.0;0.0;;;;;;;;;;;;
2021;157;beauce_5_sa_021;organique_beauce_5;BTH;;FERTI;;0.0;0.0;;;;;;AN;mineral;N;;91.7;91.7;0.0;0.0;;;;;;;;;;;;
2021;158;beauce_5_sa_021;organique_beauce_5;BTH;;FERTI;;0.0;0.0;;;;;;AN;mineral;N;;20.2;20.2;0.0;0.0;;;;;;;;;;;;
2021;178;beauce_5_sa_022;organique_beauce_5;BTH;;RECOLTE;;0.0;0.0;9.0;;;;;;;;;;;;;0.0;7.96;3.0;;;;;;;;;
2021;308;beauce_5_sa_022;organique_beauce_5;BTH;;SEMIS;semis;0.0;1.1;;;;;;;;;;;;;;;;;;;;;;;;;
2021;48;beauce_5_sa_022;organique_beauce_5;BTH;;FERTI;;0.0;0.0;;;;;;AN;mineral;N;;75.6;75.6;0.0;0.0;;;;;;;;;;;;
2021;82;beauce_5_sa_022;organique_beauce_5;BTH;;FERTI;;0.0;0.0;;;;;;AN;mineral;N;;87.5;87.5;0.0;0.0;;;;;;;;;;;;
2021;277;beauce_5_sa_022;organique_beauce_5;BTH;;TRAVAIL_SOL;travail_sol_1;0.0;8.9;;;;;;;;;;;;;;;;;;;;;;;;;
2021;203;beauce_5_sa_023;organique_beauce_5;BTH;;RECOLTE;;0.0;0.0;9.0;;;;;;;;;;;;;0.0;7.96;3.0;;;;;;;;;
2021;307;beauce_5_sa_023;organique_beauce_5;BTH;;SEMIS;semis;0.0;3.9;;;;;;;;;;;;;;;;;;;;;;;;;
2021;91;beauce_5_sa_023;organique_beauce_5;BTH;;FERTI;;0.0;0.0;;;;;;AN;mineral;N;;49.9;49.9;0.0;0.0;;;;;;;;;;;;
2021;161;beauce_5_sa_023;organique_beauce_5;BTH;;FERTI;;0.0;0.0;;;;;;AN;mineral;N;;99.1;99.1;0.0;0.0;;;;;;;;;;;;
2021;359;beauce_5_sa_023;organique_beauce_5;BTH;;FERTI;;0.0;0.0;;;;;;AN;mineral;N;;31.8;31.8;0.0;0.0;;;;;;;;;;;;
2021;294;beauce_5_sa_023;organique_beauce_5;BTH;;TRAVAIL_SOL;une_reprise;0.0;13.6;;;;;;;;;;;;;;;;;;;;;;;;;
2021;192;beauce_5_sa_024;organique_beauce_5;BTH;;RECOLTE;;0.0;0.0;8.89;;;;;;;;;;;;;0.0;7.87;3.0;;;;;;;;;
2021;285;beauce_5_sa_024;organique_beauce_5;BTH;;SEMIS;semis;0.0;1.2;;;;;;;;;;;;;;;;;;;;;;;;;
2021;148;beauce_5_sa_024;organique_beauce_5;BTH;;FERTI;;0.0;0.0;;;;;;AN;mineral;N;;37.8;37.8;0.0;0.0;;;;;;;;;;;;
2021;356;beauce_5_sa_024;organique_beauce_5;BTH;;FERTI;;0.0;0.0;;;;;;AN;mineral;N;;89.4;89.4;0.0;0.0;;;;;;;;;;;;
2021;227;beauce_5_sa_025;organique_beauce_5;BTH;;RECOLTE;;0.0;0.0;5.02;;;;;;;;;;;;;0.0;4.44;3.0;;;;;;;;;
2021;263;beauce_5_sa_025;organique_beauce_5;BTH;;SEMIS;semis;0.0;3.5;;;;;;;;;;;;;;;;;;;;;;;;;
2021;237;beauce_5_sa_025;organique_beauce_5;BTH;;TRAVAIL_SOL;une_reprise;0.0;24.7;;;;;;;;;;;;;;;;;;;;;;;;;
2021;182;beauce_5_sa_026;organique_beauce_5;BTH;;RECOLTE;;0.0;0.0;8.62;;;;;;;;;;;;;0.0;7.63;3.0;;;;;;;;;
2021;278;beauce_5_sa_026;organique_beauce_5;BTH;;SEMIS;semis;0.0;1.4;;;;;;;;;;;;;;;;;;;;;;;;;
2021;119;beauce_5_sa_026;organique_beauce_5;BTH;;FERTI;;0.0;0.0;;;;;;AN;mineral;N;;68.1;68.1;0.0;0.0;;;;;;;;;;;;
2021;120;beauce_5_sa_026;organique_beauce_5;BTH;;FERTI;;0.0;0.0;;;;;;AN;mineral;N;;17.8;17.8;0.0;0.0;;;;;;;;;;;;
2021;121;beauce_5_sa_026;organique_beauce_5;BTH;;FERTI;;0.0;0.0;;;;;;AN;mineral;N;;59.4;59.4;0.0;0.0;;;;;;;;;;;;
2021;222;beauce_5_sa_027;organique_beauce_5;BTH;;RECOLTE;;0.0;0.0;9.0;;;;;;;;;;;;;0.0;7.96;3.0;;;;;;;;;
2021;272;beauce_5_sa_027;organique_beauce_5;BTH;;SEMIS;semis;0.0;2.4;;;;;;;;;;;;;;;;;;;;;;;;;
2021;132;beauce_5_sa_027;organique_beauce_5;BTH;;FERTI;;0.0;0.0;;;;;;AN;mineral;N;;80.9;80.9;0.0;0.0;;;;;;;;;;;;
2021;133;beauce_5_sa_027;organique_beauce_5;BTH;;FERTI;;0.0;0.0;;;;;;AN;mineral;N;;82.3;82.3;0.0;0.0;;;;;;;;;;;;
2021;134;beauce_5_sa_027;organique_beauce_5;BTH;;FERTI;;0.0;0.0;;;;;;AN;mineral;N;;93.0;93.0;0.0;0.0;;;;;;;;;;;;
2021;172;beauce_5_sa_028;organique_beauce_5;BTH;;RECOLTE;;0.0;0.0;6.84;;;;;;;;;;;;;0.0;6.05;3.0;;;;;;;;;
2021;263;beauce_5_sa_028;organique_beauce_5;BTH;;SEMIS;semis;0.0;3.2;;;;;;;;;;;;;;;;;;;;;;;;;
2021;109;beauce_5_sa_028;organique_beauce_5;BTH;;FERTI;;0.0;0.0;;;;;;AN;mineral;N;;62.4;62.4;0.0;0.0;;;;;;;;;;;;
2021;192;beauce_5_sa_029;organique_beauce_5;BTH;;RECOLTE;;0.0;0.0;4.38;;;;;;;;;;;;;0.0;3.88;3.0;;;;;;;;;
2021;315;beauce_5_sa_029;organique_beauce_5;BTH;;SEMIS;semis;0.0;3.3;;;;;;;;;;;;;;;;;;;;;;;;;
2021;197;beauce_5_sa_030;organique_beauce_5;BTH;;RECOLTE;;0.0;0.0;7.92;;;;;;;;;;;;;0.0;7.01;3.0;;;;;;;;;
2021;309;beauce_5_sa_030;organique_beauce_5;BTH;;SEMIS;semis;0.0;1.8;;;;;;;;;;;;;;;;;;;;;;;;;
2021;55;beauce_5_sa_030;organique_beauce_5;BTH;;FERTI;;0.0;0.0;;;;;;AN;mineral;N;;26.8;26.8;0.0;0.0;;;;;;;;;;;;
2021;163;beauce_5_sa_030;organique_beauce_5;BTH;;FERTI;;0.0;0.0;;;;;;AN;mineral;N;;63.3;63.3;0.0;0.0;;;;;;;;;;;;
2021;284;beauce_5_sa_030;organique_beauce_5;BTH;;TRAVAIL_SOL;une_reprise;0.0;4.1;;;;;;;;;;;;;;;;;;;;;;;;;
2021;212;beauce_5_sa_031;organique_beauce_5;BTH;;RECOLTE;;0.0;0.0;8.62;;;;;;;;;;;;;0.0;7.63;3.0;;;;;;;;;
2021;261;beauce_5_sa_031;organique_beauce_5;BTH;;SEMIS;semis;0.0;1.9;;;;;;;;;;;;;;;;;;;;;;;;;
2021;329;beauce_5_sa_031;organique_beauce_5;BTH;;FERTI;;0.0;0.0;;;;;;AN;mineral;N;;96.5;96.5;0.0;0.0;;;;;;;;;;;;
2021;219;beauce_5_sa_031;organique_beauce_5;BTH;;TRAVAIL_SOL;une_reprise;0.0;23.6;;;;;;;;;;;;;;;;;;;;;;;;;
2021;186;beauce_5_sa_032;organique_beauce_5;BTH;;RECOLTE;;0.0;0.0;9.0;;;;;;;;;;;;;0.0;7.96;3.0;;;;;;;;;
2021;309;beauce_5_sa_032;organique_beauce_5;BTH;;SEMIS;semis;0.0;2.0;;;;;;;;;;;;;;;;;;;;;;;;;
2021;71;beauce_5_sa_032;organique_beauce_5;BTH;;FERTI;;0.0;0.0;;;;;;AN;mineral;N;;91.0;91.0;0.0;0.0;;;;;;;;;;;;
2021;330;beauce_5_sa_032;organique_beauce_5;BTH;;FERTI;;0.0;0.0;;;;;;AN;mineral;N;;64.5;64.5;0.0;0.0;;;;;;;;;;;;
2021;279;beauce_5_sa_032;organique_beauce_5;BTH;;TRAVAIL_SOL;une_reprise;0.0;4.7;;;;;;;;;;;;;;;;;;;;;;;;;
2021;226;beauce_5_sa_033;organique_beauce_5;BTH;;RECOLTE;;0.0;0.0;4.79;;;;;;;;;;;;;0.0;4.23;3.0;;;;;;;;;
2021;277;beauce_5_sa_033;organique_beauce_5;BTH;;SEMIS;semis;0.0;1.1;;;;;;;;;;;;;;;;;;;;;;;;;
2021;172;beauce_5_sa_034;organique_beauce_5;BTH;;RECOLTE;;0.0;0.0;8.88;;;;;;;;;;;;;0.0;7.86;3.0;;;;;;;;;
2021;311;beauce_5_sa_034;organique_beauce_5;BTH;;SEMIS;semis;0.0;3.9;;;;;;;;;;;;;;;;;;;;;;;;;
2021;47;beauce_5_sa_034;organique_beauce_5;BTH;;FERTI;;0.0;0.0;;;;;;AN;mineral;N;;67.3;67.3;0.0;0.0;;;;;;;;;;;;
2021;133;beauce_5_sa_034;organique_beauce_5;BTH;;FERTI;;0.0;0.0;;;;;;AN;mineral;N;;24.8;24.8;0.0;0.0;;;;;;;;;;;;
2021;139;beauce_5_sa_034;organique_beauce_5;BTH;;FERTI;;0.0;0.0;;;;;;AN;mineral;N;;70.1;70.1;0.0;0.0;;;;;;;;;;;;
2021;303;beauce_5_sa_034;organique_beauce_5;BTH;;TRAVAIL_SOL;une_reprise;0.0;14.2;;;;;;;;;;;;;;;;;;;;;;;;;
2021;175;beauce_5_sa_035;organique_beauce_5;BTH;;RECOLTE;;0.0;0.0;3.48;;;;;;;;;;;;;0.0;3.08;3.0;;;;;;;;;
2021;311;beauce_5_sa_035;organique_beauce_5;BTH;;SEMIS;semis;0.0;3.0;;;;;;;;;;;;;;;;;;;;;;;;;
2021;200;beauce_5_sa_036;organique_beauce_5;BTH;;RECOLTE;;0.0;0.0;8.3;;;;;;;;;;;;;0.0;7.34;3.0;;;;;;;;;
2021;293;beauce_5_sa_036;organique_beauce_5;BTH;;SEMIS;semis;0.0;3.2;;;;;;;;;;;;;;;;;;;;;;;;;
2021;333;beauce_5_sa_036;organique_beauce_5;BTH;;FERTI;;0.0;0.0;;;;;;AN;mineral;N;;84.3;84.3;0.0;0.0;;;;;;;;;;;;
2021;182;beauce_5_sa_037;organique_beauce_5;BTH;;RECOLTE;;0.0;0.0;7.7;;;;;;;;;;;;;0.0;6.81;3.0;;;;;;;;;
2021;291;beauce_5_sa_037;organique_beauce_5;BTH;;SEMIS;semis;0.0;3.2;;;;;;;;;;;;;;;;;;;;;;;;;
2021;80;beauce_5_sa_037;organique_beauce_5;BTH;;FERTI;;0.0;0.0;;;;;;AN;mineral;N;;48.6;48.6;0.0;0.0;;;;;;;;;;;;
2021;251;beauce_5_sa_037;organique_beauce_5;BTH;;TRAVAIL_SOL;travail_sol_1;0.0;5.8;;;;;;;;;;;;;;;;;;;;;;;;;
2021;208;beauce_5_sa_038;organique_beauce_5;BTH;;RECOLTE;;0.0;0.0;9.0;;;;;;;;;;;;;0.0;7.96;3.0;;;;;;;;;
2021;294;beauce_5_sa_038;organique_beauce_5;BTH;;SEMIS;semis;0.0;1.3;;;;;;;;;;;;;;;;;;;;;;;;;
2021;91;beauce_5_sa_038;organique_beauce_5;BTH;;FERTI;;0.0;0.0;;;;;;AN;mineral;N;;72.3;72.3;0.0;0.0;;;;;;;;;;;;
2021;93;beauce_5_sa_038;organique_beauce_5;BTH;;FERTI;;0.0;0.0;;;;;;AN;mineral;N;;67.6;67.6;0.0;0.0;;;;;;;;;;;;
2021;160;beauce_5_sa_038;organique_beauce_5;BTH;;FERTI;;0.0;0.0;;;;;;AN;mineral;N;;99.3;99.3;0.0;0.0;;;;;;;;;;;;
2021;214;beauce_5_sa_039;organique_beauce_5;BTH;;RECOLTE;;0.0;0.0;5.42;;;;;;;;;;;;;0.0;4.79;3.0;;;;;;;;;
2021;285;beauce_5_sa_039;organique_beauce_5;BTH;;SEMIS;semis;0.0;1.7;;;;;;;;;;;;;;;;;;;;;;;;;
2021;255;beauce_5_sa_039;organique_beauce_5;BTH;;TRAVAIL_SOL;travail_sol_1;0.0;9.6;;;;;;;;;;;;;;;;;;;;;;;;;
2021;222;beauce_5_sa_040;organique_beauce_5;BTH;;RECOLTE;;0.0;0.0;5.4;;;;;;;;;;;;;0.0;4.78;3.0;;;;;;;;;
2021;311;beauce_5_sa_040;organique_beauce_5;BTH;;SEMIS;semis;0.0;3.7;;;;;;;;;;;;;;;;;;;;;;;;;
2021;272;beauce_5_sa_040;organique_beauce_5;BTH;;TRAVAIL_SOL;travail_sol_1;0.0;21.5;;;;;;;;;;;;;;;;;;;;;;;;;
2021;201;beauce_5_sa_041;organique_beauce_5;BTH;;RECOLTE;;0.0;0.0;9.0;;;;;;;;;;;;;0.0;7.96;3.0;;;;;;;;;
2021;307;beauce_5_sa_041;organique_beauce_5;BTH;;SEMIS;semis;0.0;3.6;;;;;;;;;;;;;;;;;;;;;;;;;
2021;24;beauce_5_sa_041;organique_beauce_5;BTH;;FERTI;;0.0;0.0;;;;;;AN;mineral;N;;95.6;95.6;0.0;0.0;;;;;;;;;;;;
2021;75;beauce_5_sa_041;organique_beauce_5;BTH;;FERTI;;0.0;0.0;;;;;;AN;mineral;N;;70.1;70.1;0.0;0.0;;;;;;;;;;;;
2021;289;beauce_5_sa_041;organique_beauce_5;BTH;;TRAVAIL_SOL;une_reprise;0.0;18.6;;;;;;;;;;;;;;;;;;;;;;;;;
2021;170;beauce_5_sa_042;organique_beauce_5;BTH;;RECOLTE;;0.0;0.0;9.0;;;;;;;;;;;;;0.0;7.96;3.0;;;;;;;;;
2021;296;beauce_5_sa_042;organique_beauce_5;BTH;;SEMIS;semis;0.0;3.4;;;;;;;;;;;;;;;;;;;;;;;;;
2021;47;beauce_5_sa_042;organique_beauce_5;BTH;;FERTI;;0.0;0.0;;;;;;AN;mineral;N;;85.1;85.1;0.0;0.0;;;;;;;;;;;;
2021;82;beauce_5_sa_042;organique_beauce_5;BTH;;FERTI;;0.0;0.0;;;;;;AN;mineral;N;;27.8;27.8;0.0;0.0;;;;;;;;;;;;
2021;98;beauce_5_sa_042;organique_beauce_5;BTH;;FERTI;;0.0;0.0;;;;;;AN;mineral;N;;27.6;27.6;0.0;0.0;;;;;;;;;;;;
2021;186;beauce_5_sa_043;organique_beauce_5;BTH;;RECOLTE;;0.0;0.0;5.83;;;;;;;;;;;;;0.0;5.16;3.0;;;;;;;;;
2021;303;beauce_5_sa_043;organique_beauce_5;BTH;;SEMIS;semis;0.0;3.3;;;;;;;;;;;;;;;;;;;;;;;;;
2021;148;beauce_5_sa_043;organique_beauce_5;BTH;;FERTI;;0.0;0.0;;;;;;AN;mineral;N;;37.6;37.6;0.0;0.0;;;;;;;;;;;;
2021;291;beauce_5_sa_043;organique_beauce_5;BTH;;TRAVAIL_SOL;une_reprise;0.0;22.1;;;;;;;;;;;;;;;;;;;;;;;;;
2021;195;beauce_5_sa_044;organique_beauce_5;BTH;;RECOLTE;;0.0;0.0;8.52;;;;;;;;;;;;;0.0;7.54;3.0;;;;;;;;;
2021;291;beauce_5_sa_044;organique_beauce_5;BTH;;SEMIS;semis;0.0;1.6;;;;;;;;;;;;;;;;;;;;;;;;;
2021;326;beauce_5_sa_044;organique_beauce_5;BTH;;FERTI;;0.0;0.0;;;;;;AN;mineral;N;;85.3;85.3;0.0;0.0;;;;;;;;;;;;
2021;210;beauce_5_sa_045;organique_beauce_5;BTH;;RECOLTE;;0.0;0.0;4.97;;;;;;;;;;;;;0.0;4.4;3.0;;;;;;;;;
2021;306;beauce_5_sa_045;organique_beauce_5;BTH;;SEMIS;semis;0.0;3.5;;;;;;;;;;;;;;;;;;;;;;;;;
2021;298;beauce_5_sa_045;organique_beauce_5;BTH;;TRAVAIL_SOL;travail_sol_1;0.0;15.8;;;;;;;;;;;;;;;;;;;;;;;;;
2021;198;beauce_5_sa_046;organique_beauce_5;BTH;;RECOLTE;;0.0;0.0;4.7;;;;;;;;;;;;;0.0;4.16;3.0;;;;;;;;;
2021;271;beauce_5_sa_046;organique_beauce_5;BTH;;SEMIS;semis;0.0;3.1;;;;;;;;;;;;;;;;;;;;;;;;;
2021;200;beauce_5_sa_047;organique_beauce_5;BTH;;RECOLTE;;0.0;0.0;5.36;;;;;;;;;;;;;0.0;4.74;3.0;;;;;;;;;
2021;298;beauce_5_sa_047;organique_beauce_5;BTH;;SEMIS;semis;0.0;1.4;;;;;;;;;;;;;;;;;;;;;;;;;
2021;225;beauce_5_sa_048;organique_beauce_5;BTH;;RECOLTE;;0.0;0.0;8.28;;;;;;;;;;;;;0.0;7.32;3.0;;;;;;;;;
2021;263;beauce_5_sa_048;organique_beauce_5;BTH;;SEMIS;semis;0.0;2.6;;;;;;;;;;;;;;;;;;;;;;;;;
2021;89;beauce_5_sa_048;organique_beauce_5;BTH;;FERTI;;0.0;0.0;;;;;;AN;mineral;N;;87.0;87.0;0.0;0.0;;;;;;;;;;;;
2021;100;beauce_5_sa_048;organique_beauce_5;BTH;;FERTI;;0.0;0.0;;;;;;AN;mineral;N;;12.2;12.2;0.0;0.0;;;;;;;;;;;;
2021;212;beauce_5_sa_049;organique_beauce_5;BTH;;RECOLTE;;0.0;0.0;9.0;;;;;;;;;;;;;0.0;7.96;3.0;;;;;;;;;
2021;307;beauce_5_sa_049;organique_beauce_5;BTH;;SEMIS;semis;0.0;3.7;;;;;;;;;;;;;;;;;;;;;;;;;
2021;91;beauce_5_sa_049;organique_beauce_5;BTH;;FERTI;;0.0;0.0;;;;;;AN;mineral;N;;88.3;88.3;0.0;0.0;;;;;;;;;;;;
2021;111;beauce_5_sa_049;organique_beauce_5;BTH;;FERTI;;0.0;0.0;;;;;;AN;mineral;N;;58.7;58.7;0.0;0.0;;;;;;;;;;;;
2021;172;beauce_5_sa_050;organique_beauce_5;BTH;;RECOLTE;;0.0;0.0;4.14;;;;;;;;;;;;;0.0;3.66;3.0;;;;;;;;;
2021;290;beauce_5_sa_050;organique_beauce_5;BTH;;SEMIS;semis;0.0;3.7;;;;;;;;;;;;;;;;;;;;;;;;;
2021;182;beauce_5_sa_051;organique_beauce_5;BTH;;RECOLTE;;0.0;0.0;9.0;;;;;;;;;;;;;0.0;7.96;3.0;;;;;;;;;
2021;269;beauce_5_sa_051;organique_beauce_5;BTH;;SEMIS;semis;0.0;2.0;;;;;;;;;;;;;;;;;;;;;;;;;
2021;153;beauce_5_sa_051;organique_beauce_5;BTH;;FERTI;;0.0;0.0;;;;;;AN;mineral;N;;76.2;76.2;0.0;0.0;;;;;;;;;;;;
2021;154;beauce_5_sa_051;organique_beauce_5;BTH;;FERTI;;0.0;0.0;;;;;;AN;mineral;N;;42.3;42.3;0.0;0.0;;;;;;;;;;;;
2021;155;beauce_5_sa_051;organique_beauce_5;BTH;;FERTI;;0.0;0.0;;;;;;AN;mineral;N;;43.9;43.9;0.0;0.0;;;;;;;;;;;;
2021;259;beauce_5_sa_051;organique_beauce_5;BTH;;TRAVAIL_SOL;travail_sol_1;0.0;6.6;;;;;;;;;;;;;;;;;;;;;;;;;
2021;211;beauce_5_sa_052;organique_beauce_5;BTH;;RECOLTE;;0.0;0.0;6.91;;;;;;;;;;;;;0.0;6.11;3.0;;;;;;;;;
2021;271;beauce_5_sa_052;organique_beauce_5;BTH;;SEMIS;semis;0.0;3.5;;;;;;;;;;;;;;;;;;;;;;;;;
2021;143;beauce_5_sa_052;organique_beauce_5;BTH;;FERTI;;0.0;0.0;;;;;;AN;mineral;N;;66.0;66.0;0.0;0.0;;;;;;;;;;;;
2021;200;beauce_5_sa_053;organique_beauce_5;BTH;;RECOLTE;;0.0;0.0;5.01;;;;;;;;;;;;;0.0;4.43;3.0;;;;;;;;;
2021;277;beauce_5_sa_053;organique_beauce_5;BTH;;SEMIS;semis;0.0;3.6;;;;;;;;;;;;;;;;;;;;;;;;;
2021;201;beauce_5_sa_054;organique_beauce_5;BTH;;RECOLTE;;0.0;0.0;9.0;;;;;;;;;;;;;0.0;7.96;3.0;;;;;;;;;
2021;310;beauce_5_sa_054;organique_beauce_5;BTH;;SEMIS;semis;0.0;2.8;;;;;;;;;;;;;;;;;;;;;;;;;
2021;23;beauce_5_sa_054;organique_beauce_5;BTH;;FERTI;;0.0;0.0;;;;;;AN;mineral;N;;69.3;69.3;0.0;0.0;;;;;;;;;;;;
2021;70;beauce_5_sa_054;organique_beauce_5;BTH;;FERTI;;0.0;0.0;;;;;;AN;mineral;N;;62.3;62.3;0.0;0.0;;;;;;;;;;;;
2021;160;beauce_5_sa_054;organique_beauce_5;BTH;;FERTI;;0.0;0.0;;;;;;AN;mineral;N;;28.9;28.9;0.0;0.0;;;;;;;;;;;;
2021;224;beauce_5_sa_055;organique_beauce_5;BTH;;RECOLTE;;0.0;0.0;5.06;;;;;;;;;;;;;0.0;4.47;3.0;;;;;;;;;
2021;264;beauce_5_sa_055;organique_beauce_5;BTH;;SEMIS;semis;0.0;1.6;;;;;;;;;;;;;;;;;;;;;;;;;
2021;243;beauce_5_sa_055;organique_beauce_5;BTH;;TRAVAIL_SOL;une_reprise;0.0;21.1;;;;;;;;;;;;;;;;;;;;;;;;;
2021;201;beauce_5_sa_056;organique_beauce_5;BTH;;RECOLTE;;0.0;0.0;8.37;;;;;;;;;;;;;0.0;7.4;3.0;;;;;;;;;
2021;312;beauce_5_sa_056;organique_beauce_5;BTH;;SEMIS;semis;0.0;2.3;;;;;;;;;;;;;;;;;;;;;;;;;
2021;25;beauce_5_sa_056;organique_beauce_5;BTH;;FERTI;;0.0;0.0;;;;;;AN;mineral;N;;68.2;68.2;0.0;0.0;;;;;;;;;;;;
2021;275;beauce_5_sa_056;organique_beauce_5;BTH;;TRAVAIL_SOL;travail_sol_1;0.0;10.5;;;;;;;;;;;;;;;;;;;;;;;;;
2021;231;beauce_5_sa_057;organique_beauce_5;BTH;;RECOLTE;;0.0;0.0;4.88;;;;;;;;;;;;;0.0;4.32;3.0;;;;;;;;;
2021;271;beauce_5_sa_057;organique_beauce_5;BTH;;SEMIS;semis;0.0;2.4;;;;;;;;;;;;;;;;;;;;;;;;;
2021;266;beauce_5_sa_057;organique_beauce_5;BTH;;TRAVAIL_SOL;travail_sol_1;0.0;6.9;;;;;;;;;;;;;;;;;;;;;;;;;
2021;204;beauce_5_sa_058;organique_beauce_5;BTH;;RECOLTE;;0.0;0.0;8.9;;;;;;;;;;;;;0.0;7.88;3.0;;;;;;;;;
2021;279;beauce_5_sa_058;organique_beauce_5;BTH;;SEMIS;semis;0.0;1.1;;;;;;;;;;;;;;;;;;;;;;;;;
2021;123;beauce_5_sa_058;organique_beauce_5;BTH;;FERTI;;0.0;0.0;;;;;;AN;mineral;N;;55.7;55.7;0.0;0.0;;;;;;;;;;;;
2021;141;beauce_5_sa_058;organique_beauce_5;BTH;;FERTI;;0.0;0.0;;;;;;AN;mineral;N;;78.8;78.8;0.0;0.0;;;;;;;;;;;;
2021;266;beauce_5_sa_058;organique_beauce_5;BTH;;TRAVAIL_SOL;travail_sol_1;0.0;12.0;;;;;;;;;;;;;;;;;;;;;;;;;
2021;182;beauce_5_sa_059;organique_beauce_5;BTH;;RECOLTE;;0.0;0.0;8.93;;;;;;;;;;;;;0.0;7.9;3.0;;;;;;;;;
2021;293;beauce_5_sa_059;organique_beauce_5;BTH;;SEMIS;semis;0.0;3.0;;;;;;;;;;;;;;;;;;;;;;;;;
2021;7;beauce_5_sa_059;organique_beauce_5;BTH;;FERTI;;0.0;0.0;;;;;;AN;mineral;N;;92.5;92.5;0.0;0.0;;;;;;;;;;;;
2021;71;beauce_5_sa_059;organique_beauce_5;BTH;;FERTI;;0.0;0.0;;;;;;AN;mineral;N;;21.5;21.5;0.0;0.0;;;;;;;;;;;;
2021;172;beauce_5_sa_060;organique_beauce_5;BTH;;RECOLTE;;0.0;0.0;4.15;;;;;;;;;;;;;0.0;3.67;3.0;;;;;;;;;
2021;286;beauce_5_sa_060;organique_beauce_5;BTH;;SEMIS;semis;0.0;1.1;;;;;;;;;;;;;;;;;;;;;;;;;
2021;278;beauce_5_sa_060;organique_beauce_5;BTH;;TRAVAIL_SOL;travail_sol_1;0.0;16.8;;;;;;;;;;;;;;;;;;;;;;;;;
2021;198;beauce_5_sa_061;organique_beauce_5;BTH;;RECOLTE;;0.0;0.0;7.55;;;;;;;;;;;;;0.0;6.68;3.0;;;;;;;;;
2021;258;beauce_5_sa_061;organique_beauce_5;BTH;;SEMIS;semis;0.0;1.6;;;;;;;;;;;;;;;;;;;;;;;;;
2021;153;beauce_5_sa_061;organique_beauce_5;BTH;;FERTI;;0.0;0.0;;;;;;AN;mineral;N;;66.5;66.5;0.0;0.0;;;;;;;;;;;;
2021;240;beauce_5_sa_061;organique_beauce_5;BTH;;TRAVAIL_SOL;travail_sol_1;0.0;13.9;;;;;;;;;;;;;;;;;;;;;;;;;
2021;175;beauce_5_sa_062;organique_beauce_5;BTH;;RECOLTE;;0.0;0.0;8.3;;;;;;;;;;;;;0.0;7.34;3.0;;;;;;;;;
2021;277;beauce_5_sa_062;organique_beauce_5;BTH;;SEMIS;semis;0.0;3.9;;;;;;;;;;;;;;;;;;;;;;;;;
2021;2;beauce_5_sa_062;organique_beauce_5;BTH;;FERTI;;0.0;0.0;;;;;;AN;mineral;N;;69.3;69.3;0.0;0.0;;;;;;;;;;;;
2021;246;beauce_5_sa_062;organique_beauce_5;BTH;;TRAVAIL_SOL;travail_sol_1;0.0;9.7;;;;;;;;;;;;;;;;;;;;;;;;;
2021;221;beauce_5_sa_063;organique_beauce_5;BTH;;RECOLTE;;0.0;0.0;8.98;;;;;;;;;;;;;0.0;7.94;3.0;;;;;;;;;
2021;298;beauce_5_sa_063;organique_beauce_5;BTH;;SEMIS;semis;0.0;3.1;;;;;;;;;;;;;;;;;;;;;;;;;
2021;55;beauce_5_sa_063;organique_beauce_5;BTH;;FERTI;;0.0;0.0;;;;;;AN;mineral;N;;64.1;64.1;0.0;0.0;;;;;;;;;;;;
2021;165;beauce_5_sa_063;organique_beauce_5;BTH;;FERTI;;0.0;0.0;;;;;;AN;mineral;N;;95.8;95.8;0.0;0.0;;;;;;;;;;;;
2021;178;beauce_5_sa_064;organique_beauce_5;BTH;;RECOLTE;;0.0;0.0;5.43;;;;;;;;;;;;;0.0;4.81;3.0;;;;;;;;;
2021;277;beauce_5_sa_064;organique_beauce_5;BTH;;SEMIS;semis;0.0;1.4;;;;;;;;;;;;;;;;;;;;;;;;;
2021;238;beauce_5_sa_064;organique_beauce_5;BTH;;TRAVAIL_SOL;une_reprise;0.0;7.6;;;;;;;;;;;;;;;;;;;;;;;;;
2021;210;beauce_5_sa_065;organique_beauce_5;BTH;;RECOLTE;;0.0;0.0;8.59;;;;;;;;;;;;;0.0;7.6;3.0;;;;;;;;;
2021;306;beauce_5_sa_065;organique_beauce_5;BTH;;SEMIS;semis;0.0;3.0;;;;;;;;;;;;;;;;;;;;;;;;;
2021;97;beauce_5_sa_065;organique_beauce_5;BTH;;FERTI;;0.0;0.0;;;;;;AN;mineral;N;;76.0;76.0;0.0;0.0;;;;;;;;;;;;
2021;270;beauce_5_sa_065;organique_beauce_5;BTH;;TRAVAIL_SOL;une_reprise;0.0;17.7;;;;;;;;;;;;;;;;;;;;;;;;;
2021;209;beauce_5_sa_066;organique_beauce_5;BTH;;RECOLTE;;0.0;0.0;8.51;;;;;;;;;;;;;0.0;7.53;3.0;;;;;;;;;
2021;283;beauce_5_sa_066;organique_beauce_5;BTH;;SEMIS;semis;0.0;1.6;;;;;;;;;;;;;;;;;;;;;;;;;
2021;131;beauce_5_sa_066;organique_beauce_5;BTH;;FERTI;;0.0;0.0;;;;;;AN;mineral;N;;63.5;63.5;0.0;0.0;;;;;;;;;;;;
2021;132;beauce_5_sa_066;organique_beauce_5;BTH;;FERTI;;0.0;0.0;;;;;;AN;mineral;N;;50.5;50.5;0.0;0.0;;;;;;;;;;;;
2021;204;beauce_5_sa_067;organique_beauce_5;BTH;;RECOLTE;;0.0;0.0;8.56;;;;;;;;;;;;;0.0;7.58;3.0;;;;;;;;;
2021;264;beauce_5_sa_067;organique_beauce_5;BTH;;SEMIS;semis;0.0;2.4;;;;;;;;;;;;;;;;;;;;;;;;;
2021;108;beauce_5_sa_067;organique_beauce_5;BTH;;FERTI;;0.0;0.0;;;;;;AN;mineral;N;;20.3;20.3;0.0;0.0;;;;;;;;;;;;
2021;164;beauce_5_sa_067;organique_beauce_5;BTH;;FERTI;;0.0;0.0;;;;;;AN;mineral;N;;42.8;42.8;0.0;0.0;;;;;;;;;;;;
2021;165;beauce_5_sa_067;organique_beauce_5;BTH;;FERTI;;0.0;0.0;;;;;;AN;mineral;N;;44.7;44.7;0.0;0.0;;;;;;;;;;;;
2021;187;beauce_5_sa_068;organique_beauce_5;BTH;;RECOLTE;;0.0;0.0;4.22;;;;;;;;;;;;;0.0;3.74;3.0;;;;;;;;;
2021;307;beauce_5_sa_068;organique_beauce_5;BTH;;SEMIS;semis;0.0;3.3;;;;;;;;;;;;;;;;;;;;;;;;;
2021;219;beauce_5_sa_069;organique_beauce_5;BTH;;RECOLTE;;0.0;0.0;8.55;;;;;;;;;;;;;0.0;7.56;3.0;;;;;;;;;
2021;309;beauce_5_sa_069;organique_beauce_5;BTH;;SEMIS;semis;0.0;1.4;;;;;;;;;;;;;;;;;;;;;;;;;
2021;29;beauce_5_sa_069;organique_beauce_5;BTH;;FERTI;;0.0;0.0;;;;;;AN;mineral;N;;30.9;30.9;0.0;0.0;;;;;;;;;;;;
2021;111;beauce_5_sa_069;organique_beauce_5;BTH;;FERTI;;0.0;0.0;;;;;;AN;mineral;N;;39.4;39.4;0.0;0.0;;;;;;;;;;;;
2021;297;beauce_5_sa_069;organique_beauce_5;BTH;;TRAVAIL_SOL;travail_sol_1;0.0;3.6;;;;;;;;;;;;;;;;;;;;;;;;;
2021;174;beauce_5_sa_070;organique_beauce_5;BTH;;RECOLTE;;0.0;0.0;8.41;;;;;;;;;;;;;0.0;7.44;3.0;;;;;;;;;
2021;293;beauce_5_sa_070;organique_beauce_5;BTH;;SEMIS;semis;0.0;2.7;;;;;;;;;;;;;;;;;;;;;;;;;
2021;81;beauce_5_sa_070;organique_beauce_5;BTH;;FERTI;;0.0;0.0;;;;;;AN;mineral;N;;97.4;97.4;0.0;0.0;;;;;;;;;;;;
2021;175;beauce_5_sa_071;organique_beauce_5;BTH;;RECOLTE;;0.0;0.0;8.99;;;;;;;;;;;;;0.0;7.95;3.0;;;;;;;;;
2021;267;beauce_5_sa_071;organique_beauce_5;BTH;;SEMIS;semis;0.0;1.3;;;;;;;;;;;;;;;;;;;;;;;;;
2021;12;beauce_5_sa_071;organique_beauce_5;BTH;;FERTI;;0.0;0.0;;;;;;AN;mineral;N;;99.9;99.9;0.0;0.0;;;;;;;;;;;;
2021;137;beauce_5_sa_071;organique_beauce_5;BTH;;FERTI;;0.0;0.0;;;;;;AN;mineral;N;;47.6;47.6;0.0;0.0;;;;;;;;;;;;
2021;211;beauce_5_sa_072;organique_beauce_5;BTH;;RECOLTE;;0.0;0.0;5.45;;;;;;;;;;;;;0.0;4.82;3.0;;;;;;;;;
2021;288;beauce_5_sa_072;organique_beauce_5;BTH;;SEMIS;semis;0.0;1.3;;;;;;;;;;;;;;;;;;;;;;;;;
2021;254;beauce_5_sa_072;organique_beauce_5;BTH;;TRAVAIL_SOL;travail_sol_1;0.0;21.6;;;;;;;;;;;;;;;;;;;;;;;;;
2021;206;beauce_5_sa_073;organique_beauce_5;BTH;;RECOLTE;;0.0;0.0;8.85;;;;;;;;;;;;;0.0;7.83;3.0;;;;;;;;;
2021;318;beauce_5_sa_073;organique_beauce_5;BTH;;SEMIS;semis;0.0;3.1;;;;;;;;;;;;;;;;;;;;;;;;;
2021;73;beauce_5_sa_073;organique_beauce_5;BTH;;FERTI;;0.0;0.0;;;;;;AN;mineral;N;;49.0;49.0;0.0;0.0;;;;;;;;;;;;
2021;339;beauce_5_sa_073;organique_beauce_5;BTH;;FERTI;;0.0;0.0;;;;;;AN;mineral;N;;55.3;55.3;0.0;0.0;;;;;;;;;;;;
2021;308;beauce_5_sa_073;organique_beauce_5;BTH;;TRAVAIL_SOL;une_reprise;0.0;12.7;;;;;;;;;;;;;;;;;;;;;;;;;
2021;202;beauce_5_sa_074;organique_beauce_5;BTH;;RECOLTE;;0.0;0.0;5.33;;;;;;;;;;;;;0.0;4.72;3.0;;;;;;;;;
2021;272;beauce_5_sa_074;organique_beauce_5;BTH;;SEMIS;semis;0.0;1.0;;;;;;;;;;;;;;;;;;;;;;;;;
2021;257;beauce_5_sa_074;organique_beauce_5;BTH;;TRAVAIL_SOL;travail_sol_1;0.0;4.9;;;;;;;;;;;;;;;;;;;;;;;;;
2021;202;beauce_5_sa_075;organique_beauce_5;BTH;;RECOLTE;;0.0;0.0;8.2;;;;;;;;;;;;;0.0;7.26;3.0;;;;;;;;;
2021;306;beauce_5_sa_075;organique_beauce_5;BTH;;SEMIS;semis;0.0;2.9;;;;;;;;;;;;;;;;;;;;;;;;;
2021;63;beauce_5_sa_075;organique_beauce_5;BTH;;FERTI;;0.0;0.0;;;;;;AN;mineral;N;;22.7;22.7;0.0;0.0;;;;;;;;;;;;
2021;163;beauce_5_sa_075;organique_beauce_5;BTH;;FERTI;;0.0;0.0;;;;;;AN;mineral;N;;71.0;71.0;0.0;0.0;;;;;;;;;;;;
2021;226;beauce_5_sa_076;organique_beauce_5;BTH;;RECOLTE;;0.0;0.0;5.96;;;;;;;;;;;;;0.0;5.27;3.0;;;;;;;;;
2021;281;beauce_5_sa_076;organique_beauce_5;BTH;;SEMIS;semis;0.0;2.3;;;;;;;;;;;;;;;;;;;;;;;;;
2021;146;beauce_5_sa_076;organique_beauce_5;BTH;;FERTI;;0.0;0.0;;;;;;AN;mineral;N;;18.2;18.2;0.0;0.0;;;;;;;;;;;;
2021;218;beauce_5_sa_077;organique_beauce_5;BTH;;RECOLTE;;0.0;0.0;9.0;;;;;;;;;;;;;0.0;7.96;3.0;;;;;;;;;
2021;310;beauce_5_sa_077;organique_beauce_5;BTH;;SEMIS;semis;0.0;2.3;;;;;;;;;;;;;;;;;;;;;;;;;
2021;122;beauce_5_sa_077;organique_beauce_5;BTH;;FERTI;;0.0;0.0;;;;;;AN;mineral;N;;89.9;89.9;0.0;0.0;;;;;;;;;;;;
2021;149;beauce_5_sa_077;organique_beauce_5;BTH;;FERTI;;0.0;0.0;;;;;;AN;mineral;N;;84.3;84.3;0.0;0.0;;;;;;;;;;;;
2021;339;beauce_5_sa_077;organique_beauce_5;BTH;;FERTI;;0.0;0.0;;;;;;AN;mineral;N;;33.6;33.6;0.0;0.0;;;;;;;;;;;;
2021;274;beauce_5_sa_077;organique_beauce_5;BTH;;TRAVAIL_SOL;travail_sol_1;0.0;13.9;;;;;;;;;;;;;;;;;;;;;;;;;
2021;216;beauce_5_sa_078;organique_beauce_5;BTH;;RECOLTE;;0.0;0.0;8.94;;;;;;;;;;;;;0.0;7.91;3.0;;;;;;;;;
2021;289;beauce_5_sa_078;organique_beauce_5;BTH;;SEMIS;semis;0.0;3.7;;;;;;;;;;;;;;;;;;;;;;;;;
2021;80;beauce_5_sa_078;organique_beauce_5;BTH;;FERTI;;0.0;0.0;;;;;;AN;mineral;N;;77.7;77.7;0.0;0.0;;;;;;;;;;;;
2021;123;beauce_5_sa_078;organique_beauce_5;BTH;;FERTI;;0.0;0.0;;;;;;AN;mineral;N;;49.3;49.3;0.0;0.0;;;;;;;;;;;;
2021;215;beauce_5_sa_079;organique_beauce_5;BTH;;RECOLTE;;0.0;0.0;5.04;;;;;;;;;;;;;0.0;4.46;3.0;;;;;;;;;
2021;302;beauce_5_sa_079;organique_beauce_5;BTH;;SEMIS;semis;0.0;1.9;;;;;;;;;;;;;;;;;;;;;;;;;
2021;292;beauce_5_sa_079;organique_beauce_5;BTH;;TRAVAIL_SOL;une_reprise;0.0;15.6;;;;;;;;;;;;;;;;;;;;;;;;;
2021;211;beauce_5_sa_080;organique_beauce_5;BTH;;RECOLTE;;0.0;0.0;4.61;;;;;;;;;;;;;0.0;4.07;3.0;;;;;;;;;
2021;262;beauce_5_sa_080;organique_beauce_5;BTH;;SEMIS;semis;0.0;1.0;;;;;;;;;;;;;;;;;;;;;;;;;
2021;185;beauce_5_sa_081;organique_beauce_5;BTH;;RECOLTE;;0.0;0.0;8.88;;;;;;;;;;;;;0.0;7.85;3.0;;;;;;;;;
2021;258;beauce_5_sa_081;organique_beauce_5;BTH;;SEMIS;semis;0.0;1.1;;;;;;;;;;;;;;;;;;;;;;;;;
2021;114;beauce_5_sa_081;organique_beauce_5;BTH;;FERTI;;0.0;0.0;;;;;;AN;mineral;N;;85.0;85.0;0.0;0.0;;;;;;;;;;;;
2021;115;beauce_5_sa_081;organique_beauce_5;BTH;;FERTI;;0.0;0.0;;;;;;AN;mineral;N;;52.3;52.3;0.0;0.0;;;;;;;;;;;;
2021;248;beauce_5_sa_081;organique_beauce_5;BTH;;TRAVAIL_SOL;travail_sol_1;0.0;17.8;;;;;;;;;;;;;;;;;;;;;;;;;
2021;178;beauce_5_sa_082;organique_beauce_5;BTH;;RECOLTE;;0.0;0.0;4.5;;;;;;;;;;;;;0.0;3.98;3.0;;;;;;;;;
2021;290;beauce_5_sa_082;organique_beauce_5;BTH;;SEMIS;semis;0.0;1.8;;;;;;;;;;;;;;;;;;;;;;;;;
2021;273;beauce_5_sa_082;organique_beauce_5;BTH;;TRAVAIL_SOL;une_reprise;0.0;13.0;;;;;;;;;;;;;;;;;;;;;;;;;
2021;191;beauce_5_sa_083;organique_beauce_5;BTH;;RECOLTE;;0.0;0.0;8.35;;;;;;;;;;;;;0.0;7.39;3.0;;;;;;;;;
2021;273;beauce_5_sa_083;organique_beauce_5;BTH;;SEMIS;semis;0.0;2.1;;;;;;;;;;;;;;;;;;;;;;;;;
2021;84;beauce_5_sa_083;organique_beauce_5;BTH;;FERTI;;0.0;0.0;;;;;;AN;mineral;N;;36.4;36.4;0.0;0.0;;;;;;;;;;;;
2021;141;beauce_5_sa_083;organique_beauce_5;BTH;;FERTI;;0.0;0.0;;;;;;AN;mineral;N;;75.2;75.2;0.0;0.0;;;;;;;;;;;;
2021;221;beauce_5_sa_084;organique_beauce_5;BTH;;RECOLTE;;0.0;0.0;5.13;;;;;;;;;;;;;0.0;4.54;3.0;;;;;;;;;
2021;303;beauce_5_sa_084;organique_beauce_5;BTH;;SEMIS;semis;0.0;1.7;;;;;;;;;;;;;;;;;;;;;;;;;
2021;286;beauce_5_sa_084;organique_beauce_5;BTH;;TRAVAIL_SOL;une_reprise;0.0;19.8;;;;;;;;;;;;;;;;;;;;;;;;;
2021;213;beauce_5_sa_085;organique_beauce_5;BTH;;RECOLTE;;0.0;0.0;8.18;;;;;;;;;;;;;0.0;7.23;3.0;;;;;;;;;
2021;274;beauce_5_sa_085;organique_beauce_5;BTH;;SEMIS;semis;0.0;2.4;;;;;;;;;;;;;;;;;;;;;;;;;
2021;351;beauce_5_sa_085;organique_beauce_5;BTH;;FERTI;;0.0;0.0;;;;;;AN;mineral;N;;73.8;73.8;0.0;0.0;;;;;;;;;;;;
2021;210;beauce_5_sa_086;organique_beauce_5;BTH;;RECOLTE;;0.0;0.0;9.0;;;;;;;;;;;;;0.0;7.96;3.0;;;;;;;;;
2021;287;beauce_5_sa_086;organique_beauce_5;BTH;;SEMIS;semis;0.0;3.7;;;;;;;;;;;;;;;;;;;;;;;;;
2021;100;beauce_5_sa_086;organique_beauce_5;BTH;;FERTI;;0.0;0.0;;;;;;AN;mineral;N;;42.3;42.3;0.0;0.0;;;;;;;;;;;;
2021;133;beauce_5_sa_086;organique_beauce_5;BTH;;FERTI;;0.0;0.0;;;;;;AN;mineral;N;;58.3;58.3;0.0;0.0;;;;;;;;;;;;
2021;334;beauce_5_sa_086;organique_beauce_5;BTH;;FERTI;;0.0;0.0;;;;;;AN;mineral;N;;99.6;99.6;0.0;0.0;;;;;;;;;;;;
2021;251;beauce_5_sa_086;organique_beauce_5;BTH;;TRAVAIL_SOL;travail_sol_1;0.0;1.2;;;;;;;;;;;;;;;;;;;;;;;;;
2021;172;beauce_5_sa_087;organique_beauce_5;BTH;;RECOLTE;;0.0;0.0;7.54;;;;;;;;;;;;;0.0;6.67;3.0;;;;;;;;;
2021;295;beauce_5_sa_087;organique_beauce_5;BTH;;SEMIS;semis;0.0;1.3;;;;;;;;;;;;;;;;;;;;;;;;;
2021;19;beauce_5_sa_087;organique_beauce_5;BTH;;FERTI;;0.0;0.0;;;;;;AN;mineral;N;;58.1;58.1;0.0;0.0;;;;;;;;;;;;
2021;176;beauce_5_sa_088;organique_beauce_5;BTH;;RECOLTE;;0.0;0.0;9.0;;;;;;;;;;;;;0.0;7.96;3.0;;;;;;;;;
2021;302;beauce_5_sa_088;organique_beauce_5;BTH;;SEMIS;semis;0.0;3.6;;;;;;;;;;;;;;;;;;;;;;;;;
2021;76;beauce_5_sa_088;organique_beauce_5;BTH;;FERTI;;0.0;0.0;;;;;;AN;mineral;N;;99.1;99.1;0.0;0.0;;;;;;;;;;;;
2021;328;beauce_5_sa_088;organique_beauce_5;BTH;;FERTI;;0.0;0.0;;;;;;AN;mineral;N;;47.0;47.0;0.0;0.0;;;;;;;;;;;;
2021;263;beauce_5_sa_088;organique_beauce_5;BTH;;TRAVAIL_SOL;une_reprise;0.0;8.2;;;;;;;;;;;;;;;;;;;;;;;;;
2021;190;beauce_5_sa_089;organique_beauce_5;BTH;;RECOLTE;;0.0;0.0;5.29;;;;;;;;;;;;;0.0;4.68;3.0;;;;;;;;;
2021;284;beauce_5_sa_089;organique_beauce_5;BTH;;SEMIS;semis;0.0;2.4;;;;;;;;;;;;;;;;;;;;;;;;;
2021;257;beauce_5_sa_089;organique_beauce_5;BTH;;TRAVAIL_SOL;travail_sol_1;0.0;14.6;;;;;;;;;;;;;;;;;;;;;;;;;
2021;184;beauce_5_sa_090;organique_beauce_5;BTH;;RECOLTE;;0.0;0.0;8.99;;;;;;;;;;;;;0.0;7.95;3.0;;;;;;;;;
2021;262;beauce_5_sa_090;organique_beauce_5;BTH;;SEMIS;semis;0.0;2.5;;;;;;;;;;;;;;;;;;;;;;;;;
2021;123;beauce_5_sa_090;organique_beauce_5;BTH;;FERTI;;0.0;0.0;;;;;;AN;mineral;N;;21.2;21.2;0.0;0.0;;;;;;;;;;;;
2021;124;beauce_5_sa_090;organique_beauce_5;BTH;;FERTI;;0.0;0.0;;;;;;AN;mineral;N;;93.2;93.2;0.0;0.0;;;;;;;;;;;;
2021;125;beauce_5_sa_090;organique_beauce_5;BTH;;FERTI;;0.0;0.0;;;;;;AN;mineral;N;;28.7;28.7;0.0;0.0;;;;;;;;;;;;
2021;237;beauce_5_sa_090;organique_beauce_5;BTH;;TRAVAIL_SOL;une_reprise;0.0;9.5;;;;;;;;;;;;;;;;;;;;;;;;;
2021;228;beauce_5_sa_091;organique_beauce_5;BTH;;RECOLTE;;0.0;0.0;8.66;;;;;;;;;;;;;0.0;7.66;3.0;;;;;;;;;
2021;259;beauce_5_sa_091;organique_beauce_5;BTH;;SEMIS;semis;0.0;1.6;;;;;;;;;;;;;;;;;;;;;;;;;
2021;75;beauce_5_sa_091;organique_beauce_5;BTH;;FERTI;;0.0;0.0;;;;;;AN;mineral;N;;33.0;33.0;0.0;0.0;;;;;;;;;;;;
2021;327;beauce_5_sa_091;organique_beauce_5;BTH;;FERTI;;0.0;0.0;;;;;;AN;mineral;N;;63.1;63.1;0.0;0.0;;;;;;;;;;;;
2021;245;beauce_5_sa_091;organique_beauce_5;BTH;;TRAVAIL_SOL;une_reprise;0.0;24.0;;;;;;;;;;;;;;;;;;;;;;;;;
2021;179;beauce_5_sa_092;organique_beauce_5;BTH;;RECOLTE;;0.0;0.0;8.99;;;;;;;;;;;;;0.0;7.95;3.0;;;;;;;;;
2021;268;beauce_5_sa_092;organique_beauce_5;BTH;;SEMIS;semis;0.0;2.1;;;;;;;;;;;;;;;;;;;;;;;;;
2021;23;beauce_5_sa_092;organique_beauce_5;BTH;;FERTI;;0.0;0.0;;;;;;AN;mineral;N;;69.3;69.3;0.0;0.0;;;;;;;;;;;;
2021;104;beauce_5_sa_092;organique_beauce_5;BTH;;FERTI;;0.0;0.0;;;;;;AN;mineral;N;;56.9;56.9;0.0;0.0;;;;;;;;;;;;
2021;206;beauce_5_sa_093;organique_beauce_5;BTH;;RECOLTE;;0.0;0.0;9.0;;;;;;;;;;;;;0.0;7.96;3.0;;;;;;;;;
2021;271;beauce_5_sa_093;organique_beauce_5;BTH;;SEMIS;semis;0.0;1.5;;;;;;;;;;;;;;;;;;;;;;;;;
2021;108;beauce_5_sa_093;organique_beauce_5;BTH;;FERTI;;0.0;0.0;;;;;;AN;mineral;N;;70.7;70.7;0.0;0.0;;;;;;;;;;;;
2021;120;beauce_5_sa_093;organique_beauce_5;BTH;;FERTI;;0.0;0.0;;;;;;AN;mineral;N;;30.9;30.9;0.0;0.0;;;;;;;;;;;;
2021;324;beauce_5_sa_093;organique_beauce_5;BTH;;FERTI;;0.0;0.0;;;;;;AN;mineral;N;;97.6;97.6;0.0;0.0;;;;;;;;;;;;
2021;203;beauce_5_sa_094;organique_beauce_5;BTH;;RECOLTE;;0.0;0.0;4.91;;;;;;;;;;;;;0.0;4.34;3.0;;;;;;;;;
2021;313;beauce_5_sa_094;organique_beauce_5;BTH;;SEMIS;semis;0.0;2.5;;;;;;;;;;;;;;;;;;;;;;;;;
2021;301;beauce_5_sa_094;organique_beauce_5;BTH;;TRAVAIL_SOL;travail_sol_1;0.0;19.0;;;;;;;;;;;;;;;;;;;;;;;;;
2021;187;beauce_5_sa_095;organique_beauce_5;BTH;;RECOLTE;;0.0;0.0;9.0;;;;;;;;;;;;;0.0;7.96;3.0;;;;;;;;;
2021;285;beauce_5_sa_095;organique_beauce_5;BTH;;SEMIS;semis;0.0;2.4;;;;;;;;;;;;;;;;;;;;;;;;;
2021;125;beauce_5_sa_095;organique_beauce_5;BTH;;FERTI;;0.0;0.0;;;;;;AN;mineral;N;;67.2;67.2;0.0;0.0;;;;;;;;;;;;
2021;126;beauce_5_sa_095;organique_beauce_5;BTH;;FERTI;;0.0;0.0;;;;;;AN;mineral;N;;34.2;34.2;0.0;0.0;;;;;;;;;;;;
2021;334;beauce_5_sa_095;organique_beauce_5;BTH;;FERTI;;0.0;0.0;;;;;;AN;mineral;N;;78.1;78.1;0.0;0.0;;;;;;;;;;;;
2021;270;beauce_5_sa_095;organique_beauce_5;BTH;;TRAVAIL_SOL;une_reprise;0.0;11.5;;;;;;;;;;;;;;;;;;;;;;;;;
2021;202;beauce_5_sa_096;organique_beauce_5;BTH;;RECOLTE;;0.0;0.0;7.71;;;;;;;;;;;;;0.0;6.82;3.0;;;;;;;;;
2021;304;beauce_5_sa_096;organique_beauce_5;BTH;;SEMIS;semis;0.0;1.5;;;;;;;;;;;;;;;;;;;;;;;;;
2021;131;beauce_5_sa_096;organique_beauce_5;BTH;;FERTI;;0.0;0.0;;;;;;AN;mineral;N;;59.5;59.5;0.0;0.0;;;;;;;;;;;;
2021;180;beauce_5_sa_097;organique_beauce_5;BTH;;RECOLTE;;0.0;0.0;5.52;;;;;;;;;;;;;0.0;4.89;3.0;;;;;;;;;
2021;275;beauce_5_sa_097;organique_beauce_5;BTH;;SEMIS;semis;0.0;1.6;;;;;;;;;;;;;;;;;;;;;;;;;
2021;234;beauce_5_sa_097;organique_beauce_5;BTH;;TRAVAIL_SOL;travail_sol_1;0.0;14.5;;;;;;;;;;;;;;;;;;;;;;;;;
2021;179;beauce_5_sa_098;organique_beauce_5;BTH;;RECOLTE;;0.0;0.0;8.08;;;;;;;;;;;;;0.0;7.14;3.0;;;;;;;;;
2021;277;beauce_5_sa_098;organique_beauce_5;BTH;;SEMIS;semis;0.0;1.7;;;;;;;;;;;;;;;;;;;;;;;;;
2021;120;beauce_5_sa_098;organique_beauce_5;BTH;;FERTI;;0.0;0.0;;;;;;AN;mineral;N;;51.8;51.8;0.0;0.0;;;;;;;;;;;;
2021;121;beauce_5_sa_098;organique_beauce_5;BTH;;FERTI;;0.0;0.0;;;;;;AN;mineral;N;;50.4;50.4;0.0;0.0;;;;;;;;;;;;
2021;247;beauce_5_sa_098;organique_beauce_5;BTH;;TRAVAIL_SOL;travail_sol_1;0.0;10.2;;;;;;;;;;;;;;;;;;;;;;;;;
2021;199;beauce_5_sa_099;organique_beauce_5;BTH;;RECOLTE;;0.0;0.0;9.0;;;;;;;;;;;;;0.0;7.96;3.0;;;;;;;;;
2021;294;beauce_5_sa_099;organique_beauce_5;BTH;;SEMIS;semis;0.0;3.8;;;;;;;;;;;;;;;;;;;;;;;;;
2021;114;beauce_5_sa_099;organique_beauce_5;BTH;;FERTI;;0.0;0.0;;;;;;AN;mineral;N;;74.3;74.3;0.0;0.0;;;;;;;;;;;;
2021;115;beauce_5_sa_099;organique_beauce_5;BTH;;FERTI;;0.0;0.0;;;;;;AN;mineral;N;;88.8;88.8;0.0;0.0;;;;;;;;;;;;
2021;134;beauce_5_sa_099;organique_beauce_5;BTH;;FERTI;;0.0;0.0;;;;;;AN;mineral;N;;86.8;86.8;0.0;0.0;;;;;;;;;;;;
