sortie,leaf_id,n,mean,std,min,max,rules
N_lixi,5,139,1.571208633093525,0.1852792046967105,1.206,2.132,Date_Semis <= 73.23 ET Date_Recolte <= 369.7 ET Delta_PREPA_Semis <= -29.39 ET Date_Semis <= 56.32 ET Date_Semis <= 50.06
N_lixi,6,141,1.855390070921986,0.25472662581816846,1.44,2.492,Date_Semis <= 73.23 ET Date_Recolte <= 369.7 ET Delta_PREPA_Semis <= -29.39 ET Date_Semis <= 56.32 ET Date_Semis > 50.06
N_lixi,19,62,2.0354193548387096,0.3923399976010727,1.384,3.2239999999999993,Date_Semis <= 73.23 ET Date_Recolte > 369.7 ET Delta_PREPA_Semis <= -27.78 ET Date_Semis <= 52.77
N_lixi,12,387,2.161875968992248,0.11670238093694299,1.544,2.44,Date_Semis <= 73.23 ET Date_Recolte <= 369.7 ET Delta_PREPA_Semis > -29.39 ET Date_Semis <= 57.44 ET Date_Recolte <= 337.4
N_lixi,8,136,2.198014705882353,0.23045520124773725,1.7280000000000002,2.636,Date_Semis <= 73.23 ET Date_Recolte <= 369.7 ET Delta_PREPA_Semis <= -29.39 ET Date_Semis > 56.32 ET Date_Semis <= 63.04
N_lixi,9,220,2.4122454545454546,0.07465716912406282,2.036,2.586,Date_Semis <= 73.23 ET Date_Recolte <= 369.7 ET Delta_PREPA_Semis <= -29.39 ET Date_Semis > 56.32 ET Date_Semis > 63.04
N_lixi,13,870,2.4310919540229885,0.12426508768773922,1.72,2.778,Date_Semis <= 73.23 ET Date_Recolte <= 369.7 ET Delta_PREPA_Semis > -29.39 ET Date_Semis <= 57.44 ET Date_Recolte > 337.4
N_lixi,15,655,2.467490076335878,0.16160317656243836,2.148,2.944,Date_Semis <= 73.23 ET Date_Recolte <= 369.7 ET Delta_PREPA_Semis > -29.39 ET Date_Semis > 57.44 ET has_prepa != 0.0
N_lixi,35,483,2.513805383022774,0.11527583468467824,2.2939999999999996,3.014,Date_Semis > 73.23 ET Delta_PREPA_Semis <= -24.24 ET Date_Semis <= 90.07 ET Date_Recolte <= 372.3 ET Date_Recolte > 331.3
N_lixi,21,81,2.537925925925926,0.3190497523027473,1.766,2.996,Date_Semis <= 73.23 ET Date_Recolte > 369.7 ET Delta_PREPA_Semis <= -27.78 ET Date_Semis > 52.77 ET Delta_PREPA_Semis <= -35.51
N_lixi,26,126,2.68284126984127,0.14101809317663666,2.376,2.9840000000000004,Date_Semis <= 73.23 ET Date_Recolte > 369.7 ET Delta_PREPA_Semis > -27.78 ET Date_Recolte <= 375.6 ET has_prepa == 1.0
N_lixi,44,258,2.698139534883721,0.14624901445335145,2.394,3.1079999999999997,Date_Semis > 73.23 ET Delta_PREPA_Semis <= -24.24 ET Date_Semis > 90.07 ET Date_Recolte > 331.5 ET Delta_PREPA_Semis <= -34.91
N_lixi,37,96,2.6982291666666662,0.09117703764096775,2.5460000000000003,2.968,Date_Semis > 73.23 ET Delta_PREPA_Semis <= -24.24 ET Date_Semis <= 90.07 ET Date_Recolte > 372.3 ET Date_Recolte <= 379.4
N_lixi,16,998,2.726134268537074,0.11160232634561561,2.424,3.104,Date_Semis <= 73.23 ET Date_Recolte <= 369.7 ET Delta_PREPA_Semis > -29.39 ET Date_Semis > 57.44 ET has_prepa == 0.0
N_lixi,22,81,2.732543209876543,0.1950464078996787,2.22,3.1759999999999997,Date_Semis <= 73.23 ET Date_Recolte > 369.7 ET Delta_PREPA_Semis <= -27.78 ET Date_Semis > 52.77 ET Delta_PREPA_Semis > -35.51
N_lixi,34,100,2.7708999999999997,0.19919786113005294,2.436,3.3240000000000003,Date_Semis > 73.23 ET Delta_PREPA_Semis <= -24.24 ET Date_Semis <= 90.07 ET Date_Recolte <= 372.3 ET Date_Recolte <= 331.3
N_lixi,38,52,2.7859615384615384,0.08370207707930943,2.662,3.0599999999999996,Date_Semis > 73.23 ET Delta_PREPA_Semis <= -24.24 ET Date_Semis <= 90.07 ET Date_Recolte > 372.3 ET Date_Recolte > 379.4
N_lixi,25,218,2.8511926605504585,0.15171805509172304,2.372,3.132,Date_Semis <= 73.23 ET Date_Recolte > 369.7 ET Delta_PREPA_Semis > -27.78 ET Date_Recolte <= 375.6 ET has_prepa != 1.0
N_lixi,45,278,2.8724892086330938,0.12397993123417175,2.534,3.3879999999999995,Date_Semis > 73.23 ET Delta_PREPA_Semis <= -24.24 ET Date_Semis > 90.07 ET Date_Recolte > 331.5 ET Delta_PREPA_Semis > -34.91
N_lixi,49,63,2.902761904761905,0.15950626585788488,2.516,3.2060000000000004,Date_Semis > 73.23 ET Delta_PREPA_Semis > -24.24 ET Date_Recolte <= 332.3 ET Date_Semis <= 81.09 ET Date_Semis <= 76.65
N_lixi,56,623,2.909576243980738,0.1621748497100403,2.364,3.418,Date_Semis > 73.23 ET Delta_PREPA_Semis > -24.24 ET Date_Recolte > 332.3 ET has_prepa != 0.0 ET Date_Semis <= 90.65
N_lixi,29,197,2.995421319796954,0.1723955174623354,2.6239999999999997,3.442,Date_Semis <= 73.23 ET Date_Recolte > 369.7 ET Delta_PREPA_Semis > -27.78 ET Date_Recolte > 375.6 ET has_prepa == 1.0
N_lixi,59,350,3.03588,0.12273295445349028,2.818,3.378,Date_Semis > 73.23 ET Delta_PREPA_Semis > -24.24 ET Date_Recolte > 332.3 ET has_prepa == 0.0 ET Date_Semis <= 78.45
N_lixi,57,548,3.1300401459854013,0.1354291919308216,2.738,3.5,Date_Semis > 73.23 ET Delta_PREPA_Semis > -24.24 ET Date_Recolte > 332.3 ET has_prepa != 0.0 ET Date_Semis > 90.65
N_lixi,41,55,3.1390181818181815,0.16241139931132478,2.74,3.468,Date_Semis > 73.23 ET Delta_PREPA_Semis <= -24.24 ET Date_Semis > 90.07 ET Date_Recolte <= 331.5 ET Delta_PREPA_Semis <= -33.73
N_lixi,28,321,3.1553520249221187,0.0841252269904775,2.994,3.3979999999999997,Date_Semis <= 73.23 ET Date_Recolte > 369.7 ET Delta_PREPA_Semis > -27.78 ET Date_Recolte > 375.6 ET has_prepa != 1.0
N_lixi,50,74,3.1987567567567567,0.16393740960741487,2.858,3.536,Date_Semis > 73.23 ET Delta_PREPA_Semis > -24.24 ET Date_Recolte <= 332.3 ET Date_Semis <= 81.09 ET Date_Semis > 76.65
N_lixi,60,1870,3.254547593582888,0.10803768258484853,3.05,3.644,Date_Semis > 73.23 ET Delta_PREPA_Semis > -24.24 ET Date_Recolte > 332.3 ET has_prepa == 0.0 ET Date_Semis > 78.45
N_lixi,42,50,3.33536,0.10364101307801254,3.1119999999999997,3.518,Date_Semis > 73.23 ET Delta_PREPA_Semis <= -24.24 ET Date_Semis > 90.07 ET Date_Recolte <= 331.5 ET Delta_PREPA_Semis > -33.73
N_lixi,52,150,3.4450533333333335,0.1624261850590636,3.01,3.752,Date_Semis > 73.23 ET Delta_PREPA_Semis > -24.24 ET Date_Recolte <= 332.3 ET Date_Semis > 81.09 ET Date_Semis <= 89.29
N_lixi,53,318,3.6757610062893082,0.146172080393902,3.164,4.01,Date_Semis > 73.23 ET Delta_PREPA_Semis > -24.24 ET Date_Recolte <= 332.3 ET Date_Semis > 81.09 ET Date_Semis > 89.29
dCorg,44,195,-298.16469743589744,7.782055112829577,-314.91999999999996,-274.55,Date_Recolte > 352.6 ET Date_Semis <= 64.69 ET Date_Recolte > 367.5 ET Date_Semis <= 54.14 ET Date_Recolte > 376.1
dCorg,43,228,-284.60515789473686,7.135129954243736,-301.5,-269.35,Date_Recolte > 352.6 ET Date_Semis <= 64.69 ET Date_Recolte > 367.5 ET Date_Semis <= 54.14 ET Date_Recolte <= 376.1
dCorg,47,248,-278.73454032258064,6.626540598687963,-294.506,-263.64,Date_Recolte > 352.6 ET Date_Semis <= 64.69 ET Date_Recolte > 367.5 ET Date_Semis > 54.14 ET Date_Recolte > 375.7
dCorg,37,212,-266.3784528301887,7.031530524650479,-283.72799999999995,-251.488,Date_Recolte > 352.6 ET Date_Semis <= 64.69 ET Date_Recolte <= 367.5 ET Date_Semis <= 55.38 ET Date_Recolte > 360.2
dCorg,46,239,-264.5334644351464,6.768725864563596,-280.088,-248.748,Date_Recolte > 352.6 ET Date_Semis <= 64.69 ET Date_Recolte > 367.5 ET Date_Semis > 54.14 ET Date_Recolte <= 375.7
dCorg,59,462,-257.58861471861474,7.789125371362451,-278.148,-241.166,Date_Recolte > 352.6 ET Date_Semis > 64.69 ET Date_Recolte > 369.2 ET Date_Semis <= 84.67 ET Date_Recolte > 375.4
dCorg,36,200,-253.84703000000002,5.9793185204456805,-268.84000000000003,-238.62000000000003,Date_Recolte > 352.6 ET Date_Semis <= 64.69 ET Date_Recolte <= 367.5 ET Date_Semis <= 55.38 ET Date_Recolte <= 360.2
dCorg,40,153,-249.2935424836601,5.968789516250489,-265.322,-236.156,Date_Recolte > 352.6 ET Date_Semis <= 64.69 ET Date_Recolte <= 367.5 ET Date_Semis > 55.38 ET Date_Recolte > 361.4
dCorg,58,314,-243.8972229299363,6.671736746554022,-261.6,-230.08,Date_Recolte > 352.6 ET Date_Semis > 64.69 ET Date_Recolte > 369.2 ET Date_Semis <= 84.67 ET Date_Recolte <= 375.4
dCorg,13,209,-241.23207655502392,6.720717660988794,-259.67600000000004,-226.998,Date_Recolte <= 352.6 ET Date_Semis <= 64.98 ET Date_Recolte > 336.2 ET Date_Semis <= 55.56 ET Date_Recolte > 344.9
dCorg,62,413,-239.37171912832932,6.687760954244237,-256.352,-224.538,Date_Recolte > 352.6 ET Date_Semis > 64.69 ET Date_Recolte > 369.2 ET Date_Semis > 84.67 ET Date_Recolte > 376.8
dCorg,39,257,-236.14140856031128,5.809284354490896,-250.114,-222.76799999999997,Date_Recolte > 352.6 ET Date_Semis <= 64.69 ET Date_Recolte <= 367.5 ET Date_Semis > 55.38 ET Date_Recolte <= 361.4
dCorg,52,390,-231.41084615384614,7.036344389455082,-251.138,-217.252,Date_Recolte > 352.6 ET Date_Semis > 64.69 ET Date_Recolte <= 369.2 ET Date_Semis <= 82.8 ET Date_Recolte > 361
dCorg,12,280,-226.00445714285715,6.695594868517501,-242.598,-207.532,Date_Recolte <= 352.6 ET Date_Semis <= 64.98 ET Date_Recolte > 336.2 ET Date_Semis <= 55.56 ET Date_Recolte <= 344.9
dCorg,61,417,-225.73522302158275,6.419884916192895,-242.13,-211.01800000000003,Date_Recolte > 352.6 ET Date_Semis > 64.69 ET Date_Recolte > 369.2 ET Date_Semis > 84.67 ET Date_Recolte <= 376.8
dCorg,16,250,-220.904968,6.2063760923565585,-236.006,-207.956,Date_Recolte <= 352.6 ET Date_Semis <= 64.98 ET Date_Recolte > 336.2 ET Date_Semis > 55.56 ET Date_Recolte > 342.5
dCorg,51,451,-218.2671796008869,6.129448200731415,-236.212,-204.224,Date_Recolte > 352.6 ET Date_Semis > 64.69 ET Date_Recolte <= 369.2 ET Date_Semis <= 82.8 ET Date_Recolte <= 361
dCorg,55,453,-212.64973509933776,6.823928719484878,-230.33199999999997,-196.406,Date_Recolte > 352.6 ET Date_Semis > 64.69 ET Date_Recolte <= 369.2 ET Date_Semis > 82.8 ET Date_Recolte > 361.6
dCorg,6,152,-210.02442105263157,5.655504313505885,-221.994,-198.244,Date_Recolte <= 352.6 ET Date_Semis <= 64.98 ET Date_Recolte <= 336.2 ET Date_Semis <= 54.1 ET Date_Recolte > 329.9
dCorg,15,161,-207.55850931677017,5.573825693720166,-220.706,-195.032,Date_Recolte <= 352.6 ET Date_Semis <= 64.98 ET Date_Recolte > 336.2 ET Date_Semis > 55.56 ET Date_Recolte <= 342.5
dCorg,28,407,-205.53877641277643,6.338528478872033,-220.996,-190.572,Date_Recolte <= 352.6 ET Date_Semis > 64.98 ET Date_Recolte > 337 ET Date_Semis <= 84.5 ET Date_Recolte > 344.8
dCorg,54,554,-199.48640072202167,6.746374886587555,-217.22999999999996,-185.158,Date_Recolte > 352.6 ET Date_Semis > 64.69 ET Date_Recolte <= 369.2 ET Date_Semis > 82.8 ET Date_Recolte <= 361.6
dCorg,5,153,-197.76679738562092,5.565161908742586,-210.464,-185.212,Date_Recolte <= 352.6 ET Date_Semis <= 64.98 ET Date_Recolte <= 336.2 ET Date_Semis <= 54.1 ET Date_Recolte <= 329.9
dCorg,9,165,-194.7429212121212,5.813086848411024,-207.532,-180.812,Date_Recolte <= 352.6 ET Date_Semis <= 64.98 ET Date_Recolte <= 336.2 ET Date_Semis > 54.1 ET Date_Recolte > 329.5
dCorg,27,393,-193.59940458015268,6.387599105160274,-211.002,-178.75600000000003,Date_Recolte <= 352.6 ET Date_Semis > 64.98 ET Date_Recolte > 337 ET Date_Semis <= 84.5 ET Date_Recolte <= 344.8
dCorg,31,345,-188.9145855072464,5.740012147941002,-202.482,-174.994,Date_Recolte <= 352.6 ET Date_Semis > 64.98 ET Date_Recolte > 337 ET Date_Semis > 84.5 ET Date_Recolte > 346.4
dCorg,8,186,-182.19179569892472,5.614448143676766,-198.476,-170.204,Date_Recolte <= 352.6 ET Date_Semis <= 64.98 ET Date_Recolte <= 336.2 ET Date_Semis > 54.1 ET Date_Recolte <= 329.5
dCorg,21,302,-180.13144370860925,5.891851947441901,-199.15,-166.68800000000002,Date_Recolte <= 352.6 ET Date_Semis > 64.98 ET Date_Recolte <= 337 ET Date_Semis <= 85.43 ET Date_Recolte > 331.7
dCorg,30,560,-176.89759642857143,6.368387735405771,-192.246,-161.2,Date_Recolte <= 352.6 ET Date_Semis > 64.98 ET Date_Recolte > 337 ET Date_Semis > 84.5 ET Date_Recolte <= 346.4
dCorg,20,462,-168.6274502164502,5.363075638517293,-183.002,-155.152,Date_Recolte <= 352.6 ET Date_Semis > 64.98 ET Date_Recolte <= 337 ET Date_Semis <= 85.43 ET Date_Recolte <= 331.7
dCorg,24,472,-161.9225720338983,5.752003498006983,-176.674,-148.80599999999998,Date_Recolte <= 352.6 ET Date_Semis > 64.98 ET Date_Recolte <= 337 ET Date_Semis > 85.43 ET Date_Recolte > 328.5
dCorg,23,317,-151.82470031545742,5.213408326749783,-163.86,-139.07,Date_Recolte <= 352.6 ET Date_Semis > 64.98 ET Date_Recolte <= 337 ET Date_Semis > 85.43 ET Date_Recolte <= 328.5
rdt,42,387,4.135891472868217,0.04265075189189764,4.06,4.34,Delta_PREPA_Semis > -24.56 ET Date_Recolte <= 332 ET Date_Semis > 70.48 ET Date_Semis > 81.26 ET Date_Recolte <= 330.5
rdt,43,71,4.209647887323944,0.044660016822832764,4.125,4.33,Delta_PREPA_Semis > -24.56 ET Date_Recolte <= 332 ET Date_Semis > 70.48 ET Date_Semis > 81.26 ET Date_Recolte > 330.5
rdt,12,92,4.245652173913044,0.07484495839680849,4.08,4.45,Delta_PREPA_Semis <= -24.56 ET Date_Recolte <= 335.1 ET Date_Semis > 77.01 ET Date_Semis > 96.35
rdt,40,117,4.270213675213675,0.06516025722571392,4.13,4.404999999999999,Delta_PREPA_Semis > -24.56 ET Date_Recolte <= 332 ET Date_Semis > 70.48 ET Date_Semis <= 81.26 ET has_prepa == 0.0
rdt,48,301,4.29343853820598,0.06856544593687634,4.16,4.449999999999999,Delta_PREPA_Semis > -24.56 ET Date_Recolte > 332 ET has_prepa != 1.0 ET Date_Recolte <= 339.9 ET Date_Semis > 77.64
rdt,10,81,4.344135802469136,0.07776483027153402,4.195,4.47,Delta_PREPA_Semis <= -24.56 ET Date_Recolte <= 335.1 ET Date_Semis > 77.01 ET Date_Semis <= 96.35 ET Date_Recolte <= 328.9
rdt,39,60,4.351583333333334,0.07174278246735476,4.21,4.51,Delta_PREPA_Semis > -24.56 ET Date_Recolte <= 332 ET Date_Semis > 70.48 ET Date_Semis <= 81.26 ET has_prepa != 0.0
rdt,57,189,4.354973544973545,0.07898373343589614,4.1899999999999995,4.575,Delta_PREPA_Semis > -24.56 ET Date_Recolte > 332 ET has_prepa == 1.0 ET Date_Semis > 79.16 ET Date_Recolte <= 341.4
rdt,35,76,4.388618421052631,0.06371602982091995,4.255,4.545,Delta_PREPA_Semis > -24.56 ET Date_Recolte <= 332 ET Date_Semis <= 70.48 ET Date_Semis > 62.91 ET Date_Recolte <= 327.5
rdt,51,1030,4.429621359223301,0.03177304004895427,4.32,4.49,Delta_PREPA_Semis > -24.56 ET Date_Recolte > 332 ET has_prepa != 1.0 ET Date_Recolte > 339.9 ET Date_Recolte > 371.1
rdt,11,73,4.451849315068493,0.07520115085423965,4.3100000000000005,4.605,Delta_PREPA_Semis <= -24.56 ET Date_Recolte <= 335.1 ET Date_Semis > 77.01 ET Date_Semis <= 96.35 ET Date_Recolte > 328.9
rdt,50,2569,4.470360062281043,0.03457627321090273,4.3149999999999995,4.575,Delta_PREPA_Semis > -24.56 ET Date_Recolte > 332 ET has_prepa != 1.0 ET Date_Recolte > 339.9 ET Date_Recolte <= 371.1
rdt,26,44,4.483295454545455,0.0645732249017128,4.34,4.605,Delta_PREPA_Semis <= -24.56 ET Date_Recolte > 335.1 ET Delta_PREPA_Semis > -33.37 ET Date_Semis > 84.81 ET Date_Recolte <= 342.7
rdt,36,60,4.486,0.058373432545282565,4.34,4.615,Delta_PREPA_Semis > -24.56 ET Date_Recolte <= 332 ET Date_Semis <= 70.48 ET Date_Semis > 62.91 ET Date_Recolte > 327.5
rdt,47,342,4.494546783625731,0.0468166934993396,4.35,4.58,Delta_PREPA_Semis > -24.56 ET Date_Recolte > 332 ET has_prepa != 1.0 ET Date_Recolte <= 339.9 ET Date_Semis <= 77.64
rdt,55,262,4.498339694656488,0.04531722022530228,4.390000000000001,4.605,Delta_PREPA_Semis > -24.56 ET Date_Recolte > 332 ET has_prepa == 1.0 ET Date_Semis <= 79.16 ET Date_Recolte > 372.4
rdt,33,220,4.504204545454545,0.040916207696997775,4.37,4.57,Delta_PREPA_Semis > -24.56 ET Date_Recolte <= 332 ET Date_Semis <= 70.48 ET Date_Semis <= 62.91 ET has_prepa == 0.0
rdt,58,810,4.5152777777777775,0.036379107072559924,4.375,4.615,Delta_PREPA_Semis > -24.56 ET Date_Recolte > 332 ET has_prepa == 1.0 ET Date_Semis > 79.16 ET Date_Recolte > 341.4
rdt,54,973,4.575313463514902,0.046911059722719965,4.404999999999999,4.715,Delta_PREPA_Semis > -24.56 ET Date_Recolte > 332 ET has_prepa == 1.0 ET Date_Semis <= 79.16 ET Date_Recolte <= 372.4
rdt,7,90,4.577500000000001,0.07775375275455045,4.42,4.75,Delta_PREPA_Semis <= -24.56 ET Date_Recolte <= 335.1 ET Date_Semis <= 77.01 ET Date_Semis > 64.83
rdt,27,247,4.589271255060728,0.032285491336782324,4.49,4.6899999999999995,Delta_PREPA_Semis <= -24.56 ET Date_Recolte > 335.1 ET Delta_PREPA_Semis > -33.37 ET Date_Semis > 84.81 ET Date_Recolte > 342.7
rdt,24,198,4.596691919191919,0.038890592801868636,4.485,4.6899999999999995,Delta_PREPA_Semis <= -24.56 ET Date_Recolte > 335.1 ET Delta_PREPA_Semis > -33.37 ET Date_Semis <= 84.81 ET Date_Recolte > 368.5
rdt,32,75,4.6011999999999995,0.03438494327935289,4.505,4.705,Delta_PREPA_Semis > -24.56 ET Date_Recolte <= 332 ET Date_Semis <= 70.48 ET Date_Semis <= 62.91 ET has_prepa != 0.0
rdt,20,193,4.60580310880829,0.058334100506921664,4.41,4.715,Delta_PREPA_Semis <= -24.56 ET Date_Recolte > 335.1 ET Delta_PREPA_Semis <= -33.37 ET Date_Semis > 56.77 ET Date_Semis > 94.92
rdt,23,382,4.657290575916231,0.03572535753209548,4.574999999999999,4.785,Delta_PREPA_Semis <= -24.56 ET Date_Recolte > 335.1 ET Delta_PREPA_Semis > -33.37 ET Date_Semis <= 84.81 ET Date_Recolte <= 368.5
rdt,6,72,4.673541666666667,0.04877685248176824,4.535,4.775,Delta_PREPA_Semis <= -24.56 ET Date_Recolte <= 335.1 ET Date_Semis <= 77.01 ET Date_Semis <= 64.83 ET Delta_PREPA_Semis > -34.54
rdt,19,689,4.685631349782294,0.043213914285281665,4.48,4.82,Delta_PREPA_Semis <= -24.56 ET Date_Recolte > 335.1 ET Delta_PREPA_Semis <= -33.37 ET Date_Semis > 56.77 ET Date_Semis <= 94.92
rdt,17,61,4.705901639344263,0.06745064984071261,4.55,4.855,Delta_PREPA_Semis <= -24.56 ET Date_Recolte > 335.1 ET Delta_PREPA_Semis <= -33.37 ET Date_Semis <= 56.77 ET Date_Recolte > 368.6
rdt,16,170,4.78164705882353,0.04477351443485964,4.655,4.895,Delta_PREPA_Semis <= -24.56 ET Date_Recolte > 335.1 ET Delta_PREPA_Semis <= -33.37 ET Date_Semis <= 56.77 ET Date_Recolte <= 368.6
rdt,5,66,4.784242424242424,0.048534226022170036,4.654999999999999,4.890000000000001,Delta_PREPA_Semis <= -24.56 ET Date_Recolte <= 335.1 ET Date_Semis <= 77.01 ET Date_Semis <= 64.83 ET Delta_PREPA_Semis <= -34.54
