point_idx,run,parcelle,n_ferti,nb_prepa,Date_Semis,Delta_PREPA_Semis,Profondeur_Semis,Profondeur_Prepa_1,Profondeur_Prepa_2,Date_F1,Date_F2,Date_F3,Date_Recolte,Dose_F1,Dose_F2,Dose_F3
0,smt_000,beauce_5_sa_000,3,2,103.28852398607097,-39.11345591855917,1.571896304544436,6.642270571330713,21.884507639996354,177.03149828841026,242.42645683581011,318.94507467126687,364.16498248651334,7.3119864819426414,12.768486081301115,6.661107852116156
1,smt_000,beauce_5_sa_001,1,0,45.92536485582727,-24.0,3.225001229028047,13.0,13.0,203.45572783641813,237.5,294.0,352.25647074980776,2.0561761505241467,10.0,10.0
2,smt_000,beauce_5_sa_002,3,2,74.75725761946119,-42.479641637558935,3.3323234616511064,13.594384792225643,8.193359131826824,110.32190675997924,257.9294435280034,314.02378660063414,329.85649261365654,2.0347931846272047,30.80269470939169,37.72703056308738
3,smt_000,beauce_5_sa_003,0,1,82.30343285993567,-17.753411217110035,1.8798270985651884,21.25904806633946,13.0,158.0,237.5,294.0,366.21973942234456,10.0,10.0,10.0
4,smt_000,beauce_5_sa_004,0,0,56.414854395761665,-24.0,1.9210914993727584,13.0,13.0,158.0,237.5,294.0,355.89205954826855,10.0,10.0,10.0
5,smt_000,beauce_5_sa_005,1,2,58.0279372356991,-5.055899037586798,3.2065551092983493,16.51436325022689,21.108807944793522,196.6918613084867,237.5,294.0,334.7647328897367,6.146546408555211,10.0,10.0
6,smt_000,beauce_5_sa_006,0,1,93.23965631930471,-27.560741596105427,1.4027630302613414,9.740770539152862,13.0,158.0,237.5,294.0,373.6764881649786,10.0,10.0,10.0
7,smt_000,beauce_5_sa_007,3,1,100.53411323606473,-27.523908890744845,3.267226323811432,19.50194810549927,13.0,197.6806259354491,218.49838499569128,276.9871752812754,361.8221139714379,16.63414510817785,1.3889054447162528,1.538146820347919
8,smt_000,beauce_5_sa_008,2,1,85.81253961975048,-33.51479026369354,2.842848856711086,23.379127810841354,13.0,202.22904221105168,236.22887827578924,294.0,330.85838792610093,4.882508771633673,2.148676920613807,10.0
9,smt_000,beauce_5_sa_009,1,0,48.3166756632532,-24.0,3.117140388683507,13.0,13.0,116.59305685112429,237.5,294.0,383.49151350869727,1.7392206378110806,10.0,10.0
10,smt_000,beauce_5_sa_010,2,0,91.74384116280936,-24.0,2.360472228891032,13.0,13.0,152.71297182255836,251.43239211112575,294.0,336.8899343270179,1.5373093582616415,54.67868171702266,10.0
11,smt_000,beauce_5_sa_011,1,2,83.0759379129279,-41.174266246233735,3.129148847209546,18.184241365713998,11.696422503733011,131.30512936515973,237.5,294.0,339.7579322909234,1.7531424666174527,10.0,10.0
12,smt_000,beauce_5_sa_012,3,1,83.15898836183754,-9.586899593051108,1.757972629590956,8.654695743204957,13.0,147.59282798191737,227.82269203105994,295.7925678719785,382.34085154939083,1.1429662098994278,47.590002790195335,7.178728304979708
13,smt_000,beauce_5_sa_013,0,2,52.0971632077789,-28.304055395175507,3.2989521045590022,9.756002293697273,5.539668264764295,158.0,237.5,294.0,367.2941027013211,10.0,10.0,10.0
14,smt_000,beauce_5_sa_014,2,2,64.7251489949284,-27.706278911242965,1.649268661078434,3.3833626349463755,23.081525391513537,159.28255936914604,215.9624471898636,294.0,351.2607194841918,3.4816969254139343,16.6229601132685,10.0
15,smt_000,beauce_5_sa_015,0,2,60.341945282038715,-41.994522749819346,3.830846603688649,5.321024004724643,10.463418526486343,158.0,237.5,294.0,358.99202856534123,10.0,10.0,10.0
16,smt_000,beauce_5_sa_016,2,0,81.06563766060495,-24.0,1.6207574021420452,13.0,13.0,186.64463183368943,262.4196043868102,294.0,382.57264211720894,2.3785604744701305,3.116626549956679,10.0
17,smt_000,beauce_5_sa_017,2,2,49.72779827668786,-39.146677219232195,1.354090665079474,16.672199670855832,19.41278311766939,190.3023741591518,243.61932815552623,294.0,347.39649527292266,26.475539399600674,90.2811577670009,10.0
18,smt_000,beauce_5_sa_018,1,1,60.830183203914096,-26.25345189267095,1.2561443678122501,5.2028212883020375,13.0,129.77019062575016,237.5,294.0,330.80307013216395,1.578172154520215,10.0,10.0
19,smt_000,beauce_5_sa_019,2,1,72.86852402458858,-16.477898449254038,1.7245566723995636,2.726963076736177,13.0,113.75809024654494,245.776367954212,294.0,363.18329374299344,64.44265943360101,21.918652431083824,10.0
20,smt_000,beauce_5_sa_020,0,1,80.88018737675067,-28.953061639970166,3.7359380730981453,24.57135596623777,13.0,158.0,237.5,294.0,371.33902222084185,10.0,10.0,10.0
21,smt_000,beauce_5_sa_021,1,2,47.07812066923198,-19.708541033521538,2.8681420224228784,3.8153159181323817,3.8245582435720795,110.11096510055809,237.5,294.0,365.4118282516398,47.622902975633764,10.0,10.0
22,smt_000,beauce_5_sa_022,3,2,54.84423645407661,-27.027502640959394,2.0673877689014515,3.3326475863806135,10.472251021816682,125.92476020580933,215.57280897469332,302.6235952365538,334.90865856831203,1.1062672389995067,4.5158501703290685,1.6238307910621361
23,smt_000,beauce_5_sa_023,0,1,77.7340988695618,-28.68040171412958,2.744229180546733,5.159453270259924,13.0,158.0,237.5,294.0,380.8916332267297,10.0,10.0,10.0
24,smt_000,beauce_5_sa_024,2,2,47.23206983306147,-4.292705415575227,2.4128234278429708,18.50629952139302,23.420936079406427,110.46130859033498,227.08545898996212,294.0,372.4876907794419,1.365448600647263,16.024897338964006,10.0
25,smt_000,beauce_5_sa_025,0,2,78.25601959570096,-24.22188962738364,3.5898981764541484,15.896019679236872,24.855011326090853,158.0,237.5,294.0,372.15998656813514,10.0,10.0,10.0
26,smt_000,beauce_5_sa_026,2,2,57.24599102616004,-42.64209169946509,1.4262440724578445,16.06650229008853,19.763781531125925,106.11696436836482,230.8000473183036,294.0,380.52608595379957,6.997278070871284,8.201253425917846,10.0
27,smt_000,beauce_5_sa_027,3,1,66.47589760571957,-12.47694056608659,2.0700290983144614,4.483389476685087,13.0,192.78064380275256,232.99957974847152,274.1628726439252,354.8381002722765,21.814268909866996,1.7494315557136488,1.5930979345610643
28,smt_000,beauce_5_sa_028,1,1,52.509698993595094,-14.482333866994537,1.4248119792007832,23.670794411938502,13.0,127.83423510572467,237.5,294.0,375.1638898287316,80.87149913739586,10.0,10.0
29,smt_000,beauce_5_sa_029,1,2,77.47786166658611,-27.58610795802766,3.4508440792146553,21.48748144957674,1.270662343302089,123.63881571544843,237.5,294.0,324.82061507773284,58.42505335348932,10.0,10.0
30,smt_000,beauce_5_sa_030,1,2,100.40244270828462,-23.80240666890491,1.1730198665095772,17.86617789964211,12.824105138902723,200.4848018381132,237.5,294.0,362.5032659419081,32.80012801126561,10.0,10.0
31,smt_000,beauce_5_sa_031,0,0,67.50697230290976,-24.0,1.5132838239107629,13.0,13.0,158.0,237.5,294.0,337.5528633226901,10.0,10.0,10.0
32,smt_000,beauce_5_sa_032,1,2,71.57290131162112,-30.403824437582998,3.789427769486774,10.270389669923615,4.224419836772559,177.2431886311351,237.5,294.0,352.48549930550854,7.560610929745004,10.0,10.0
33,smt_000,beauce_5_sa_033,3,0,45.26830626542631,-24.0,2.8592001685052373,13.0,13.0,183.81582132259658,227.63717050388433,296.15789980213526,367.6106748517425,1.231521937571186,41.853311049568966,2.6290312789935575
34,smt_000,beauce_5_sa_034,1,1,71.72923695446602,-17.382276869051584,1.2934066896341494,16.451906627237943,13.0,138.3101284552285,237.5,294.0,339.93901019530045,27.24493407069626,10.0,10.0
35,smt_000,beauce_5_sa_035,3,2,84.48827088288368,-35.922950068718926,3.7451544075031715,19.75938416457671,14.449717409263553,115.3450013895116,262.33617039515104,322.4258489890873,347.31399826520794,8.969875745667307,14.190658376585802,5.892774804702028
36,smt_000,beauce_5_sa_036,0,1,92.63767507657364,-34.275873096547095,3.7980022733015097,15.788838031161886,13.0,158.0,237.5,294.0,323.8234420184688,10.0,10.0,10.0
37,smt_000,beauce_5_sa_037,1,2,105.82536637857919,-25.834925801901313,3.6937742865595693,22.53670670808633,7.089081811336683,136.925057440104,237.5,294.0,355.5141595470634,1.1769253900510852,10.0,10.0
38,smt_000,beauce_5_sa_038,0,1,98.12847845242317,-10.292005354830579,2.895729709502237,12.203051508792154,13.0,158.0,237.5,294.0,383.8271405453825,10.0,10.0,10.0
39,smt_000,beauce_5_sa_039,3,1,74.37618201975476,-23.502851229505378,3.0945797780981605,1.134169909319679,13.0,121.99726493593448,242.0400977296627,307.39954671443246,361.263270806111,95.2135835937105,15.805412088113354,3.337105475640443
40,smt_000,beauce_5_sa_040,3,2,71.6375918837253,-8.326654903707599,3.482328895105644,19.049001578114662,4.289277246452247,107.37638305173067,233.36814491348525,278.96985618994324,337.28848675446096,74.12252123056875,57.27956020113117,11.612077491444012
41,smt_000,beauce_5_sa_041,3,0,66.49202248313352,-24.0,1.1433578317587976,13.0,13.0,137.57100790837427,244.7594376391839,308.8224259440287,352.96032647487226,3.9940129309008996,18.70997008352984,7.64009343944831
42,smt_000,beauce_5_sa_042,2,1,69.1411006778711,-25.474663713718957,3.277077437457348,9.064270780024529,13.0,127.60735423034188,237.5772991551488,294.0,366.4321078850316,82.37609449829894,87.9934864087455,10.0
43,smt_000,beauce_5_sa_043,1,1,78.64370114573971,-35.07453576893862,2.737022748953974,22.19128278081323,13.0,135.82600488990022,237.5,294.0,336.37993310532397,32.753339597050996,10.0,10.0
44,smt_000,beauce_5_sa_044,0,0,74.65016750085123,-24.0,3.209997898251867,13.0,13.0,158.0,237.5,294.0,340.23109783824833,10.0,10.0,10.0
45,smt_000,beauce_5_sa_045,3,2,57.531841188412145,-29.504582390622154,3.5145470284159557,9.556254308470239,6.343030544740359,139.1950189290345,245.37810080240436,283.353802680506,361.31961288592635,42.2082604561276,1.8093955522373641,80.32299248345323
46,smt_000,beauce_5_sa_046,3,0,59.92464147697313,-24.0,2.399374518268377,13.0,13.0,115.67041293942474,213.9109104759928,311.91010105156596,339.7685400793061,8.326661287251154,3.684061612379111,22.85830346094162
47,smt_000,beauce_5_sa_047,3,2,49.46614799064726,-21.544259941286487,2.018967398793713,1.4010733242190492,10.976776186294288,111.66462852349542,213.65409776160092,314.7851786083124,378.38540869234913,92.58747412107917,42.53728076740702,3.206600995019572
48,smt_000,beauce_5_sa_048,2,2,96.65997864799746,-8.092470580793524,1.9925374308356059,3.1421293796593037,9.330497504128784,135.51723844708548,264.27099435096494,294.0,363.3252211978774,3.3233673700013493,6.35123347582053,10.0
49,smt_000,beauce_5_sa_049,1,0,66.6951913731713,-24.0,1.0017639513058365,13.0,13.0,130.89139816048396,237.5,294.0,370.5275204977245,2.5285944674048784,10.0,10.0
50,smt_000,beauce_5_sa_050,3,2,51.14500691516694,-11.840072740008495,1.946468900742322,22.17923515827055,12.737705509497603,168.67606394557924,221.40782391798123,313.03575411377335,331.64248804732085,51.74647186243513,11.660526233510476,17.394235036986387
51,smt_000,beauce_5_sa_051,3,1,57.30792342120161,-26.280824214780296,3.2857507750868553,3.6661076214540573,13.0,205.70800557341727,259.8574423431946,273.19145939271704,338.34631350351543,64.38161794326219,6.880214764300284,81.73942961385062
52,smt_000,beauce_5_sa_052,1,0,77.73935639477948,-24.0,3.472347515153337,13.0,13.0,148.8213485837845,237.5,294.0,349.06467371774056,30.570164622388333,10.0,10.0
53,smt_000,beauce_5_sa_053,1,1,103.65666111524689,-5.518042489971535,2.101516487908432,10.842450400236595,13.0,148.93254387032462,237.5,294.0,351.58798664637015,4.844401085527739,10.0,10.0
54,smt_000,beauce_5_sa_054,3,2,48.25652892757286,-19.595505325256738,1.2095813413627785,4.550154576761639,10.128820220915799,170.26386887771767,224.93036109901763,274.4705049703206,344.0884469422615,4.783443122326586,5.252916434288583,4.027048076638723
55,smt_000,beauce_5_sa_055,2,0,58.24149619246866,-24.0,2.679668866173361,13.0,13.0,127.51759639697597,215.0742315050712,294.0,355.3206107708543,2.1265132811616785,11.660159183238191,10.0
56,smt_000,beauce_5_sa_056,1,0,47.60732762598805,-24.0,1.6745854553232282,13.0,13.0,124.24243568839807,237.5,294.0,350.15362347596164,23.405162351075056,10.0,10.0
57,smt_000,beauce_5_sa_057,0,0,82.27296332135536,-24.0,3.3416550805709946,13.0,13.0,158.0,237.5,294.0,358.49884092092924,10.0,10.0,10.0
58,smt_000,beauce_5_sa_058,1,1,95.94953653658317,-6.746229738159641,3.4729687193161074,16.131099817561882,13.0,174.3948734662577,237.5,294.0,345.7906076044817,8.680258551285693,10.0,10.0
59,smt_000,beauce_5_sa_059,1,0,103.86571639398737,-24.0,3.6980498365147993,13.0,13.0,195.25877902489336,237.5,294.0,332.16385400130605,16.368461884601178,10.0,10.0
60,smt_000,beauce_5_sa_060,1,1,65.37604682083129,-7.483504182980411,2.509642537228977,23.90501532699162,13.0,154.6062432485374,237.5,294.0,329.20462854840855,34.18973609550807,10.0,10.0
61,smt_000,beauce_5_sa_061,0,2,81.7012360833331,-16.685573155297845,1.7908006590786094,4.794788763647236,6.06648931581751,158.0,237.5,294.0,383.40853300975766,10.0,10.0,10.0
62,smt_000,beauce_5_sa_062,2,0,87.53172771638177,-24.0,1.1724844122609355,13.0,13.0,199.40486398808144,237.00475340805787,294.0,362.55142690277535,5.049966633604494,20.851433881519664,10.0
63,smt_000,beauce_5_sa_063,0,1,90.68639596944041,-8.806495844788344,1.8234582197746023,19.03261765591835,13.0,158.0,237.5,294.0,350.99752095573655,10.0,10.0,10.0
64,smt_000,beauce_5_sa_064,2,1,95.11533037467063,-41.36457405555653,2.1923598027208038,14.84331102884531,13.0,185.86962494116096,259.18786300701095,294.0,375.33045195489814,38.0085488869823,1.195943749000518,10.0
65,smt_000,beauce_5_sa_065,1,0,61.74870233005146,-24.0,2.032080068339071,13.0,13.0,146.05924205426396,237.5,294.0,343.9062529249593,1.40539352206188,10.0,10.0
66,smt_000,beauce_5_sa_066,1,0,76.33736093875852,-24.0,1.868846586836736,13.0,13.0,182.6477263470318,237.5,294.0,371.6256036834877,99.25296929430758,10.0,10.0
67,smt_000,beauce_5_sa_067,2,0,81.95546189636107,-24.0,3.4804912047200323,13.0,13.0,115.69506302336494,213.38174606538473,294.0,358.5504332695708,2.8392442881587048,1.245956411890697,10.0
68,smt_000,beauce_5_sa_068,3,2,89.9606347552978,-7.245788600426756,3.5838883768262195,7.911870277074653,11.882858188480629,180.02914045410722,246.58262568021445,309.98607903785364,349.95465689159744,30.074683062056316,45.639722976158325,15.580538196210126
69,smt_000,beauce_5_sa_069,3,1,89.68809021329093,-42.56070103111151,2.7555107354940214,3.304391102311487,13.0,151.4204403310891,262.7131293459296,302.67980940547943,359.6487822673713,73.09470003352503,20.01872278636819,35.39647873205756
70,smt_000,beauce_5_sa_070,1,0,69.5119487156142,-24.0,2.7311487363284233,13.0,13.0,167.72324573244086,237.5,294.0,343.1379317068862,3.1166659294692476,10.0,10.0
71,smt_000,beauce_5_sa_071,1,0,104.67304000511754,-24.0,2.523011388988624,13.0,13.0,158.27629525717757,237.5,294.0,378.0913445868413,2.713225596942489,10.0,10.0
72,smt_000,beauce_5_sa_072,2,1,77.48307249169105,-19.6070558093013,1.6140927706354908,1.3792244944599839,13.0,197.1089457878658,211.52101696864506,294.0,371.30061827205714,18.119376349525577,2.7632434600693534,10.0
73,smt_000,beauce_5_sa_073,3,0,49.243529325845635,-24.0,1.8989963205711755,13.0,13.0,155.3552578420252,217.13082976367258,296.08649426574925,334.9639094013032,28.67017965995962,59.6058365398116,67.33693955010561
74,smt_000,beauce_5_sa_074,2,1,74.76262960399804,-10.181623425399685,3.048297972209956,23.232135636738093,13.0,175.2904198939056,260.42390121463364,294.0,353.4514546871565,79.11963268276382,1.7940876600362419,10.0
75,smt_000,beauce_5_sa_075,1,0,53.96895914963507,-24.0,3.0539594645649046,13.0,13.0,194.56533156639009,237.5,294.0,380.9400112229667,4.373641557547373,10.0,10.0
76,smt_000,beauce_5_sa_076,3,1,70.15145977783536,-36.52021441567323,3.135161294546947,18.438536456246844,13.0,110.39821136215193,210.68731075652522,303.31747272853187,324.5801636812882,44.007120240086,4.984714657609062,8.401475449464858
77,smt_000,beauce_5_sa_077,0,1,58.18768125238881,-43.64930013795759,2.3126505016420253,10.478112323759284,13.0,158.0,237.5,294.0,369.87231514515383,10.0,10.0,10.0
78,smt_000,beauce_5_sa_078,3,0,75.18575831329277,-24.0,1.7295133577414084,13.0,13.0,194.743187386185,214.2194651517463,294.57102358447787,355.06318463123705,2.4267358380421284,16.616917184428875,34.702612553111436
79,smt_000,beauce_5_sa_079,1,1,47.075223905011754,-37.866614849288744,2.0366919773723584,8.597548534740035,13.0,182.97833613277214,237.5,294.0,326.4229889128404,26.382651086785458,10.0,10.0
80,smt_000,beauce_5_sa_080,2,0,50.961659946365884,-24.0,1.7318579818197226,13.0,13.0,159.06709290148578,241.40515025566162,294.0,323.3428231666283,3.0936447850245723,3.7407163635152605,10.0
81,smt_000,beauce_5_sa_081,3,1,104.41786996051792,-20.707424192100135,3.9638272279408766,21.67836562219387,13.0,116.00595932350375,256.5570850403962,282.8974055329144,366.5642911872231,61.63418567345971,12.67038557515005,70.09055079549302
82,smt_000,beauce_5_sa_082,2,0,48.30059062658905,-24.0,1.3808537884628198,13.0,13.0,206.10978269069997,250.35645976783306,294.0,333.41369063704815,4.315390235010713,4.213596082809542,10.0
83,smt_000,beauce_5_sa_083,2,1,75.93257172969516,-34.908847913121846,3.60534945362613,10.054775926214946,13.0,180.33873567712027,213.95726574523837,294.0,345.22481050052784,4.344742208007251,10.88367170180935,10.0
84,smt_000,beauce_5_sa_084,3,2,95.83527525709357,-15.390812406957096,2.7110329717178843,10.700496881709267,3.200821506353929,204.5855318587961,222.5686157946359,284.8288451450301,377.49860206134605,2.459412900706437,18.820195707792,60.22495883712998
85,smt_000,beauce_5_sa_085,0,2,54.21179270158527,-25.034118344446338,3.515921474447506,24.744149043593907,21.64967734961671,158.0,237.5,294.0,323.66961799591917,10.0,10.0,10.0
86,smt_000,beauce_5_sa_086,2,1,90.4921676420949,-36.423964520262004,3.822158492589781,16.471176398407685,13.0,183.381794239926,249.147195919039,294.0,324.0104902393137,15.718631144261252,6.08218794880233,10.0
87,smt_000,beauce_5_sa_087,1,2,82.67315274474043,-32.93505470796899,1.923377710527173,7.430136271464683,19.149361183189047,149.4113515787737,237.5,294.0,357.1433307128487,11.784919364545415,10.0,10.0
88,smt_000,beauce_5_sa_088,0,2,50.76248683836119,-16.317095017385483,3.419884853730315,21.353901323807758,11.262933489892303,158.0,237.5,294.0,357.1138908525612,10.0,10.0,10.0
89,smt_000,beauce_5_sa_089,1,0,58.564538444405216,-24.0,2.422601411644213,13.0,13.0,128.87671192500966,237.5,294.0,355.86973703335,54.43248058980106,10.0,10.0
90,smt_000,beauce_5_sa_090,2,2,67.7992875706997,-35.166582751042455,3.132239404037302,21.122168781609638,16.444695000751103,173.39442675748495,251.32278523302472,294.0,330.97242104767946,19.948518967015158,3.0770784529533963,10.0
91,smt_000,beauce_5_sa_091,2,2,86.55731056146901,-32.67532733732891,1.6672062971061874,9.63288057347328,11.602468175191412,182.39380544581678,213.34941936647746,294.0,352.066679246552,38.961179846301896,1.018565055456105,10.0
92,smt_000,beauce_5_sa_092,0,1,103.78024620472817,-24.019178603248925,2.0654696194033666,6.168146456729793,13.0,158.0,237.5,294.0,328.44359575824126,10.0,10.0,10.0
93,smt_000,beauce_5_sa_093,0,2,56.93517896200946,-14.74190041146666,3.9672050322579975,2.5183310673857626,15.567780359931264,158.0,237.5,294.0,381.60968002488096,10.0,10.0,10.0
94,smt_000,beauce_5_sa_094,0,2,92.24295879091173,-10.076282652738342,1.0575600599997692,14.442014265694507,17.036620498593642,158.0,237.5,294.0,324.7254064743299,10.0,10.0,10.0
95,smt_000,beauce_5_sa_095,1,1,72.61563914880104,-12.48005624223429,3.0730563418307266,24.575475279672272,13.0,178.5072798725728,237.5,294.0,344.63199306317813,3.2900296391064088,10.0,10.0
96,smt_000,beauce_5_sa_096,0,1,68.73609447541614,-15.765724276105804,1.9782228061735245,1.8859962564857113,13.0,158.0,237.5,294.0,335.65796614008326,10.0,10.0,10.0
97,smt_000,beauce_5_sa_097,0,1,52.54623231679785,-22.677263569496407,3.967591363707807,20.64424303079406,13.0,158.0,237.5,294.0,353.82025105522735,10.0,10.0,10.0
98,smt_000,beauce_5_sa_098,1,1,56.82726726270098,-30.411234850795395,2.795165976782021,7.928124894526942,13.0,108.14218539302419,237.5,294.0,342.2122160531871,23.696926627765396,10.0,10.0
99,smt_000,beauce_5_sa_099,1,2,76.57159910700902,-18.428913491201815,3.0186705525149704,2.8225050852733498,7.503846153086048,209.64887486269038,237.5,294.0,372.7192568455789,56.53212905118027,10.0,10.0
100,smt_001,beauce_5_sa_000,3,2,63.46262184072404,-31.31228267783239,2.5887096329646577,16.466675748103007,6.044457303898474,143.35148394421194,234.42274030971762,275.51443815488767,338.37639185733775,3.1744973562154066,8.203253417628776,2.164401703016788
101,smt_001,beauce_5_sa_001,1,2,70.29203080338968,-22.641161621313785,2.665101300113064,14.473493762287323,16.6157136224427,166.1842865120357,237.5,294.0,330.8759476014388,4.351626774958244,10.0,10.0
102,smt_001,beauce_5_sa_002,0,0,51.09068786589074,-24.0,2.0424572157208547,13.0,13.0,158.0,237.5,294.0,328.4247040323626,10.0,10.0,10.0
103,smt_001,beauce_5_sa_003,2,2,80.55755924351433,-10.734133761995167,2.292837729434925,10.162520090726893,15.534710406179952,158.90485743703388,225.50878549935473,294.0,343.93478530298626,8.244966254042216,12.05533666236099,10.0
104,smt_001,beauce_5_sa_004,0,0,89.43760990361109,-24.0,2.3112507908569815,13.0,13.0,158.0,237.5,294.0,342.782624919125,10.0,10.0,10.0
105,smt_001,beauce_5_sa_005,2,2,88.1274997546131,-10.999285734242065,3.4575258782577296,2.344732943119218,1.423223814568224,208.59314415104544,212.35755511350848,294.0,332.0982860559599,12.274875480477837,27.80744692464213,10.0
106,smt_001,beauce_5_sa_006,3,2,45.94041133474834,-33.27202918322567,2.434635191448064,21.449204841509903,2.638491956265434,160.6818300057364,231.92063340460516,307.6765967308311,339.74043513334044,84.97326164127116,7.154443569781114,40.91758957576885
107,smt_001,beauce_5_sa_007,2,1,46.02917194360567,-36.0238257442153,2.612595103840499,2.031040896321427,13.0,166.2941753150019,210.2241911954596,294.0,370.41062176041373,2.025679727874783,54.68820367254718,10.0
108,smt_001,beauce_5_sa_008,1,0,63.28377628459324,-24.0,2.6272435730889203,13.0,13.0,198.85715972459414,237.5,294.0,368.37636389147883,7.074528396644353,10.0,10.0
109,smt_001,beauce_5_sa_009,0,1,47.495056828655954,-23.614716867546203,2.801753868944155,7.022485029867228,13.0,158.0,237.5,294.0,348.32599246073835,10.0,10.0,10.0
110,smt_001,beauce_5_sa_010,0,1,85.23245422889718,-34.79033687597996,2.936208332851205,11.271727352814803,13.0,158.0,237.5,294.0,374.8478780181706,10.0,10.0,10.0
111,smt_001,beauce_5_sa_011,1,1,91.46837852631086,-24.38921644536964,2.258828544940349,6.482579863720096,13.0,163.55932758216073,237.5,294.0,340.9152596592211,66.68030621594356,10.0,10.0
112,smt_001,beauce_5_sa_012,2,2,88.3745331385517,-41.840445716054305,2.347077688012522,13.427250819914912,17.09117498214911,152.41550881031816,249.74076607059584,294.0,345.9405573523394,2.194078207163329,86.25690230043773,10.0
113,smt_001,beauce_5_sa_013,2,1,103.61579321824996,-11.595876605088591,1.3717708792686445,22.440500228083135,13.0,117.63545045332701,253.0308987040489,294.0,378.1705833427492,31.44983939953489,4.7916431313307255,10.0
114,smt_001,beauce_5_sa_014,3,1,85.54755997939814,-41.20472627056626,2.191240623982911,21.2737709148756,13.0,154.96318488530255,236.79870549581264,305.21871331696724,343.3659438420137,29.20848345141535,1.1282431832785396,20.778230909791137
115,smt_001,beauce_5_sa_015,3,2,62.778751096636995,-26.230525781200143,1.6354487368968376,3.7965553222040525,13.703963675479141,162.23116157357472,253.77143153297652,298.20525233493487,369.6994683642328,23.941712848103354,53.11580190998703,27.15863278615331
116,smt_001,beauce_5_sa_016,3,0,86.77203196720089,-24.0,3.3709452436295466,13.0,13.0,135.65283180509624,233.4395246754022,320.88515820783067,347.8511453296585,60.450501496649686,48.564524316206544,10.506403804313296
117,smt_001,beauce_5_sa_017,0,2,69.92328986942658,-33.53647585144973,1.4259799217912277,12.94962551284625,7.9386382729183715,158.0,237.5,294.0,326.89977148120636,10.0,10.0,10.0
118,smt_001,beauce_5_sa_018,2,2,55.55786938819976,-12.815609882605276,2.1722015700040487,10.670247035597235,11.376666776167529,139.83288289317318,217.53034877039983,294.0,327.20764770608014,4.534322462967943,1.7163498780693578,10.0
119,smt_001,beauce_5_sa_019,2,0,73.3655943159301,-24.0,1.7052849450338181,13.0,13.0,200.09690770036462,224.3127764050107,294.0,327.37020876517386,40.92773816044466,21.746644900876746,10.0
120,smt_001,beauce_5_sa_020,2,2,62.34410312567894,-16.326462482517453,2.8057116560255917,22.781198951597755,1.9952671980376557,111.87948748047751,247.7488068081276,294.0,362.15701524268644,11.265791488827537,58.45850428970167,10.0
121,smt_001,beauce_5_sa_021,1,1,58.35774838526936,-22.70921933388218,3.6665363581794725,3.5439636440200757,13.0,195.73721931652875,237.5,294.0,323.56111502884755,11.044028706763816,10.0,10.0
122,smt_001,beauce_5_sa_022,1,2,60.574957082448584,-35.23553237513458,3.3361857302510654,23.033220008688563,23.76341256925549,145.63418464936095,237.5,294.0,329.1123861582701,1.3943056609006534,10.0,10.0
123,smt_001,beauce_5_sa_023,3,2,56.81267284679997,-13.735304612360633,2.310373836873003,9.127359756452838,12.269825995428704,133.46904508113613,230.98749850647428,270.92993406394174,326.9697766577809,11.444266688547986,1.0406084605502535,99.80736376148043
124,smt_001,beauce_5_sa_024,0,1,98.86556352058732,-13.369185882467939,1.5197344395879324,3.639751472870832,13.0,158.0,237.5,294.0,343.29448710591515,10.0,10.0,10.0
125,smt_001,beauce_5_sa_025,3,1,49.64564844776414,-24.59908640236576,2.535493530662966,17.28893274979544,13.0,177.36475841766537,237.0072152852321,319.37846782922946,349.49957041103926,2.1597643411681178,23.20977661477139,4.492607776204205
126,smt_001,beauce_5_sa_026,2,0,57.61537616874905,-24.0,1.3265038871307637,13.0,13.0,134.83212093861482,228.9137768205066,294.0,328.88564797196943,27.007257385179926,8.263975648262234,10.0
127,smt_001,beauce_5_sa_027,2,2,60.750610011138505,-36.289827975204226,2.6614334734433944,18.678741437361847,7.732802152270191,170.57865259641318,256.7079259943081,294.0,330.348127481341,1.9177348026060286,35.479199448550034,10.0
128,smt_001,beauce_5_sa_028,3,0,69.51502013132695,-24.0,2.77637034493364,13.0,13.0,131.61136895310895,264.9902327534559,268.30428753339083,367.9650172863868,9.633903502077581,21.463705992669873,15.599945069336174
129,smt_001,beauce_5_sa_029,3,2,65.95334545376289,-37.23392854903812,3.8261123407163975,23.52962812650607,16.300389919072025,164.4403374876589,252.3932501140371,279.38065442148184,342.94356744078095,37.641680061693954,2.142370030341578,19.109575313542692
130,smt_001,beauce_5_sa_030,2,0,46.588692637773796,-24.0,2.618473878915774,13.0,13.0,131.9649959833294,230.20162642166642,294.0,368.59371987748506,44.751968664700925,36.634302780135705,10.0
131,smt_001,beauce_5_sa_031,2,0,49.3683646560212,-24.0,3.537124883427451,13.0,13.0,170.119025930904,226.26433782922788,294.0,330.8113503177309,32.28301729781712,9.114562311762942,10.0
132,smt_001,beauce_5_sa_032,2,0,102.18743413067557,-24.0,1.5622422889790881,13.0,13.0,164.69444085296004,231.08731809473153,294.0,337.7139472192619,10.966746531557526,14.944978970137111,10.0
133,smt_001,beauce_5_sa_033,2,1,66.48113502021346,-32.50292153862534,2.662056078093686,11.880836456733887,13.0,130.07703538289078,217.06999949927624,294.0,338.03456041542734,1.372093766532067,11.41950347069482,10.0
134,smt_001,beauce_5_sa_034,3,0,101.20330681762623,-24.0,3.313896465197976,13.0,13.0,191.89974085958374,218.64183342835992,290.64560660489053,371.0140707508246,13.342967480088493,1.303503501701533,19.67634841779119
135,smt_001,beauce_5_sa_035,2,2,69.53396104160895,-29.580425982522932,3.5052955556237064,7.990347437228281,5.859337716769261,119.75248976231768,243.02317349954868,294.0,381.0434600581907,3.0651273650883493,79.09897849867107,10.0
136,smt_001,beauce_5_sa_036,2,2,72.76350904419834,-18.34913187935919,1.0872315148043274,15.432546224099076,13.929824531189627,122.50173017427998,218.85552312022597,294.0,349.6491706587904,43.45150581933264,5.301494547019808,10.0
137,smt_001,beauce_5_sa_037,2,0,90.27484987269355,-24.0,1.0624330244786773,13.0,13.0,124.84058930500288,210.06874345096037,294.0,345.44789849437564,1.7664088571334817,1.8216468260865595,10.0
138,smt_001,beauce_5_sa_038,2,1,83.6303389718496,-29.313215847450046,3.734324707586836,6.3868365895133135,13.0,113.21675316280407,244.7664101319417,294.0,354.1068628043731,9.202633426554334,7.045944884307414,10.0
139,smt_001,beauce_5_sa_039,0,2,87.14810423906316,-22.076860597168796,2.8266620803439944,15.248856325887566,3.8747243350864857,158.0,237.5,294.0,353.11703002314357,10.0,10.0,10.0
140,smt_001,beauce_5_sa_040,1,2,88.69740357025228,-24.189017728359094,2.9505316419321073,13.77363274527843,17.153106680754895,113.96816333494918,237.5,294.0,383.77864695624555,82.70485486477082,10.0,10.0
141,smt_001,beauce_5_sa_041,1,1,85.08770198154338,-14.269377033829645,3.1877089236512575,1.3610340289682328,13.0,160.9412574686966,237.5,294.0,354.0538588435748,19.17331168237799,10.0,10.0
142,smt_001,beauce_5_sa_042,3,2,74.5797094708455,-23.472092772248505,2.5063288377825805,15.254566648112373,20.70792101807917,194.20201999953812,259.6628163901941,307.0443894784365,355.4528818270861,6.128116066196336,1.2427670822035963,13.674910992484367
143,smt_001,beauce_5_sa_043,1,2,51.76248457987598,-17.154020070817065,2.193486185943705,4.315325044608366,22.25648105850492,144.04398858397343,237.5,294.0,382.01279352910296,3.466665606696085,10.0,10.0
144,smt_001,beauce_5_sa_044,3,2,93.11769810128689,-43.51655563454957,1.822749945361112,17.59873748115226,24.72718701001527,172.76066988806326,259.280349788045,270.6320251381649,351.896124483697,1.5440778477818855,10.073885343655553,3.844789041785389
145,smt_001,beauce_5_sa_045,0,1,76.77484973100255,-6.87000072139783,1.0294558703946264,22.667599307654832,13.0,158.0,237.5,294.0,377.9150710989762,10.0,10.0,10.0
146,smt_001,beauce_5_sa_046,3,1,94.25277228872895,-7.920597114784968,3.7562105074217116,9.23908009692887,13.0,172.56482072520106,238.63711716087624,275.22547535550535,375.9751369578392,1.0975099444431011,8.760493425076962,10.784362112003738
147,smt_001,beauce_5_sa_047,1,0,55.666142858057,-24.0,1.3658421877567513,13.0,13.0,161.63999250451374,237.5,294.0,327.2450255535281,8.999988612715219,10.0,10.0
148,smt_001,beauce_5_sa_048,2,2,46.17912136853974,-7.716890392706887,2.502526516882739,12.66986607517178,22.2664346887402,180.3117345104955,228.64931208266898,294.0,343.64562267901954,32.177372489549136,1.8065026564960995,10.0
149,smt_001,beauce_5_sa_049,1,2,55.08323497937564,-21.59365526570219,1.2679345368050376,23.709203344554748,11.213053575158941,151.17901215827834,237.5,294.0,336.6149700137595,9.09015630305776,10.0,10.0
150,smt_001,beauce_5_sa_050,1,0,95.00308925142515,-24.0,3.574246087346643,13.0,13.0,133.81132257784424,237.5,294.0,345.34558641173527,7.713548386017488,10.0,10.0
151,smt_001,beauce_5_sa_051,1,1,89.46519059209888,-33.18778089452807,2.9181854754843637,14.378049363161926,13.0,110.87660532494917,237.5,294.0,376.0460524517248,5.675430732004882,10.0,10.0
152,smt_001,beauce_5_sa_052,2,2,98.89843271133844,-21.105025777251793,2.958889606128699,11.431100506351015,5.241397385891176,168.60145950942947,235.7725098319239,294.0,359.6343213107926,59.12100449300131,11.726880683508428,10.0
153,smt_001,beauce_5_sa_053,3,0,74.31735149009506,-24.0,2.6302051551764722,13.0,13.0,166.34114371243174,237.72936087610165,305.03731197341835,363.25068264233806,44.77985053282126,5.153912206729822,2.3415045259124114
154,smt_001,beauce_5_sa_054,0,0,95.82556638121193,-24.0,3.0966772769430695,13.0,13.0,158.0,237.5,294.0,370.3321512802527,10.0,10.0,10.0
155,smt_001,beauce_5_sa_055,3,2,105.22478281912299,-32.506408905259505,3.983320861382986,19.386536692237794,22.910953262150596,157.10129620890842,217.12419398034606,269.2363219285022,358.29823901049224,13.307711311545905,23.957720354314688,77.54366049211899
156,smt_001,beauce_5_sa_056,1,0,102.95946053411564,-24.0,1.317242676580289,13.0,13.0,156.38656122859288,237.5,294.0,323.573634353172,33.814368201570865,10.0,10.0
157,smt_001,beauce_5_sa_057,1,2,73.72361896564934,-26.40376312623777,3.7182792186721816,24.577218666600906,8.833909663468365,157.5817840975797,237.5,294.0,380.35615273835816,5.253932314071761,10.0,10.0
158,smt_001,beauce_5_sa_058,2,0,72.0088038964351,-24.0,1.494874744063332,13.0,13.0,162.7401714059704,264.09491111060686,294.0,353.4803638476159,24.067899852272078,1.7152862418433765,10.0
159,smt_001,beauce_5_sa_059,2,0,78.56588237472562,-24.0,3.2698856891475985,13.0,13.0,178.82188480930574,233.88550678108837,294.0,326.1548631337797,1.0430458516673118,18.42525964814161,10.0
160,smt_001,beauce_5_sa_060,2,0,100.1834547052147,-24.0,3.0438813141240795,13.0,13.0,138.7233460572433,218.97751457113617,294.0,349.44148169228157,7.570232610870935,2.509067009950602,10.0
161,smt_001,beauce_5_sa_061,0,1,74.08870285304111,-32.62571717460176,2.706201856736238,23.980357024314227,13.0,158.0,237.5,294.0,368.1859320631386,10.0,10.0,10.0
162,smt_001,beauce_5_sa_062,0,2,61.85717754425399,-8.168178743288095,1.70946461581067,11.04722760209668,7.8247067753562005,158.0,237.5,294.0,375.8291616700451,10.0,10.0,10.0
163,smt_001,beauce_5_sa_063,1,1,86.68439592835335,-11.549993290545878,1.1854196891045738,19.343883234909924,13.0,206.2720723866176,237.5,294.0,359.9954692891256,38.101973119747214,10.0,10.0
164,smt_001,beauce_5_sa_064,2,1,98.15501884291501,-30.894635559527142,2.3048023077365363,5.485761030051201,13.0,191.4877579822884,222.00521646141394,294.0,373.08346645076904,3.1203170221550978,2.3653080746692146,10.0
165,smt_001,beauce_5_sa_065,3,0,50.99878569254446,-24.0,1.748296505371508,13.0,13.0,107.25719524552065,232.62316842920492,303.9934054310004,383.4532757867951,6.722052415819029,13.735336400836044,3.570674024035689
166,smt_001,beauce_5_sa_066,2,2,53.040125109100515,-43.97908660318828,3.8643874944249568,19.258978876374904,10.827056914002391,163.64943052067377,237.62178333108812,294.0,338.71282379243496,1.1768623896145305,4.769023350051979,10.0
167,smt_001,beauce_5_sa_067,2,0,86.2475618173708,-24.0,1.217242889827931,13.0,13.0,147.7410630085318,220.62371983941372,294.0,381.713693712288,14.421372861765208,2.8053241075153217,10.0
168,smt_001,beauce_5_sa_068,3,0,62.27146093739181,-24.0,1.1614817887559306,13.0,13.0,185.61409053064136,220.89518874556546,281.0125289677612,323.3652085995159,2.8905151974996053,1.0604824554175492,7.226521501509425
169,smt_001,beauce_5_sa_069,0,2,52.411622547669786,-31.52425035196013,2.088559412315805,21.57522767387267,16.642455438704566,158.0,237.5,294.0,377.2884847894004,10.0,10.0,10.0
170,smt_001,beauce_5_sa_070,2,2,90.77347394990908,-22.321364658259913,1.5395884893521221,24.195457310667692,6.935364158516326,117.78861764778804,233.6621867041169,294.0,368.7732409480908,14.333809059473406,1.2496880785593385,10.0
171,smt_001,beauce_5_sa_071,1,0,89.78946758127023,-24.0,1.538762294619564,13.0,13.0,139.78687745414362,237.5,294.0,347.3516400661934,88.70636562336142,10.0,10.0
172,smt_001,beauce_5_sa_072,2,2,91.63304652912299,-31.968546469812594,3.8392723263311668,5.805172091499034,13.056647900923188,124.1201177226512,231.80117418231873,294.0,354.19568225677176,5.5132331130785515,14.474446988339956,10.0
173,smt_001,beauce_5_sa_073,3,1,84.86176673063208,-11.263543648862921,1.3170000500906571,7.3111217932618064,13.0,160.57778527162313,229.4152907993443,280.5930249871525,365.91423935245103,9.933641897861133,9.606343156261106,1.3437376841615285
174,smt_001,beauce_5_sa_074,3,1,92.20888583172803,-28.620699630250904,2.675768533341038,16.10517783002087,13.0,158.40881973341055,255.37336248224818,293.00977936876086,335.0307382925524,2.5793587959995645,27.12667989261726,10.036063038837678
175,smt_001,beauce_5_sa_075,1,2,90.52435133561556,-42.82122387187812,2.789965642376927,16.187904912733543,2.346560450473561,183.49609463540673,237.5,294.0,343.8770878313478,8.306688559949754,10.0,10.0
176,smt_001,beauce_5_sa_076,2,0,52.31419921242243,-24.0,1.1150118393910777,13.0,13.0,209.61540907950126,255.6393771208563,294.0,378.47905080448095,7.109095899051377,1.43102867080207,10.0
177,smt_001,beauce_5_sa_077,2,1,88.43062184318083,-28.134529445185983,1.0521809137931055,13.79839285538425,13.0,135.7572118257038,239.51259398246123,294.0,381.67971689902106,21.001952389272475,1.3119122394112128,10.0
178,smt_001,beauce_5_sa_078,1,2,95.0389073883681,-12.744420779088781,1.5855571366471835,20.8757384471297,4.567840155667242,199.71447346557312,237.5,294.0,334.3582775216069,44.77426620143376,10.0,10.0
179,smt_001,beauce_5_sa_079,3,1,55.68530096227764,-37.24610824946093,2.9087629671081334,15.077640051265092,13.0,195.41715987899008,264.3848572613965,285.1733581648781,331.2089851095273,36.486995955197365,25.78319555571667,2.124905108245237
180,smt_001,beauce_5_sa_080,0,0,77.68480320853277,-24.0,2.6860557517509136,13.0,13.0,158.0,237.5,294.0,375.88104868005104,10.0,10.0,10.0
181,smt_001,beauce_5_sa_081,2,1,100.2236225897758,-8.059892823803487,1.8578567205168606,6.028438253587809,13.0,145.0241279564139,233.3592032501497,294.0,333.3644422902366,6.289656356399426,8.553332802657176,10.0
182,smt_001,beauce_5_sa_082,3,0,55.791665216894984,-24.0,1.617301036101487,13.0,13.0,173.64559924740757,241.05620265823018,267.1146488418042,343.70917218352037,31.29768810870772,38.51745138980566,61.54610308521917
183,smt_001,beauce_5_sa_083,3,0,64.86518147034161,-24.0,1.0426478090781777,13.0,13.0,110.4859227601642,236.4883654328987,274.89901915421046,378.39787343639506,33.09703383409342,94.47160889451074,9.167328377299308
184,smt_001,beauce_5_sa_084,3,1,81.41444800583793,-10.254251414119466,1.379898241981179,10.769883511983162,13.0,184.47757457032608,247.02131034125557,280.55583881923206,323.903134617865,2.853780460059992,18.05644623176331,19.465927264054084
185,smt_001,beauce_5_sa_085,2,1,99.20215121282,-17.717264904161595,2.4574548065079016,3.4196909310455377,13.0,132.4303730474451,264.1401596387299,294.0,364.1414218071474,1.1738622368243465,1.3928771336607353,10.0
186,smt_001,beauce_5_sa_086,2,2,93.15031865967332,-33.57281125812741,2.0827721212079546,1.375699973405593,17.96725033797151,144.4340952359755,214.88413878067485,294.0,383.71493432418936,1.5708394283382296,22.54188842791236,10.0
187,smt_001,beauce_5_sa_087,0,1,50.62751283220763,-10.927815574900428,2.245022016684859,13.13494321490932,13.0,158.0,237.5,294.0,347.30353002327973,10.0,10.0,10.0
188,smt_001,beauce_5_sa_088,2,0,64.99388567664288,-24.0,2.4310097888429327,13.0,13.0,180.72812582987854,243.972130823989,294.0,377.26328899735614,57.97722099769352,7.257934881887838,10.0
189,smt_001,beauce_5_sa_089,0,1,97.02029305687934,-41.80898994641228,1.2182284328016508,18.491415495296284,13.0,158.0,237.5,294.0,330.4143541126101,10.0,10.0,10.0
190,smt_001,beauce_5_sa_090,3,0,89.51150777300097,-24.0,3.0854391361062348,13.0,13.0,118.25380661512284,224.43904512235943,271.1383960930033,345.53559734272966,6.857465812814687,1.211634612105401,23.30050526632082
191,smt_001,beauce_5_sa_091,0,0,75.94539949908241,-24.0,1.8262588784309346,13.0,13.0,158.0,237.5,294.0,347.32709010820986,10.0,10.0,10.0
192,smt_001,beauce_5_sa_092,1,0,93.23254309897467,-24.0,1.7779590998311565,13.0,13.0,126.16883668033145,237.5,294.0,367.49578241500956,1.0237377279058253,10.0,10.0
193,smt_001,beauce_5_sa_093,1,1,80.19470415219433,-18.67789602732843,1.7018784474060311,12.753753654657212,13.0,192.08150865873176,237.5,294.0,332.6439654314818,1.4398708185348186,10.0,10.0
194,smt_001,beauce_5_sa_094,1,1,99.12683164475249,-35.71461583620993,2.9726321260620736,2.9652997172190556,13.0,160.3877964986218,237.5,294.0,372.73514236132996,4.238219959230003,10.0,10.0
195,smt_001,beauce_5_sa_095,1,1,101.83423434632155,-42.47955861122179,2.628924802850054,7.8223895239054455,13.0,122.24677993667012,237.5,294.0,327.9676126145517,98.77460183366746,10.0,10.0
196,smt_001,beauce_5_sa_096,0,0,62.32977861154876,-24.0,1.7603629758170547,13.0,13.0,158.0,237.5,294.0,326.20305108448525,10.0,10.0,10.0
197,smt_001,beauce_5_sa_097,0,1,63.33162333520879,-8.093223660153853,3.1469048362876006,14.27503577991215,13.0,158.0,237.5,294.0,356.4043231521613,10.0,10.0,10.0
198,smt_001,beauce_5_sa_098,3,0,94.30616420353637,-24.0,2.5475718858486798,13.0,13.0,207.79020371685067,259.54990206289676,318.46754577679184,381.7406487948734,8.529000448325643,16.144966565987424,12.585700681930344
199,smt_001,beauce_5_sa_099,0,1,51.10142487242406,-40.85285247978738,3.120647860692208,13.813516030931897,13.0,158.0,237.5,294.0,332.9186819441852,10.0,10.0,10.0
200,smt_002,beauce_5_sa_000,2,2,71.43398024311936,-29.033366981914227,2.7334888464161113,7.365699983778908,24.844255114451588,133.0399478076764,210.13980604773403,294.0,334.804495173055,2.4929117517399595,29.593729832473485,10.0
201,smt_002,beauce_5_sa_001,0,0,72.84165331290822,-24.0,2.2423033983019494,13.0,13.0,158.0,237.5,294.0,369.42221930249286,10.0,10.0,10.0
202,smt_002,beauce_5_sa_002,2,2,48.736727613950094,-23.741637225839824,1.7722579300058896,19.965740068915217,2.3618242226891004,164.50556513237447,221.78922753952494,294.0,360.3884823311814,83.8493973657376,2.2661782971433797,10.0
203,smt_002,beauce_5_sa_003,3,2,94.10968751287646,-32.137042510754,2.362719357287059,22.026152802491442,15.399094501507562,128.35782458875732,247.6358411752782,292.4338690817242,327.9436886088836,2.3036811274145745,2.451389360599503,1.4231936153463836
204,smt_002,beauce_5_sa_004,3,0,53.56607045143884,-24.0,2.232537516086306,13.0,13.0,162.17394275693547,246.9172317409395,285.99453324328545,372.6085800827299,20.116012982964115,7.39757244586924,1.0356137903292837
205,smt_002,beauce_5_sa_005,3,1,49.17523325146925,-26.656953836634067,3.3816056088680533,14.416499539405551,13.0,179.7198725028379,214.50084959048965,286.69599365753504,357.41102254265644,3.8071900239850764,3.5887611716430907,2.2894052434338485
206,smt_002,beauce_5_sa_006,2,0,101.04358950313207,-24.0,3.8340362012561857,13.0,13.0,195.04222895952273,247.70191744771984,294.0,375.23110199809565,93.80681686678824,2.046915112252814,10.0
207,smt_002,beauce_5_sa_007,1,2,102.9089032752943,-11.967252304695421,2.220631851356282,13.437082058310224,20.37459881019866,112.02819791050575,237.5,294.0,367.73125767848,29.510802885888967,10.0,10.0
208,smt_002,beauce_5_sa_008,1,2,80.69223732327166,-43.343004201051784,2.6081114063777258,8.5965574740726,15.52141190665132,128.57493143393492,237.5,294.0,362.10295063451133,15.634861571894817,10.0,10.0
209,smt_002,beauce_5_sa_009,0,2,101.3852092186089,-43.495286485923096,2.370888999804505,6.399068497517677,9.130890571024224,158.0,237.5,294.0,372.9075496210696,10.0,10.0,10.0
210,smt_002,beauce_5_sa_010,2,0,83.53458431647323,-24.0,2.9322662608170083,13.0,13.0,184.6755418655909,216.01260368775337,294.0,361.25710261490474,2.5810613856646913,6.890804519347164,10.0
211,smt_002,beauce_5_sa_011,1,0,72.69874146714382,-24.0,3.9775435890237194,13.0,13.0,153.66109560131594,237.5,294.0,356.5197547788105,47.942716260274004,10.0,10.0
212,smt_002,beauce_5_sa_012,2,2,78.95174772504735,-35.89443236629125,3.9781659924809754,22.164014126306924,13.556756831119618,143.39467655521594,222.56105316160918,294.0,365.6893341815111,33.560937269068205,38.565374689915075,10.0
213,smt_002,beauce_5_sa_013,0,1,102.89563404228711,-18.687307738665677,2.473892939888776,3.2287194760355535,13.0,158.0,237.5,294.0,360.47864442570784,10.0,10.0,10.0
214,smt_002,beauce_5_sa_014,2,1,102.94675721245324,-9.40452961683527,1.1068630994586572,21.342816419104338,13.0,170.80856136194438,213.42719627376354,294.0,335.0187416850578,92.48004147300016,62.95587293545238,10.0
215,smt_002,beauce_5_sa_015,1,1,52.143024083803645,-31.250197536477028,3.9656587207750693,18.263377337368777,13.0,187.6178541034139,237.5,294.0,349.9301497258115,5.797866636711544,10.0,10.0
216,smt_002,beauce_5_sa_016,1,0,79.40846594330594,-24.0,1.1192776621453173,13.0,13.0,115.12251132167532,237.5,294.0,334.70143779423137,2.3088478345802015,10.0,10.0
217,smt_002,beauce_5_sa_017,1,2,64.5507827762006,-17.403540451503098,1.7457759800559725,6.541604630835734,24.68700414321519,119.92856418830972,237.5,294.0,345.252111720901,3.9294751725591235,10.0,10.0
218,smt_002,beauce_5_sa_018,1,0,72.05824416260639,-24.0,2.660399340542183,13.0,13.0,201.9756340138939,237.5,294.0,324.85963332166534,76.51461327515892,10.0,10.0
219,smt_002,beauce_5_sa_019,1,2,96.66100388985308,-9.296779066032911,2.522485172961124,15.407126755615806,6.1072450414008,159.5962098159095,237.5,294.0,350.7336142420872,2.8490290512631478,10.0,10.0
220,smt_002,beauce_5_sa_020,1,2,103.81253444084726,-14.023491453312761,3.9125055680297347,4.890675097199971,19.581872434604264,154.71054921283172,237.5,294.0,327.571337438991,69.07340339894739,10.0,10.0
221,smt_002,beauce_5_sa_021,0,0,105.28056454565123,-24.0,1.694774151658649,13.0,13.0,158.0,237.5,294.0,336.5722164408526,10.0,10.0,10.0
222,smt_002,beauce_5_sa_022,3,0,68.22061046102844,-24.0,3.499992219755371,13.0,13.0,206.70977834429664,230.61064254789002,282.77143726618476,338.75090932465025,2.1728465546820463,11.824178299198685,79.00670544706875
223,smt_002,beauce_5_sa_023,0,1,83.14217936603539,-16.491757684671725,3.6196688592667137,12.592013570802406,13.0,158.0,237.5,294.0,382.5054651762871,10.0,10.0,10.0
224,smt_002,beauce_5_sa_024,3,1,87.28301942071568,-18.66751928146067,2.5892950825307826,22.400144771174883,13.0,140.34979005893874,221.35702243654535,301.41190295070885,332.59594180621195,2.2471454110256657,36.700472660062495,38.90888703010309
225,smt_002,beauce_5_sa_025,3,2,85.8008736869244,-5.278652657819691,2.8798897078875623,12.186419882730648,18.112921756837057,190.26717657015945,212.09196171558142,280.96494782529965,382.3639181384744,22.157406883675723,77.42188617893906,12.478218324946742
226,smt_002,beauce_5_sa_026,3,0,80.17272140698755,-24.0,2.9749661889914667,13.0,13.0,147.49126729547106,238.77061041404284,289.97510098130266,380.53714831846696,56.80845164808974,2.232158799440866,49.14743981019527
227,smt_002,beauce_5_sa_027,3,1,47.134313511270236,-20.497860787107044,3.8116045279814195,12.345771616856954,13.0,204.53012283902268,242.52314539956248,316.3217457292873,344.4939495480006,8.331841066837075,86.42404599995677,12.371958101251565
228,smt_002,beauce_5_sa_028,3,0,90.02057877082672,-24.0,1.4489044866325291,13.0,13.0,187.34345822811568,253.14768335482466,301.3377315081593,376.91162179929756,4.591241968241985,10.566637178593602,4.796441938972738
229,smt_002,beauce_5_sa_029,2,2,59.8240442499183,-37.696271952259046,1.289407823045597,11.56192681948064,18.80182654637537,206.84497015346722,238.96394142572285,294.0,327.4953529346488,4.020297092802171,3.7414368942156804,10.0
230,smt_002,beauce_5_sa_030,1,1,63.31398095052249,-40.25947189765746,1.841122910027598,10.671946795022611,13.0,201.24557709266412,237.5,294.0,368.1064741576842,3.671330330186652,10.0,10.0
231,smt_002,beauce_5_sa_031,3,0,70.30009643769168,-24.0,2.287060323108948,13.0,13.0,202.8970739843448,246.19409238324153,319.03849577673793,362.70812347657886,3.674070176670463,1.4422690378180676,3.0540728035132108
232,smt_002,beauce_5_sa_032,1,2,91.7866881637788,-10.461667791041364,3.936830221625555,10.055402161310047,8.32700835306637,168.35495634628455,237.5,294.0,332.75169468651075,6.947836318876186,10.0,10.0
233,smt_002,beauce_5_sa_033,2,0,77.23227318986238,-24.0,3.9028102320388327,13.0,13.0,144.29100716063408,220.13551972406682,294.0,371.1013189477551,3.4552857484525257,5.33054497758343,10.0
234,smt_002,beauce_5_sa_034,2,1,79.31987975429668,-11.90273191626622,2.5620501536393294,17.494951670225404,13.0,164.0483459533769,253.89829922307976,294.0,380.9538145964763,23.836941679744776,26.546932546021416,10.0
235,smt_002,beauce_5_sa_035,1,0,85.41820851463595,-24.0,1.8200902011386073,13.0,13.0,106.17611969800323,237.5,294.0,336.67923759119117,41.54197970625987,10.0,10.0
236,smt_002,beauce_5_sa_036,2,0,70.6625599889325,-24.0,2.798107526641182,13.0,13.0,123.30248590821179,259.7018944495671,294.0,365.89677158336474,83.94106804614141,2.38630238631532,10.0
237,smt_002,beauce_5_sa_037,2,2,81.03238886611989,-26.768490853828784,3.7224442840890815,21.652323243279284,12.653080505015467,176.29022781131079,254.1365048686495,294.0,374.73181230730944,79.60082513810703,5.847520748521529,10.0
238,smt_002,beauce_5_sa_038,0,0,63.23196353467554,-24.0,3.2754818715655607,13.0,13.0,158.0,237.5,294.0,372.54260674306494,10.0,10.0,10.0
239,smt_002,beauce_5_sa_039,3,0,58.144559184592296,-24.0,3.5942772514854804,13.0,13.0,150.62924424437728,250.95269045128657,322.28629408827834,326.0881447655995,45.65493170447584,76.69327173836409,40.283480366076766
240,smt_002,beauce_5_sa_040,0,0,65.77387093092632,-24.0,3.5913184664632904,13.0,13.0,158.0,237.5,294.0,363.2058986862811,10.0,10.0,10.0
241,smt_002,beauce_5_sa_041,1,2,50.092111074636406,-7.524176669949306,3.6189542672778856,11.507694512702257,17.61078642683151,143.00330415103969,237.5,294.0,368.64237946157743,18.68393750251076,10.0,10.0
242,smt_002,beauce_5_sa_042,1,2,87.8496889256813,-34.38631072329834,1.6450597538484546,9.03398914171315,13.729503075871634,205.3974707192624,237.5,294.0,363.9176023641788,19.82012622430511,10.0,10.0
243,smt_002,beauce_5_sa_043,0,2,45.96445928609621,-10.902062553764168,3.059207170470366,24.340792272376,18.010022447466664,158.0,237.5,294.0,346.9072899084935,10.0,10.0,10.0
244,smt_002,beauce_5_sa_044,2,2,51.594258504225365,-25.900154969013112,1.1895489829805317,16.844656062912065,17.979049017343705,129.96140662037735,224.00356987258033,294.0,356.4144792030738,6.696507547544951,19.04574027666131,10.0
245,smt_002,beauce_5_sa_045,0,2,86.1010307968879,-35.683434211356214,3.2055118001629586,8.167651952930449,13.980458723098412,158.0,237.5,294.0,361.4320837628325,10.0,10.0,10.0
246,smt_002,beauce_5_sa_046,0,2,101.76137033838569,-14.120783649212708,1.953021709203225,3.1431745780301847,20.431850102529342,158.0,237.5,294.0,380.17657829762317,10.0,10.0,10.0
247,smt_002,beauce_5_sa_047,1,0,57.535947459539265,-24.0,2.8947622410750267,13.0,13.0,111.75460198181437,237.5,294.0,338.7612376438094,15.303131072612898,10.0,10.0
248,smt_002,beauce_5_sa_048,2,0,94.22672142608783,-24.0,2.2809750670229834,13.0,13.0,174.57965756392082,222.27339077079864,294.0,356.51271691802464,1.370821597124623,64.00585923722791,10.0
249,smt_002,beauce_5_sa_049,1,1,83.16203204806192,-20.65157661115886,3.0083565907299237,4.198103714199693,13.0,187.91999614488208,237.5,294.0,353.34133714156127,43.009886383189844,10.0,10.0
250,smt_002,beauce_5_sa_050,3,0,91.92493637201389,-24.0,2.153099082154216,13.0,13.0,139.8275628338392,263.3014345337413,287.0079269758067,356.8149785539405,1.5563488290293428,2.655914860960239,1.8933602338408253
251,smt_002,beauce_5_sa_051,3,2,102.9080661660825,-40.37712170609572,2.145265661278243,9.98438960153813,9.070977159111647,175.87326334627025,255.33391373856495,277.1771843435056,334.36214735852724,1.1513816470831133,4.270213875241225,1.3453399621822262
252,smt_002,beauce_5_sa_052,1,0,97.50501219805997,-24.0,2.99475642913469,13.0,13.0,142.42310175746655,237.5,294.0,376.1355235752332,5.880697206435144,10.0,10.0
253,smt_002,beauce_5_sa_053,2,0,105.95982002639984,-24.0,1.9253039685372177,13.0,13.0,107.19565137138488,253.78580495687754,294.0,335.06369894315236,37.270165353820836,45.3755803654791,10.0
254,smt_002,beauce_5_sa_054,0,0,98.32929136203185,-24.0,3.6510093989330805,13.0,13.0,158.0,237.5,294.0,332.3931392051758,10.0,10.0,10.0
255,smt_002,beauce_5_sa_055,2,0,60.54438931710565,-24.0,3.3118540489285704,13.0,13.0,112.4987812008939,252.38427886924995,294.0,375.78532500157496,78.1840551585006,24.977672988397,10.0
256,smt_002,beauce_5_sa_056,0,1,64.6303830908424,-36.98093939341112,3.3784107319202192,20.381892261750245,13.0,158.0,237.5,294.0,353.0923253052472,10.0,10.0,10.0
257,smt_002,beauce_5_sa_057,3,0,55.27829112681472,-24.0,3.22932399037614,13.0,13.0,125.57782329605404,215.45448020788663,288.7613895851463,359.7898069844312,15.452924726761479,6.270479967891209,11.743771522840435
258,smt_002,beauce_5_sa_058,1,2,97.91720816698287,-40.53220138952342,1.9444330048662715,24.10554684277014,1.9514551095426491,192.18450790424106,237.5,294.0,323.30391005895007,26.549398751866047,10.0,10.0
259,smt_002,beauce_5_sa_059,1,1,67.71853954311896,-19.559774151826456,3.5782976634932586,17.90017426493342,13.0,135.2642155196103,237.5,294.0,371.7933564322288,15.02615801704286,10.0,10.0
260,smt_002,beauce_5_sa_060,3,0,46.49775712287992,-24.0,3.929605421446231,13.0,13.0,119.15520176398533,212.3789458597809,316.4017854401533,342.1937131504399,83.51989799262009,5.834768726680735,17.2497821613851
261,smt_002,beauce_5_sa_061,0,0,83.23866878994147,-24.0,2.5688531458434194,13.0,13.0,158.0,237.5,294.0,380.52704069683,10.0,10.0,10.0
262,smt_002,beauce_5_sa_062,3,0,80.93652027853685,-24.0,2.990107695483806,13.0,13.0,121.7565223898524,230.0340037275496,272.7249656793181,325.0537073984379,90.9371828520452,68.72706567170616,27.216602815941517
263,smt_002,beauce_5_sa_063,3,2,77.12576203166057,-39.37844235635947,1.2975132324182295,5.349109821223064,1.2138278489446683,187.43246598292444,219.95138105337696,284.3447351488444,375.82276450591627,1.3425190386648644,6.389609544603937,47.330162352914954
264,smt_002,beauce_5_sa_064,3,2,99.93542447195165,-27.61305301529908,3.353894903139855,16.83011184070465,19.02321302960388,149.1418476223073,238.92760847363547,318.4851242815246,359.5752890039845,1.8453433076592527,9.218416446117907,1.1626844158417082
265,smt_002,beauce_5_sa_065,0,0,90.24447939826541,-24.0,1.3963596839841212,13.0,13.0,158.0,237.5,294.0,336.0608255138953,10.0,10.0,10.0
266,smt_002,beauce_5_sa_066,0,2,94.03298446305769,-29.370046505469638,2.512077314410109,6.8812562992924455,1.5865243896844956,158.0,237.5,294.0,353.75868496893685,10.0,10.0,10.0
267,smt_002,beauce_5_sa_067,1,2,74.20982930203877,-37.67655854147808,2.3316034841912923,2.5283300054113784,21.81566902604161,117.36140474997809,237.5,294.0,326.5737177177672,3.179050540287305,10.0,10.0
268,smt_002,beauce_5_sa_068,3,0,93.02684474596724,-24.0,1.4179664643942338,13.0,13.0,146.20725924325296,261.3811258870071,278.00959490293013,329.4091109150868,64.6132845336502,8.233114830190228,3.9482592825392326
269,smt_002,beauce_5_sa_069,1,1,77.55048515089106,-34.3665351403475,3.722824045990924,22.828349819202174,13.0,123.80860863285824,237.5,294.0,355.9957654427968,51.63368443576136,10.0,10.0
270,smt_002,beauce_5_sa_070,0,1,100.40449372584465,-13.826457708195619,2.502062308412242,4.718167782035312,13.0,158.0,237.5,294.0,330.1719435264727,10.0,10.0,10.0
271,smt_002,beauce_5_sa_071,1,2,65.66910349677254,-15.813391638006742,2.1297804929439366,11.943224804796099,12.269938882938598,175.07620185686147,237.5,294.0,378.9191561567246,1.0557980366682618,10.0,10.0
272,smt_002,beauce_5_sa_072,2,2,100.51294314867022,-19.36270920208901,3.3768155974922687,5.036402788908148,3.001670780395745,193.53658224049627,239.54794415191444,294.0,357.5455690611734,18.09279869188344,1.4898993931802864,10.0
273,smt_002,beauce_5_sa_073,1,0,101.22341270286223,-24.0,2.093182901459465,13.0,13.0,205.20719808451685,237.5,294.0,350.66528791882786,29.65512182293571,10.0,10.0
274,smt_002,beauce_5_sa_074,2,2,84.98171789787784,-14.60506565898351,2.977419104267527,23.804531036929546,15.831302090194535,155.03268793224885,241.95166610509187,294.0,369.70030467360067,8.87483333343369,3.9535946000524294,10.0
275,smt_002,beauce_5_sa_075,3,1,76.35227782285847,-6.2969720988485065,3.4454732157877612,12.781658586805735,13.0,152.2153379562559,216.20366365624358,317.7795661550978,377.28516940752905,1.5173446573989753,70.10464685471297,6.258510912024839
276,smt_002,beauce_5_sa_076,1,0,99.74766247220111,-24.0,3.907878315204148,13.0,13.0,164.8079900301259,237.5,294.0,358.0352011168617,3.3986602851082943,10.0,10.0
277,smt_002,beauce_5_sa_077,0,1,95.34111341753294,-21.758281949772297,1.3128497095178413,23.664459662361395,13.0,158.0,237.5,294.0,364.35749277914283,10.0,10.0,10.0
278,smt_002,beauce_5_sa_078,2,0,45.19356603962255,-24.0,3.6346462330444336,13.0,13.0,138.17735315891497,217.1226688399301,294.0,347.33992250020435,1.1532210976744415,16.073814179357168,10.0
279,smt_002,beauce_5_sa_079,2,1,55.75009527673969,-37.98100720022323,1.798341265297269,7.866592045654004,13.0,155.3773394230759,241.32188731812246,294.0,340.6092766422545,42.73942611850839,36.64429214130298,10.0
280,smt_002,beauce_5_sa_080,3,0,97.03044652817556,-24.0,3.8264805268085427,13.0,13.0,112.2199799663286,226.85176639241513,315.3472187743963,351.90701445783316,18.280770062164454,12.81123345444435,99.67502801520611
281,smt_002,beauce_5_sa_081,0,1,54.35916889388554,-20.125846370440534,3.8621947028455974,4.2600017312531,13.0,158.0,237.5,294.0,336.9521427094729,10.0,10.0,10.0
282,smt_002,beauce_5_sa_082,3,1,93.79058655999009,-15.872527110234202,2.1629456319649822,2.3307530186878536,13.0,142.75039641546638,223.51366963911613,312.84397548543905,383.4063954006891,47.50154693208001,3.1965261302803905,17.10376104758369
283,smt_002,beauce_5_sa_083,1,1,48.78782607795635,-4.9223375625768355,1.8919343734471008,13.926022275270636,13.0,120.34665178009452,237.5,294.0,362.75077122632786,1.8455309994951432,10.0,10.0
284,smt_002,beauce_5_sa_084,3,2,81.8436364178915,-20.061717142810323,1.6739756740216216,24.75511828162997,23.686639886939282,118.53896725280865,255.84835634806933,293.4626386914788,332.0437103470435,12.254432460082354,1.2805097460328656,54.94912580614226
285,smt_002,beauce_5_sa_085,1,2,62.32058809028401,-27.878012886455593,2.05188561475751,20.358679013023046,10.50595527248744,182.0085827890399,237.5,294.0,359.79098475715097,36.37973379096142,10.0,10.0
286,smt_002,beauce_5_sa_086,3,1,88.36715170788727,-34.29640591541829,1.945515576377434,7.461087722395801,13.0,168.43793258884787,231.22282131134125,269.7336880124374,357.1442910386719,13.249243734805868,10.755521692339,28.999775023724467
287,smt_002,beauce_5_sa_087,3,1,72.20395161416687,-5.079029961277058,2.8156732210332276,17.454205396077864,13.0,166.06817174129105,257.5848203618653,314.70005120485615,329.9247285729423,4.743718837116874,60.20752294583695,1.0224036798543852
288,smt_002,beauce_5_sa_088,1,0,82.38937044825987,-24.0,3.2011413878107104,13.0,13.0,186.9851054879899,237.5,294.0,353.9016844920979,13.400307430066047,10.0,10.0
289,smt_002,beauce_5_sa_089,3,2,88.28136050259309,-14.30992096330661,3.2297953104964066,14.96768404541014,17.093207151059588,152.14449335132537,251.28893900271248,267.2239709877328,363.046959110141,3.812822023110848,5.819386896325519,2.8888175808666627
290,smt_002,beauce_5_sa_090,3,2,97.61558224262788,-34.42320024711998,2.6763474384879435,2.1302421472765283,3.410994037320035,198.49904281697613,229.15743440845065,290.8602588532337,367.65562466512273,5.096841106453229,39.006095983647015,9.228963088525475
291,smt_002,beauce_5_sa_091,0,2,65.99854500241568,-12.505613732699665,1.9016494837960418,20.270047689704484,3.4185306167002865,158.0,237.5,294.0,348.9059289321194,10.0,10.0,10.0
292,smt_002,beauce_5_sa_092,3,2,52.83466493834454,-28.82801245662673,1.421242834080614,7.104182725674423,17.708682908580165,209.68863002981317,249.50203559385662,295.639379219279,371.2774579058539,26.70321477534723,3.5251689153729595,2.2073288037871155
293,smt_002,beauce_5_sa_093,2,1,58.55778174536249,-18.406896176716817,2.7282010927665192,20.613532294390616,13.0,198.30231671440774,219.55592046817927,294.0,378.64986593688116,64.92515181469722,9.406520492846786,10.0
294,smt_002,beauce_5_sa_094,1,1,61.39364193210302,-28.9758256241674,3.8770263456921397,15.047455812557663,13.0,177.77955483226208,237.5,294.0,367.77699287922906,58.593479919733774,10.0,10.0
295,smt_002,beauce_5_sa_095,2,0,68.08317034556505,-24.0,1.8511988901586376,13.0,13.0,176.8105458129079,233.32007478592035,294.0,348.9029776702026,18.91228601626338,27.693196847789824,10.0
296,smt_002,beauce_5_sa_096,2,0,61.978619566882145,-24.0,1.9605113609756037,13.0,13.0,110.86872849897458,241.92032918445122,294.0,325.50265270195456,5.311891048559511,3.477090682714959,10.0
297,smt_002,beauce_5_sa_097,2,2,105.41888131022527,-17.200045125343905,1.0394334897595077,14.596725049435136,23.894053830919585,187.96556026725833,252.18704607475135,294.0,323.15318676574054,53.26821109794891,3.0468054296317892,10.0
298,smt_002,beauce_5_sa_098,2,2,102.77538821282204,-9.115842937896815,2.849097646399429,4.425993869084072,9.947407479804145,196.67863467653808,219.46370898130724,294.0,355.72305279026574,5.28885578678763,55.209781426950684,10.0
299,smt_002,beauce_5_sa_099,3,1,59.56455101960472,-39.51827094070964,1.2237173464660538,10.093753936219994,13.0,188.56179968259246,254.23981098409928,297.3721256150051,378.23477715640126,7.187228348054138,6.281090159565133,51.42202345977902
300,smt_003,beauce_5_sa_000,2,1,64.01402351013175,-27.694775337765332,1.954720115036663,21.787879868749172,13.0,140.95075423387073,256.2607099413269,294.0,327.7552412305543,4.1048356764394365,48.12864096797385,10.0
301,smt_003,beauce_5_sa_001,0,2,96.33700878046544,-22.947675604359105,2.9031362012122797,18.10153872932812,6.964187755724195,158.0,237.5,294.0,342.0188666485812,10.0,10.0,10.0
302,smt_003,beauce_5_sa_002,3,0,59.08591256100972,-24.0,2.530408242195689,13.0,13.0,160.347491089856,242.6156883759738,310.05628233068745,361.5910005143298,2.517442681983431,33.111275401557606,30.154001069814136
303,smt_003,beauce_5_sa_003,3,2,60.87817377572243,-23.79004071243644,1.229219365274083,2.6562964881706836,7.432246509739974,120.45351417978996,224.5886918711328,320.584581011497,373.25577544254406,45.94534905290691,3.240185227061544,2.6173716021548303
304,smt_003,beauce_5_sa_004,1,2,99.91451862107203,-31.321715476488997,2.4303606136705027,1.7644657498700829,6.343937295906267,107.23432627830022,237.5,294.0,338.53959766964584,10.739401577329676,10.0,10.0
305,smt_003,beauce_5_sa_005,1,2,67.58892550589624,-29.081791571858005,1.1254189954070712,18.893824551130457,16.113255990884884,164.4241851910266,237.5,294.0,343.2124588528279,1.6681622837915873,10.0,10.0
306,smt_003,beauce_5_sa_006,0,0,99.09077559543218,-24.0,1.9639186455562347,13.0,13.0,158.0,237.5,294.0,325.6483815971017,10.0,10.0,10.0
307,smt_003,beauce_5_sa_007,3,0,104.6074360338176,-24.0,3.6435402832507373,13.0,13.0,152.7969978229405,259.6705862916367,270.2960554898154,365.79070071715483,1.26530362706557,27.432128675317667,5.217884973811284
308,smt_003,beauce_5_sa_008,2,0,84.88351803317386,-24.0,2.134499657283336,13.0,13.0,167.52066003208287,224.66678448329603,294.0,344.2535078494474,16.879787326109422,79.87521652090192,10.0
309,smt_003,beauce_5_sa_009,3,0,72.3168801336589,-24.0,1.5813910926239436,13.0,13.0,168.71932117498773,240.26407354575235,276.4921939535675,333.27205247765966,71.65834234220235,4.0599231088850845,1.5609495795133426
310,smt_003,beauce_5_sa_010,2,0,69.46722671423522,-24.0,2.0558451309653787,13.0,13.0,129.52381199643378,248.64005954293995,294.0,354.21716518128187,65.30433814711509,32.508164637396035,10.0
311,smt_003,beauce_5_sa_011,1,0,52.86982254155909,-24.0,2.2206016436959697,13.0,13.0,168.27956581360434,237.5,294.0,330.84968363318995,8.0884329591569,10.0,10.0
312,smt_003,beauce_5_sa_012,1,2,52.6410721126046,-32.29665839792128,3.251741010173685,7.060529267143673,14.885047636817301,138.9387644156751,237.5,294.0,370.3353388333787,96.63623211954085,10.0,10.0
313,smt_003,beauce_5_sa_013,1,1,105.62719695200582,-8.364602436981706,3.331114146029398,2.341109357693748,13.0,133.04517587922984,237.5,294.0,325.4437624236951,16.210223780079488,10.0,10.0
314,smt_003,beauce_5_sa_014,2,1,67.25047962487733,-29.934695052891037,3.0774242309667077,19.053905795978324,13.0,108.50782924496131,224.77088332683905,294.0,355.95722686152675,1.5707068424451431,29.499675104474388,10.0
315,smt_003,beauce_5_sa_015,1,1,98.17210196483475,-36.60873519369586,1.0399978488306665,18.84247818245891,13.0,199.77291356185657,237.5,294.0,365.61280618912184,1.3472937247718424,10.0,10.0
316,smt_003,beauce_5_sa_016,0,2,62.52890473587306,-32.78714785951967,2.933625053037755,22.25783512538817,2.308471739825856,158.0,237.5,294.0,329.87297870761086,10.0,10.0,10.0
317,smt_003,beauce_5_sa_017,0,0,93.21430488567671,-24.0,1.1882431757879748,13.0,13.0,158.0,237.5,294.0,381.3695356066302,10.0,10.0,10.0
318,smt_003,beauce_5_sa_018,1,0,52.067127432819746,-24.0,1.2475808448186987,13.0,13.0,121.89721327298588,237.5,294.0,362.8589778538782,41.93598560045549,10.0,10.0
319,smt_003,beauce_5_sa_019,0,0,87.33002293242652,-24.0,2.3621360925227357,13.0,13.0,158.0,237.5,294.0,357.8422442926909,10.0,10.0,10.0
320,smt_003,beauce_5_sa_020,3,1,78.8003044412549,-4.463513769173588,3.6090636138191625,20.363357876641047,13.0,137.82600577152917,226.10412300918495,320.41740130939417,334.728143032026,5.996668029702769,95.31880734959383,14.243971883521787
321,smt_003,beauce_5_sa_021,1,1,64.55479714864563,-32.484576447430925,2.1853614737463585,15.47630180136888,13.0,165.89988449383674,237.5,294.0,370.44310886174304,54.0090722577084,10.0,10.0
322,smt_003,beauce_5_sa_022,2,1,70.42788210512344,-7.309891198260878,2.964293314667572,19.998325336029104,13.0,107.04762619786655,243.31853086628035,294.0,357.7471669511425,28.35024716194596,15.339680198279813,10.0
323,smt_003,beauce_5_sa_023,3,2,77.80632570460799,-10.632078058025733,3.1212620649616674,5.753089472155001,22.35135906612397,135.15527199892318,236.80650645655362,301.1754070467325,348.8086476865009,10.541223117762529,2.891824364932359,33.56580526111522
324,smt_003,beauce_5_sa_024,0,1,46.193812360013354,-21.125599732989297,2.4018752255408797,16.76577541337074,13.0,158.0,237.5,294.0,350.50340360688494,10.0,10.0,10.0
325,smt_003,beauce_5_sa_025,0,0,49.02732778746111,-24.0,2.899461757457365,13.0,13.0,158.0,237.5,294.0,377.2949865340184,10.0,10.0,10.0
326,smt_003,beauce_5_sa_026,3,0,98.61426804955069,-24.0,3.7440202378669993,13.0,13.0,157.1577904359002,247.71848878054908,299.5308715123674,328.93568442753144,3.326352408368882,4.643233323836303,1.2510957827943043
327,smt_003,beauce_5_sa_027,0,1,49.14002238913212,-42.12749658969919,1.1845849832155637,22.737621072212413,13.0,158.0,237.5,294.0,361.853243195419,10.0,10.0,10.0
328,smt_003,beauce_5_sa_028,3,1,45.24207040153887,-14.32982731456881,2.458253057940248,12.102892807838712,13.0,119.25201914026194,211.8635694205941,308.9519407280793,367.80830423630175,20.09019542565922,44.652186111106296,30.999393799210313
329,smt_003,beauce_5_sa_029,3,1,60.538092792965315,-7.353818826321714,3.868461516108317,8.595966686736853,13.0,130.61390511734444,225.3714643564755,307.4464738925291,372.9633095653471,35.3531235482787,4.0312350825122145,5.143773355743927
330,smt_003,beauce_5_sa_030,0,0,101.87095188595725,-24.0,3.021093430197511,13.0,13.0,158.0,237.5,294.0,363.7541570941561,10.0,10.0,10.0
331,smt_003,beauce_5_sa_031,0,2,103.8222101397051,-4.879894645933781,3.1049909788992247,19.220350833098554,12.046196582827562,158.0,237.5,294.0,333.4789319010527,10.0,10.0,10.0
332,smt_003,beauce_5_sa_032,0,1,73.59975569911288,-31.086811853685855,3.295048733287123,5.806264164833085,13.0,158.0,237.5,294.0,324.4826113846888,10.0,10.0,10.0
333,smt_003,beauce_5_sa_033,2,1,52.721042216878644,-4.725070234706351,1.3096964544116725,24.252553637980277,13.0,189.95143588850053,262.2470720011096,294.0,343.74261183659127,46.64942530213864,16.064192671617786,10.0
334,smt_003,beauce_5_sa_034,0,2,74.10464424406584,-27.133165840000625,3.7010552655769926,1.4802957093684947,24.048684999919004,158.0,237.5,294.0,340.64597902010826,10.0,10.0,10.0
335,smt_003,beauce_5_sa_035,2,1,46.466122388011435,-22.457158439606822,1.7117960174088767,7.74815229971845,13.0,150.76043614157916,254.65253367573382,294.0,358.22523671932004,2.837933359233689,77.21890709433744,10.0
336,smt_003,beauce_5_sa_036,1,2,58.14494694114806,-7.820312279548375,1.3109138546246681,10.768635372100942,18.245958636160985,171.43702557702198,237.5,294.0,349.3013619951467,39.038601857713246,10.0,10.0
337,smt_003,beauce_5_sa_037,2,2,97.30517921670494,-25.213289313861065,3.3263691766644374,20.344493812433488,4.871743348939134,128.81357338819214,258.7790378713917,294.0,334.97085557030323,22.3866946461746,24.925226436188794,10.0
338,smt_003,beauce_5_sa_038,0,0,85.79828132062241,-24.0,3.3925559302861377,13.0,13.0,158.0,237.5,294.0,347.9562769671997,10.0,10.0,10.0
339,smt_003,beauce_5_sa_039,1,0,91.84539019965804,-24.0,3.7524540930665657,13.0,13.0,191.61752333386715,237.5,294.0,378.89801490947855,1.6780876457608085,10.0,10.0
340,smt_003,beauce_5_sa_040,1,0,64.90489809930793,-24.0,3.819968612423981,13.0,13.0,152.78900305913928,237.5,294.0,333.3021995311223,11.009367919023514,10.0,10.0
341,smt_003,beauce_5_sa_041,0,2,84.70322055353763,-23.08443675367536,2.338874376250115,3.3493348449556417,21.190511433005884,158.0,237.5,294.0,365.85088497211035,10.0,10.0,10.0
342,smt_003,beauce_5_sa_042,1,2,47.917309306565684,-6.27729984368662,1.4403307294916305,8.268760743244492,9.135283549309065,121.29592309301931,237.5,294.0,358.2262942925996,1.9889089176162449,10.0,10.0
343,smt_003,beauce_5_sa_043,1,0,70.86936120662662,-24.0,2.445428199326388,13.0,13.0,189.91366657419104,237.5,294.0,373.1832014320607,1.2927397505823606,10.0,10.0
344,smt_003,beauce_5_sa_044,0,1,87.61644394533957,-35.788830442667,1.4533898470343212,17.21423372955383,13.0,158.0,237.5,294.0,378.84207100862386,10.0,10.0,10.0
345,smt_003,beauce_5_sa_045,2,1,61.979106024387875,-40.99289540851938,3.153571199566604,10.642715287070525,13.0,122.72968174190795,249.40174700161452,294.0,367.72780031796896,34.89917803587054,1.0258030523768886,10.0
346,smt_003,beauce_5_sa_046,2,1,72.56845037823066,-38.94617434637301,3.5183055367743545,15.486728599606115,13.0,169.8091213845399,257.1766736443785,294.0,369.16583425735905,14.161548771896392,3.131739936039455,10.0
347,smt_003,beauce_5_sa_047,0,1,60.69577198152801,-39.531569303446176,3.0578418642341454,17.615394790004068,13.0,158.0,237.5,294.0,341.2345223807098,10.0,10.0,10.0
348,smt_003,beauce_5_sa_048,3,0,103.17103696172245,-24.0,2.3669423117214747,13.0,13.0,128.7344095144327,222.47189086254406,280.2443936030546,374.199110421221,1.7434220341241793,1.7009628863178219,2.042230966445649
349,smt_003,beauce_5_sa_049,2,2,75.88477620504767,-15.448129142591586,1.8812796807651733,24.927164750690242,3.585185753862261,201.67872663884646,246.2140390898973,294.0,367.4321701849467,1.0699879542246988,9.16190686058846,10.0
350,smt_003,beauce_5_sa_050,0,0,69.0771362771272,-24.0,1.092084803119466,13.0,13.0,158.0,237.5,294.0,350.6569923456708,10.0,10.0,10.0
351,smt_003,beauce_5_sa_051,3,1,96.85458324516648,-35.94918766425264,3.0190010925499267,20.28712245747876,13.0,187.0232661006755,251.44055338456786,300.03457743211277,336.88831445879833,56.11158299427278,14.550759757537543,57.42185732311283
352,smt_003,beauce_5_sa_052,1,1,95.4351250593188,-43.45379541946124,3.3936828376313617,9.291107718828366,13.0,143.18870683522024,237.5,294.0,338.726752683724,2.0951005993263525,10.0,10.0
353,smt_003,beauce_5_sa_053,0,2,68.28421458537717,-8.90591912525295,2.7588612078923003,13.661017853375,4.898535043720109,158.0,237.5,294.0,336.85628707049796,10.0,10.0,10.0
354,smt_003,beauce_5_sa_054,3,1,54.84618411902887,-17.336139527275254,3.541067764422156,4.571216388122765,13.0,163.47886777932624,244.72738745893236,278.6817960261792,328.51042119316463,1.2751940431321054,4.371274131965981,2.993604195986389
355,smt_003,beauce_5_sa_055,3,2,58.980689571616736,-9.760044223262554,2.811373791556422,24.383926539258574,16.070864354337004,137.36408164539478,228.39016593868953,286.2341940446431,356.90223055214756,18.398191953988164,1.4678233109354757,10.540871142783438
356,smt_003,beauce_5_sa_056,0,0,100.41805870683791,-24.0,2.0875586533505155,13.0,13.0,158.0,237.5,294.0,345.70062035508374,10.0,10.0,10.0
357,smt_003,beauce_5_sa_057,1,2,46.294933892640884,-20.49846738654615,2.731041271643142,19.54414900126889,14.658427738549893,179.86550248527652,237.5,294.0,353.60137774090526,21.927964404457313,10.0,10.0
358,smt_003,beauce_5_sa_058,3,1,99.96406348283823,-24.046342469523157,2.832586826505681,5.874556867603658,13.0,111.20526347079385,217.8553133356315,310.9595196257039,327.2205340269452,6.346857996959969,2.1970522748820875,48.4466399174615
359,smt_003,beauce_5_sa_059,2,0,74.90439278587445,-24.0,2.520404817401823,13.0,13.0,190.44297118289978,240.06548588201582,294.0,339.93273880566414,47.10487302935654,13.09415027435934,10.0
360,smt_003,beauce_5_sa_060,2,2,82.54162507582338,-12.086521249785392,2.1088111458364303,12.916371612363058,6.473689654430132,149.31968073756806,246.5344883501961,294.0,375.41076379831264,46.89376671445514,1.3000627035546597,10.0
361,smt_003,beauce_5_sa_061,3,2,69.03485884585092,-11.315527748113674,3.1496990457146303,10.96436862882672,14.686776832677026,184.40766598329355,244.77724505431013,289.94780467612935,366.8033302399208,34.48645346235251,67.83656577228423,66.93614839921318
362,smt_003,beauce_5_sa_062,2,2,74.07917994242129,-22.917657217570923,3.1983376690557836,13.935100766517795,21.527801983578954,199.62614754914392,257.98734000078446,294.0,340.26801000854306,9.997255244025586,9.99158309855916,10.0
363,smt_003,beauce_5_sa_063,0,0,60.048239579400764,-24.0,2.4443046428253594,13.0,13.0,158.0,237.5,294.0,341.6426509582693,10.0,10.0,10.0
364,smt_003,beauce_5_sa_064,3,0,102.32938256528561,-24.0,1.246443174941217,13.0,13.0,178.1399698425434,211.03398668933434,311.4203116020361,348.62253321596177,1.1116320300026317,2.7547519452638776,41.08602454015472
365,smt_003,beauce_5_sa_065,1,1,92.49574599407288,-41.19582382810587,1.7570831462436831,21.260988240533756,13.0,168.1769181763649,237.5,294.0,333.82517657084367,1.2370970562265606,10.0,10.0
366,smt_003,beauce_5_sa_066,0,0,57.24074998666439,-24.0,3.4300800879089453,13.0,13.0,158.0,237.5,294.0,361.24605353175616,10.0,10.0,10.0
367,smt_003,beauce_5_sa_067,1,1,49.55934004713985,-16.31322890477272,2.319634529225704,5.603627582619255,13.0,113.95160250524492,237.5,294.0,347.47693167462614,9.478783916126037,10.0,10.0
368,smt_003,beauce_5_sa_068,3,0,84.02271837054266,-24.0,1.8401117538359817,13.0,13.0,170.66000055681775,234.99271927847747,302.97449382515305,369.57599209506463,5.109451863959282,29.67210384782483,1.6649232263740192
369,smt_003,beauce_5_sa_069,3,0,64.21670410530616,-24.0,3.1331316767355295,13.0,13.0,176.87493533179355,252.58627458518458,313.88463487451304,331.73467665853,10.744413136792407,54.60563024996758,3.322771998986415
370,smt_003,beauce_5_sa_070,1,2,63.3020990640693,-11.275185917800322,1.5619278110825245,17.240352143133798,22.988282657478653,126.20500895216014,237.5,294.0,341.2779769157933,13.474744096121581,10.0,10.0
371,smt_003,beauce_5_sa_071,0,0,64.78350306527321,-24.0,2.9986023190394886,13.0,13.0,158.0,237.5,294.0,330.4034258879261,10.0,10.0,10.0
372,smt_003,beauce_5_sa_072,0,2,81.26142318411794,-30.56123367501879,3.9021727487939635,19.704867293364877,20.018806455403784,158.0,237.5,294.0,364.363220626695,10.0,10.0,10.0
373,smt_003,beauce_5_sa_073,3,0,85.98794615267352,-24.0,3.4466103051888277,13.0,13.0,181.32767997094652,254.59681791702624,307.17947438972476,344.1155589587281,12.749239836885032,3.3518995161993783,13.589457445331036
374,smt_003,beauce_5_sa_074,3,1,64.09876714312041,-33.449490660703184,1.090616551675697,24.569772291541486,13.0,126.73809986355116,213.9656463501692,271.4776706218784,340.7164095834974,5.247762292162386,74.55448481396424,3.887473624083814
375,smt_003,beauce_5_sa_075,3,0,78.53751000359921,-24.0,1.3636020368759825,13.0,13.0,197.94800746093836,256.37451869913605,292.24367157152847,333.7844289787003,5.92655771777365,8.813376439315666,51.09740571752183
376,smt_003,beauce_5_sa_076,2,1,62.91687958481705,-6.701350925541746,3.3381994948986917,19.464433186361298,13.0,124.18551056849735,223.4080931021191,294.0,337.1737077467803,6.698112184066074,30.91899527850974,10.0
377,smt_003,beauce_5_sa_077,2,0,63.30963022389926,-24.0,3.6766252183535615,13.0,13.0,153.24219124517813,236.1672797831282,294.0,366.8118855773679,9.969301066386942,4.884424302574735,10.0
378,smt_003,beauce_5_sa_078,2,2,103.13434649351568,-30.790188403658483,1.8766945116424973,5.580834597047609,14.797409903050985,137.07865468925587,229.17355182040436,294.0,337.59776154595176,16.010140601414502,2.475590014228505,10.0
379,smt_003,beauce_5_sa_079,0,1,86.07744254289639,-5.033058312775118,1.122567560233143,9.044295559381583,13.0,158.0,237.5,294.0,326.7630072948158,10.0,10.0,10.0
380,smt_003,beauce_5_sa_080,3,2,71.96467124578848,-6.137799626545103,3.034403827998961,14.004091292169543,4.923229942295695,202.37932275999856,239.72351951496586,316.2071571167649,353.4739401521959,7.614506536768514,14.829252906552323,21.085012297908868
381,smt_003,beauce_5_sa_081,2,2,67.09203218413845,-19.897087740091305,3.567806357408614,8.326896950231994,20.463572774984627,184.7271128376737,261.8315400590727,294.0,341.9473628779624,90.97487338539662,44.49086630170823,10.0
382,smt_003,beauce_5_sa_082,3,2,64.90033222840631,-18.014094827994406,2.940406378563668,20.66053237808216,21.20021940749473,148.04959499159673,226.55866629240774,304.7330127232275,365.3867235976597,60.33610859038514,83.72735875323694,5.353565271777872
383,smt_003,beauce_5_sa_083,0,2,91.4624374476522,-42.5404502050833,1.330060825584638,15.287028853080965,6.4943465774088,158.0,237.5,294.0,350.16459560814235,10.0,10.0,10.0
384,smt_003,beauce_5_sa_084,1,1,101.54018058990283,-28.729257840062182,2.490050062353972,17.526069359283575,13.0,204.10159894499225,237.5,294.0,348.2441262924982,2.5512473593636718,10.0,10.0
385,smt_003,beauce_5_sa_085,2,2,94.48786278324766,-40.57358509906305,1.4463951724834392,17.742021811913872,20.968287122336136,114.05973828655365,234.9756364582745,294.0,376.6549941745433,2.329966431410673,6.7953848041266856,10.0
386,smt_003,beauce_5_sa_086,0,2,64.38134097206193,-38.742916534271096,3.2576268382517486,20.91073280545963,12.637995564443084,158.0,237.5,294.0,351.2689320413614,10.0,10.0,10.0
387,smt_003,beauce_5_sa_087,2,1,51.04190702514169,-26.24407493608754,2.381212595119367,24.916023072289413,13.0,160.28031843296154,226.20126581494893,294.0,361.7169345071613,8.65804961283897,7.899848564570122,10.0
388,smt_003,beauce_5_sa_088,0,2,66.94562656262282,-37.18084182618304,3.447959102419664,17.267025906804648,19.511477790426838,158.0,237.5,294.0,338.2430140574807,10.0,10.0,10.0
389,smt_003,beauce_5_sa_089,0,2,47.71029134362637,-20.25356150031992,1.7571526508626953,4.291548790864259,22.425614943297198,158.0,237.5,294.0,333.0470799970766,10.0,10.0,10.0
390,smt_003,beauce_5_sa_090,1,1,46.23420689005515,-21.32514782887265,2.3656127728578547,20.1118225701138,13.0,170.4411672199506,237.5,294.0,382.02972208305766,1.0367820413554265,10.0,10.0
391,smt_003,beauce_5_sa_091,2,0,88.84978409533355,-24.0,2.891250379609318,13.0,13.0,172.04111483104006,237.60259937457397,294.0,369.50968167552116,8.042131763238146,51.11557718239144,10.0
392,smt_003,beauce_5_sa_092,3,1,98.30424810447805,-12.932935178303481,2.36762153869617,22.978930613749174,13.0,176.6598046757359,261.25381425733434,322.3476057916296,373.6099376122725,80.01436959048166,1.0034586029739205,25.30804842759716
393,smt_003,beauce_5_sa_093,1,1,74.36187166295005,-12.701548486579107,3.527553759198809,4.439454463122752,13.0,146.19544846608304,237.5,294.0,379.2732431721795,3.822069683323327,10.0,10.0
394,smt_003,beauce_5_sa_094,0,2,73.29981917642488,-19.252935532769136,1.6100077045820953,9.4221639925809,9.60587457386963,158.0,237.5,294.0,360.4875192883708,10.0,10.0,10.0
395,smt_003,beauce_5_sa_095,1,2,78.70989799706967,-36.55815733788395,2.416466494671215,5.603005158239037,2.746870584744754,160.50325979515367,237.5,294.0,347.58200773032866,2.594065937062991,10.0,10.0
396,smt_003,beauce_5_sa_096,1,0,67.20407659063352,-24.0,2.7891019456952906,13.0,13.0,118.45372703599521,237.5,294.0,328.4122785131138,18.531519120603527,10.0,10.0
397,smt_003,beauce_5_sa_097,0,2,83.46131566564915,-35.183059497823336,2.2527221594333042,5.798035173460983,16.18367623606123,158.0,237.5,294.0,355.30823758613263,10.0,10.0,10.0
398,smt_003,beauce_5_sa_098,2,1,50.7969277410693,-43.86060856179142,2.9272589809917484,18.466713093684813,13.0,193.4861772245822,247.56864223057178,294.0,349.275632506017,1.4142206461319242,3.4084467889978427,10.0
399,smt_003,beauce_5_sa_099,3,0,97.69799527386495,-24.0,1.9612756367311666,13.0,13.0,141.62861483337812,249.1053725461566,283.7805388702395,375.33764798984913,25.227175962352895,84.80530290489119,80.38077155668384
400,smt_004,beauce_5_sa_000,2,0,76.03758305215143,-24.0,2.7189340578377497,13.0,13.0,149.7299806120954,256.5250829240889,294.0,332.5726428085483,55.69709174495093,1.038741366540922,10.0
401,smt_004,beauce_5_sa_001,2,2,54.487476506892214,-38.51404560788008,3.0663235985372532,2.0610865889244376,8.263521695724105,148.78998602795207,262.4263288545086,294.0,379.24507966145444,1.4376583121043818,49.107066602755445,10.0
402,smt_004,beauce_5_sa_002,3,1,65.26395778372384,-32.54351658909556,1.4474804502187077,18.567423103239133,13.0,170.53007316525805,234.46805095352425,289.8780335294548,363.37171449671524,3.9896602523475018,2.0579949991396798,41.93218517299982
403,smt_004,beauce_5_sa_003,1,1,56.582910962529944,-39.762500338201555,3.836235208869481,21.59953470487727,13.0,117.98318443306337,237.5,294.0,377.59600121657917,2.9690394195093397,10.0,10.0
404,smt_004,beauce_5_sa_004,0,1,78.71501359414574,-4.626280980528435,1.6565476249533229,14.807334222687626,13.0,158.0,237.5,294.0,375.7866197721732,10.0,10.0,10.0
405,smt_004,beauce_5_sa_005,3,2,82.57512579144469,-4.087463650036689,3.922591641265471,23.126475784853813,5.680541237034296,123.73022115334419,264.6832666968028,296.96884632747367,341.64987873354295,18.909115885469593,1.6537028611076203,1.7600419200450208
406,smt_004,beauce_5_sa_006,0,2,55.56303086061972,-39.84427856710207,1.2642283503801495,23.736086858994113,13.087973696802162,158.0,237.5,294.0,362.59181002190246,10.0,10.0,10.0
407,smt_004,beauce_5_sa_007,0,1,57.996619378598886,-37.81650451027019,2.1768390526553016,7.610787438821286,13.0,158.0,237.5,294.0,357.21146189108606,10.0,10.0,10.0
408,smt_004,beauce_5_sa_008,3,2,100.90255630104775,-25.125563804907088,1.4440527768148854,8.170462843751778,24.30992985922436,130.3828051831783,261.00312685873195,287.72955140008423,383.09587698007994,4.274959611791385,32.93746301176578,1.0194353862792243
409,smt_004,beauce_5_sa_009,0,1,68.22668706326674,-25.66981943552518,2.6020444148503326,8.633335812500981,13.0,158.0,237.5,294.0,334.39684293112805,10.0,10.0,10.0
410,smt_004,beauce_5_sa_010,3,0,77.09538919886167,-24.0,2.030350793637746,13.0,13.0,195.85401215558764,258.176282164773,266.0494929220888,337.64981511578185,1.9598268770763672,25.367949374141293,6.120000105668315
411,smt_004,beauce_5_sa_011,0,2,99.31302144805551,-18.978660710120128,1.0822546680730465,8.444121842192239,18.87691059657288,158.0,237.5,294.0,331.2143043262273,10.0,10.0,10.0
412,smt_004,beauce_5_sa_012,1,1,70.87667707376735,-10.192796152867963,3.2354670267761034,6.881629326219667,13.0,208.31187527336687,237.5,294.0,357.1108260426803,2.1839736622984396,10.0,10.0
413,smt_004,beauce_5_sa_013,1,2,93.78030738273847,-35.66589014688773,1.3571803905110422,1.0604523408913373,5.141136086527408,203.5670193193296,237.5,294.0,372.37060676837376,77.89320865505225,10.0,10.0
414,smt_004,beauce_5_sa_014,3,2,68.55305325132679,-36.84350914448678,2.228765845311954,15.942831912903767,1.7125356334230755,196.58011501054295,237.54021358532984,304.35685468309913,346.80483501638224,5.601498548257229,92.1891834756753,4.786068145402545
415,smt_004,beauce_5_sa_015,0,2,105.28448681845398,-17.348818623261998,2.4757256005381683,23.01936974128593,18.605716483118997,158.0,237.5,294.0,379.0775123131309,10.0,10.0,10.0
416,smt_004,beauce_5_sa_016,0,1,66.65992851414427,-26.484543775834887,3.560486386974216,1.1169156506733513,13.0,158.0,237.5,294.0,367.45807970475266,10.0,10.0,10.0
417,smt_004,beauce_5_sa_017,2,2,64.05090129709595,-6.8093006692753235,2.557648117219779,9.126881951701407,4.502055053222485,204.30676409215602,254.9356501637639,294.0,370.8119469178704,69.48970325213762,2.124292463389673,10.0
418,smt_004,beauce_5_sa_018,0,0,81.05991813017141,-24.0,1.4452849681991096,13.0,13.0,158.0,237.5,294.0,329.9959449567772,10.0,10.0,10.0
419,smt_004,beauce_5_sa_019,0,2,89.44117651909477,-6.045667809952306,3.7306773537112754,18.614029904974426,23.679807960673003,158.0,237.5,294.0,328.04062994168817,10.0,10.0,10.0
420,smt_004,beauce_5_sa_020,3,1,75.72941856352001,-21.63649883067618,1.5919975937223168,5.3849439062100215,13.0,208.32285509315938,240.80090430233713,283.5807800555618,369.72907636344144,16.46799678117809,56.19815547917353,16.112971969989584
421,smt_004,beauce_5_sa_021,1,0,82.88722835097771,-24.0,3.348740793039244,13.0,13.0,173.87437639890044,237.5,294.0,330.18374055206414,58.21695748052223,10.0,10.0
422,smt_004,beauce_5_sa_022,0,1,71.5917225396434,-30.52597481232582,3.704459401095604,7.951998536411674,13.0,158.0,237.5,294.0,362.8729619418149,10.0,10.0,10.0
423,smt_004,beauce_5_sa_023,1,2,55.27296524043651,-39.30823410773604,1.0656740419628785,12.657106925864056,20.6221842275734,194.8226019646301,237.5,294.0,377.64463084193005,15.117877438973457,10.0,10.0
424,smt_004,beauce_5_sa_024,0,0,97.10311034240996,-24.0,3.9339235432931554,13.0,13.0,158.0,237.5,294.0,333.4400383335109,10.0,10.0,10.0
425,smt_004,beauce_5_sa_025,0,1,89.2239496437521,-38.55635665705049,2.092276516321278,11.826061803315854,13.0,158.0,237.5,294.0,338.22620589535967,10.0,10.0,10.0
426,smt_004,beauce_5_sa_026,0,2,97.49406226020338,-32.27570844104777,2.6046111206677143,10.446147605136119,11.700406198656388,158.0,237.5,294.0,369.32878010544886,10.0,10.0,10.0
427,smt_004,beauce_5_sa_027,0,0,92.63127301379338,-24.0,2.7879813133707874,13.0,13.0,158.0,237.5,294.0,360.5045655648001,10.0,10.0,10.0
428,smt_004,beauce_5_sa_028,1,0,50.01684542362723,-24.0,1.1691615150637291,13.0,13.0,176.9734507511794,237.5,294.0,364.8465150298815,4.069237464299565,10.0,10.0
429,smt_004,beauce_5_sa_029,2,1,91.70277679776417,-23.404779041833603,3.4748187130662154,11.764969061150024,13.0,138.3226978377444,220.52099526347624,294.0,374.91420121914484,26.046638666442245,98.45767319814799,10.0
430,smt_004,beauce_5_sa_030,2,1,84.9598045079673,-12.890872394456668,1.4384442093375662,2.3017954588987415,13.0,207.8902302439805,251.38866410015532,294.0,348.5275635888003,7.26853136931869,20.773202516939925,10.0
431,smt_004,beauce_5_sa_031,0,1,56.50978194299465,-12.55056832357591,1.598242546768279,19.750079760924436,13.0,158.0,237.5,294.0,358.87183835113933,10.0,10.0,10.0
432,smt_004,beauce_5_sa_032,2,1,105.10211165731027,-34.39704089597719,2.2635985781890486,17.655770694808915,13.0,155.836600964905,227.0828234249282,294.0,325.4725824978373,10.239960477887541,4.60162052146274,10.0
433,smt_004,beauce_5_sa_033,2,1,56.761182490952294,-14.405256992759693,3.427818916578061,4.567731726025258,13.0,119.17358196640288,215.49780794208098,294.0,350.82903609296045,1.0847359737856181,3.816524159180825,10.0
434,smt_004,beauce_5_sa_034,1,1,69.23058460682309,-25.874516959100674,1.9292565398932005,11.789516829598343,13.0,152.23456463144856,237.5,294.0,334.8670374500811,13.753608060401957,10.0,10.0
435,smt_004,beauce_5_sa_035,2,1,88.92765115664551,-15.824867107078127,3.892690816835951,12.893999677211198,13.0,206.54589673791753,263.26233839430404,294.0,339.1283895163439,2.628688479214531,1.5975788635553982,10.0
436,smt_004,beauce_5_sa_036,0,0,49.429177067629865,-24.0,1.60007719275391,13.0,13.0,158.0,237.5,294.0,382.86691616713046,10.0,10.0,10.0
437,smt_004,beauce_5_sa_037,1,0,81.05056157184949,-24.0,1.4353678443956728,13.0,13.0,207.93276427896328,237.5,294.0,341.4209812486584,5.615447542903048,10.0,10.0
438,smt_004,beauce_5_sa_038,3,1,79.29598544782971,-30.122414654466173,1.527769555662224,13.85504394847871,13.0,117.78535139835373,258.66543909864555,288.27233405405127,341.70188415710487,27.321763924216675,33.32399698139809,72.37614659738016
439,smt_004,beauce_5_sa_039,0,2,95.23610150880134,-12.577692758425584,1.2090772817878146,13.296400498028357,22.77037523817991,158.0,237.5,294.0,336.04338491478813,10.0,10.0,10.0
440,smt_004,beauce_5_sa_040,2,0,55.986487764135475,-24.0,3.146807088435885,13.0,13.0,203.9937319521706,244.728460157213,294.0,360.27463120270886,22.9865721977198,95.01667690449024,10.0
441,smt_004,beauce_5_sa_041,2,0,97.05171901437825,-24.0,2.32027930060859,13.0,13.0,120.75270170888149,228.22645187574508,294.0,372.93838915305685,6.3217772862682144,1.2425885031503967,10.0
442,smt_004,beauce_5_sa_042,3,0,82.38400833961371,-24.0,2.7291549413974634,13.0,13.0,130.85229691719803,220.62981675500342,275.24960168977094,350.8513849120007,38.82257963266192,2.059430812340231,5.474002830902796
443,smt_004,beauce_5_sa_043,1,2,86.07850661509727,-4.170116001488957,3.5093945752537765,5.492343687695026,24.242837006472634,135.26107598152242,237.5,294.0,348.6711094428804,1.2669592355023664,10.0,10.0
444,smt_004,beauce_5_sa_044,0,1,70.61905260635095,-14.77755233989135,1.7321632847997233,21.69282358579337,13.0,158.0,237.5,294.0,344.9839314716542,10.0,10.0,10.0
445,smt_004,beauce_5_sa_045,3,2,79.69945638764798,-16.697306315288827,3.6547812223539973,18.221917683188945,9.205871404627294,206.85977887925293,210.52364860295773,299.5574316308883,379.9156560118929,1.7425453500179562,28.356505322058815,7.129306945183377
446,smt_004,beauce_5_sa_046,1,0,87.60341797127619,-24.0,1.5899996222074757,13.0,13.0,172.81585537680263,237.5,294.0,381.1122697005036,20.82684249901627,10.0,10.0
447,smt_004,beauce_5_sa_047,2,1,80.5316132626775,-21.722164218386617,2.0146373558187065,3.9136147428901036,13.0,146.06059186476395,234.21916631372594,294.0,360.6597153073882,11.32407533203037,69.88454449893372,10.0
448,smt_004,beauce_5_sa_048,0,1,104.7169598894829,-31.750566743191186,3.4488978763631177,16.075044447635282,13.0,158.0,237.5,294.0,343.58634702652677,10.0,10.0,10.0
449,smt_004,beauce_5_sa_049,2,0,65.77652899715203,-24.0,3.996933722162606,13.0,13.0,115.98029138680221,246.63987555004599,294.0,351.69835082664787,12.59630824725307,67.14155084999337,10.0
450,smt_004,beauce_5_sa_050,0,0,52.98938803902774,-24.0,2.2043315826580026,13.0,13.0,158.0,237.5,294.0,365.96380136215066,10.0,10.0,10.0
451,smt_004,beauce_5_sa_051,3,1,71.14842451279384,-15.178223309517076,3.70473497210026,1.590903073671948,13.0,136.00555751013167,231.7908928753081,266.628227564485,352.5666178787139,23.80105304509708,7.561486470763818,2.6143086477256072
452,smt_004,beauce_5_sa_052,2,0,94.9138144309579,-24.0,3.405819745550887,13.0,13.0,195.90666470214583,212.2971647405878,294.0,363.7900827257319,19.386687038636612,39.57241128936117,10.0
453,smt_004,beauce_5_sa_053,0,0,45.11637301219052,-24.0,3.8212793092702464,13.0,13.0,158.0,237.5,294.0,324.2970246486774,10.0,10.0,10.0
454,smt_004,beauce_5_sa_054,3,1,53.65067454995244,-31.121216366080468,1.7045277366973688,24.385111629283593,13.0,124.70332668454742,246.19147264412888,313.44442268053876,350.71740595267426,1.6689802548643102,31.460385519260257,1.1608719811447166
455,smt_004,beauce_5_sa_055,2,1,48.77169073366521,-14.680328166649346,3.9963096718341022,10.81444297209759,13.0,148.82438054407731,218.2511015388983,294.0,342.92908808776167,5.54277716566589,2.4735248027794494,10.0
456,smt_004,beauce_5_sa_056,0,2,71.90802037680842,-26.445780666305396,1.4613010187306765,7.5996183894215275,14.732024657845312,158.0,237.5,294.0,338.99060055214466,10.0,10.0,10.0
457,smt_004,beauce_5_sa_057,1,0,97.0367451179234,-24.0,3.516375985235125,13.0,13.0,183.40918111274024,237.5,294.0,361.5734999103058,24.627596583043754,10.0,10.0
458,smt_004,beauce_5_sa_058,1,1,92.96404653160732,-9.150257054674753,1.443698743274677,1.9061768231093603,13.0,193.70990830641094,237.5,294.0,380.9125848560426,7.743280213852507,10.0,10.0
459,smt_004,beauce_5_sa_059,2,0,54.554502362203856,-24.0,3.0970306603503284,13.0,13.0,140.83553755409315,260.6385650199614,294.0,341.5893518692567,3.9976126611400495,10.623184866702783,10.0
460,smt_004,beauce_5_sa_060,3,1,67.37635215753495,-32.03718706222073,2.293975526188241,16.443833042624206,13.0,106.7630856069634,248.526007826247,265.8302645984011,371.2155578531269,11.522658879815978,1.808955767203068,8.888540810526745
461,smt_004,beauce_5_sa_061,0,0,47.852078170234904,-24.0,2.7843784285000757,13.0,13.0,158.0,237.5,294.0,353.0340853510804,10.0,10.0,10.0
462,smt_004,beauce_5_sa_062,2,1,95.99019761793136,-24.72085072573664,1.2421321965478946,14.219246091091199,13.0,175.77156554209444,235.83936810566098,294.0,329.2149781573507,55.16714303927553,45.2238914752848,10.0
463,smt_004,beauce_5_sa_063,1,2,84.79084819903542,-38.51287028039935,1.841109144154711,15.069679148398073,9.61156114842342,189.9740411610142,237.5,294.0,374.7319951042805,2.1865117911195875,10.0,10.0
464,smt_004,beauce_5_sa_064,0,2,75.61605005065566,-40.63711666021441,2.670687331463818,1.799621109514834,2.799538607700857,158.0,237.5,294.0,343.41381410304297,10.0,10.0,10.0
465,smt_004,beauce_5_sa_065,3,1,51.23041619953735,-38.787360810873906,1.0590041031720048,14.528885768152492,13.0,132.262862593545,248.9041678879034,293.75985222290456,346.8490970038957,8.769969218854955,5.568440250699217,5.925235572941929
466,smt_004,beauce_5_sa_066,1,1,76.74059959578166,-16.403947613576047,1.551903972144975,13.187770209163423,13.0,182.11061617662762,237.5,294.0,361.9294950898743,21.394412854067507,10.0,10.0
467,smt_004,beauce_5_sa_067,0,0,72.3890933636256,-24.0,3.5713463642999006,13.0,13.0,158.0,237.5,294.0,375.2473254440249,10.0,10.0,10.0
468,smt_004,beauce_5_sa_068,2,0,98.36332039987975,-24.0,3.778960300118765,13.0,13.0,157.21617099556602,261.7895240340778,294.0,380.2073586730161,1.6661241767751986,83.66219547014904,10.0
469,smt_004,beauce_5_sa_069,2,1,60.75708279509167,-39.63078870202051,2.1416077588914857,16.35136981528959,13.0,202.71432795603133,230.19677467384676,294.0,346.57865141983,12.744553423596054,5.2789272246542485,10.0
470,smt_004,beauce_5_sa_070,3,1,105.67047369395058,-43.88940089913128,2.010046701010654,10.993809948794802,13.0,200.25970644949658,251.66205959290073,298.20474005146093,345.4321169080289,1.9210022742635757,2.696284048722401,3.766903263541654
471,smt_004,beauce_5_sa_071,0,0,79.64997546650204,-24.0,1.060525634799228,13.0,13.0,158.0,237.5,294.0,344.6055510970673,10.0,10.0,10.0
472,smt_004,beauce_5_sa_072,2,1,93.7505049374528,-42.714394952614064,1.509915504789506,8.43027965112114,13.0,134.04387356610675,229.16964220734533,294.0,326.8004824214219,2.1690737091879724,18.471000411044223,10.0
473,smt_004,beauce_5_sa_073,1,1,82.68512980655039,-39.11241577564375,1.5757217465479698,9.99586343490685,13.0,156.89793002396453,237.5,294.0,359.2881416434,78.172806125305,10.0,10.0
474,smt_004,beauce_5_sa_074,0,1,61.596995551027554,-6.273255441344936,3.222606398321853,2.2276973443564216,13.0,158.0,237.5,294.0,340.41036017012146,10.0,10.0,10.0
475,smt_004,beauce_5_sa_075,0,0,55.13675319714237,-24.0,2.620403946907679,13.0,13.0,158.0,237.5,294.0,353.7668532344892,10.0,10.0,10.0
476,smt_004,beauce_5_sa_076,0,2,58.13061248898447,-5.032747544528526,1.5696555545561628,16.469951150559297,1.3092492231912352,158.0,237.5,294.0,374.58270141435884,10.0,10.0,10.0
477,smt_004,beauce_5_sa_077,1,1,53.96893021610873,-23.950633308652858,2.7018225605524044,12.109567803612478,13.0,141.6108844821705,237.5,294.0,383.08808984692075,11.234917918960823,10.0,10.0
478,smt_004,beauce_5_sa_078,1,0,91.20596939568895,-24.0,2.3268026596817344,13.0,13.0,136.61980362820768,237.5,294.0,366.4118810717418,4.78056541149357,10.0,10.0
479,smt_004,beauce_5_sa_079,3,2,91.34206607152807,-21.987998506613167,1.1307984595624583,11.548506299111498,7.681823365295365,156.03324234769698,242.1260130835671,273.02371777406955,324.62243565725936,3.028217544772773,2.613434513596799,30.693237680124767
480,smt_004,beauce_5_sa_080,0,0,85.17182965085894,-24.0,3.7169353596299644,13.0,13.0,158.0,237.5,294.0,371.73797065188506,10.0,10.0,10.0
481,smt_004,beauce_5_sa_081,2,2,77.32736864161842,-5.4251058718530984,3.664370821495843,6.454299825669264,8.812216066694662,177.26714948490218,259.75247820547384,294.0,324.92372172040615,24.752029396593485,66.65731004301936,10.0
482,smt_004,beauce_5_sa_082,0,0,59.4372869323755,-24.0,1.3183727028476127,13.0,13.0,158.0,237.5,294.0,378.19813315983475,10.0,10.0,10.0
483,smt_004,beauce_5_sa_083,2,0,103.94099719342347,-24.0,2.19218513463317,13.0,13.0,188.0454143078785,257.1726034571078,294.0,342.0816364542473,11.924982044518716,5.894855363171542,10.0
484,smt_004,beauce_5_sa_084,1,0,85.75747134330044,-24.0,2.1565722811275636,13.0,13.0,178.25645285106413,237.5,294.0,339.32314204509566,12.398958736631068,10.0,10.0
485,smt_004,beauce_5_sa_085,2,1,82.45391271319562,-20.94809153311059,3.657190349362985,7.1087795858029335,13.0,178.09132338665552,231.29956472574995,294.0,332.9966238411422,3.506375773179353,41.338918790209654,10.0
486,smt_004,beauce_5_sa_086,2,1,55.08384321307342,-5.479015227906494,1.209758535558049,13.012540707553025,13.0,161.85352038209493,242.15931550276275,294.0,382.65667360196215,1.896739939536364,12.549228469472768,10.0
487,smt_004,beauce_5_sa_087,0,2,79.83873463814228,-7.072159771143134,2.063147900652692,12.273286989739063,8.637887245939897,158.0,237.5,294.0,345.80195486618214,10.0,10.0,10.0
488,smt_004,beauce_5_sa_088,1,2,69.23672940423239,-15.24475320610625,3.377553278644992,21.621107189745068,13.441365112756927,186.63693595061977,237.5,294.0,375.43212455407445,4.982573824954092,10.0,10.0
489,smt_004,beauce_5_sa_089,3,0,50.138316751857325,-24.0,3.889277032161979,13.0,13.0,201.47965732634424,225.20138610671367,298.80782073536085,357.81452043116445,21.030369137089707,1.9129202911480347,1.3758458265868436
490,smt_004,beauce_5_sa_090,3,1,102.58074820663617,-17.997138146370602,1.1841576829325067,23.42519971507596,13.0,191.74534929812282,219.94532448025336,267.93022684500573,379.8518572428621,13.043473084248228,1.4339220476602825,89.98535840828833
491,smt_004,beauce_5_sa_091,3,2,87.53360309228302,-41.88784401175464,1.7467395697958699,12.749586110342731,20.018891919148054,145.29580273328156,219.37856951346978,265.86779278265374,374.41808760630875,65.82234773040786,18.166485800453554,8.368244898312353
492,smt_004,beauce_5_sa_092,0,0,103.62133366164616,-24.0,3.914025988115062,13.0,13.0,158.0,237.5,294.0,350.56769489117056,10.0,10.0,10.0
493,smt_004,beauce_5_sa_093,1,0,74.90706631154589,-24.0,3.4071811202098,13.0,13.0,110.9142191931152,237.5,294.0,374.1610626069138,65.45763828376654,10.0,10.0
494,smt_004,beauce_5_sa_094,1,1,87.65538156026889,-27.750217618265687,1.1230969008098417,20.97137758385766,13.0,111.60190601052075,237.5,294.0,364.786630402893,6.739452761750671,10.0,10.0
495,smt_004,beauce_5_sa_095,0,0,69.76169447013626,-24.0,1.2386749128460954,13.0,13.0,158.0,237.5,294.0,366.96224947836345,10.0,10.0,10.0
496,smt_004,beauce_5_sa_096,0,2,49.29917008733005,-37.69717255396179,2.177226031873513,11.513104914653798,14.224207811094487,158.0,237.5,294.0,370.51388611911125,10.0,10.0,10.0
497,smt_004,beauce_5_sa_097,3,1,62.700182021542275,-40.64201834770062,1.8117041079192986,6.543083572598434,13.0,144.6044024711173,222.18954732391848,291.11737289080287,353.4464118524056,3.1394050980448505,2.8321818772237797,1.9335352789181808
498,smt_004,beauce_5_sa_098,3,2,46.55368021429279,-16.47941994750289,1.0134721366293096,4.285936102767169,19.255008873398907,185.11318439340823,214.59420468116414,311.41072601037814,323.08029366394743,16.168104430835378,20.87175370448348,24.733253891254318
499,smt_004,beauce_5_sa_099,1,0,60.36658473209161,-24.0,1.9342903729914471,13.0,13.0,143.59772075063356,237.5,294.0,360.0140302008494,1.1780448249253075,10.0,10.0
