sortie,order,variables,global_var_pct,intrinsic_var_pct,p_A,trace,adj_trace
N_lixi,1,Dose_F3,5.494116025267985,23.09611680585806,0.24066666666666667,0.008060441184023773,0.1391639838004915
N_lixi,1,Dose_F2,15.587474134725943,15.427141981194346,0.496,0.02286845015514974,0.09295512985171063
N_lixi,2,n_ferti & Dose_F3,2.2007494168762944,9.25149111500965,0.24066666666666667,0.003228728908148738,0.05574419156613553
N_lixi,1,Date_F2,7.467596715203944,7.3907853054331465,0.496,0.01095574316816044,0.04453264309164449
N_lixi,1,n_ferti,19.767409178904813,4.813077437289047,1.0,0.02900085078551324,0.029000850495504736
N_lixi,1,Date_F1,10.333351624289502,4.496878003261353,0.748,0.015160104486027738,0.0270956136418535
N_lixi,1,Dose_F1,8.90820641954645,3.8766819279049147,0.748,0.013069267843937606,0.02335866698066669
N_lixi,3,n_ferti & Dose_F2 & Dose_F3,0.9072994224574186,3.8140973620850995,0.24066666666666667,0.0013311028739441382,0.02298156819920831
N_lixi,2,n_ferti & Date_F1,4.664974327638391,2.0301080619792016,0.748,0.006844003843380065,0.012232269512027383
N_lixi,2,Dose_F2 & Dose_F3,0.46588678422346114,1.9584907812728258,0.24066666666666667,0.0006835044992454476,0.011800744759367255
N_lixi,3,n_ferti & Date_F1 & Dose_F3,0.4619032154934641,1.9417446899509396,0.24066666666666667,0.0006776601884768028,0.01169984239551839
N_lixi,2,n_ferti & Dose_F2,1.8466583032940118,1.8276636477106205,0.496,0.0027092403167740674,0.011012455314489767
N_lixi,3,n_ferti & Date_F2 & Dose_F3,0.40521272930497976,1.7034297208515656,0.24066666666666667,0.0005944893330535774,0.010263892760437395
N_lixi,3,n_ferti & Date_F1 & Dose_F2,1.6135035621838023,1.5969071272117303,0.496,0.0023671779961292345,0.009622048565576016
N_lixi,3,n_ferti & Dose_F1 & Dose_F3,0.35178497956704013,1.4788306146538734,0.24066666666666667,0.0005161052522702819,0.008910587066703947
N_lixi,2,n_ferti & Dose_F1,3.2074781064924296,1.395833439861282,0.748,0.004705704886377078,0.008410493584089018
N_lixi,2,Date_F1 & Dose_F1,2.7367015829149066,1.190960454764041,0.748,0.004015026629554005,0.007176046208415923
N_lixi,3,n_ferti & Dose_F1 & Dose_F2,1.1923437158156591,1.1800793146654625,0.496,0.0017492925792377478,0.007110482684593364
N_lixi,3,n_ferti & Date_F1 & Dose_F1,2.3738638470942575,1.0330603762329171,0.748,0.0034827058311806135,0.006224630688849957
N_lixi,3,Date_F1 & Dose_F1 & Dose_F2,1.0418637189580984,1.0311471492109288,0.496,0.0015285227304642523,0.006213102677603187
N_lixi,3,Date_F1 & Dose_F1 & Dose_F3,0.19781613892943012,0.8315777515046404,0.24066666666666667,0.0002902169058240034,0.005010611684726519
N_lixi,3,n_ferti & Date_F1 & Date_F2,0.8010607746571976,0.7928210946423101,0.496,0.0011752396981164802,0.004777086247827856
N_lixi,3,Date_F1 & Dose_F2 & Dose_F3,0.18550927454095645,0.779842262824971,0.24066666666666667,0.00027216145229757194,0.004698883234050261
N_lixi,3,Date_F2 & Dose_F2 & Dose_F3,0.1839956631888478,0.7734793566857129,0.24066666666666667,0.0002699408265912651,0.004660544002640452
N_lixi,2,Dose_F1 & Dose_F3,0.17966061842709655,0.7552557335012814,0.24066666666666667,0.00026358086382901127,0.004550738877261919
N_lixi,2,n_ferti & Date_F2,0.7622045388865355,0.7543645326036071,0.496,0.0011182335479693862,0.004545369010615961
N_lixi,2,Date_F2 & Dose_F3,0.1780554608338406,0.7485079860756451,0.24066666666666667,0.0002612259302396906,0.00451008081247447
N_lixi,2,Date_F1 & Dose_F3,0.16256819443560822,0.6834027512950291,0.24066666666666667,0.00023850449528452488,0.004117793922236767
N_lixi,3,n_ferti & Date_F2 & Dose_F2,0.6492406253085694,0.6425625614531802,0.496,0.0009525037058756477,0.0038717143078438178
N_lixi,3,n_ferti & Date_F2 & Dose_F1,0.5931271406910633,0.5870262579589997,0.496,0.0008701793719318686,0.0035370843219994855
N_lixi,2,Date_F1 & Dose_F2,0.5777870502226828,0.5718439550653673,0.496,0.0008476738594146018,0.0034456044523874766
N_lixi,3,Dose_F1 & Dose_F2 & Dose_F3,0.13411208429994045,0.5637792048480489,0.24066666666666667,0.00019675641406094628,0.0033970108823933535
N_lixi,3,Date_F1 & Date_F2 & Dose_F1,0.5246026215747367,0.5192065793848083,0.496,0.0007696467560459997,0.0031284417467220926
N_lixi,4,n_ferti & Date_F1 & Dose_F1 & Dose_F2,0.4666041276898801,0.4618046557553872,0.496,0.0006845569169215981,0.002782570601488896
dCorg,1,Date_Recolte,62.13401726510892,50.440274437996656,1.0,0.03369326952191376,0.03369326918498107
dCorg,1,nb_prepa,2.894834495530607,9.40008378364751,0.5,0.001569775191954587,0.006279100516654328
dCorg,1,n_ferti,8.722887122848933,7.081222810539868,1.0,0.004730139781327476,0.004730139734026079
dCorg,1,Date_Semis,6.362761957315582,5.165277788836371,1.0,0.0034503201783477604,0.0034503201438445593
dCorg,1,has_prepa,3.408881246101794,2.7673231693079248,1.0,0.0018485261318778763,0.0018485261133926153
dCorg,1,Dose_F1,1.897466025414782,2.7530799046256127,0.748,0.0010289345034652272,0.001839011848128179
dCorg,3,has_prepa & nb_prepa & Date_Recolte,0.8256587317278741,2.681072533481595,0.5,0.0004477280466597234,0.001790912115002409
dCorg,1,Delta_PREPA_Semis,0.8140273548442458,2.643303218035723,0.5,0.00044142072687740645,0.0017656828368823123
dCorg,1,Dose_F2,0.7431257772693749,2.452149628439018,0.496,0.00040297309274864583,0.001637995400171907
dCorg,2,nb_prepa & Date_Recolte,0.6397159400188415,2.0772805641207186,0.5,0.0003468972799964579,0.0013875890644822692
dCorg,1,Date_F1,1.159752763979217,1.6827136750167813,0.748,0.0006288964431321112,0.0011240249075821836
dCorg,2,n_ferti & Date_Recolte,1.9326370313436214,1.568910985331515,1.0,0.0010480066033273854,0.0010480065928473196
dCorg,2,Date_Semis & Date_Recolte,1.4071055211789434,1.142285526922493,1.0,0.0007630278494398581,0.0007630278418095797
dCorg,3,n_ferti & Date_Recolte & Dose_F1,0.6591383716739062,0.9563599986072999,0.748,0.0003574294369907961,0.0006388326635778644
dCorg,3,n_ferti & Date_Recolte & Dose_F2,0.21692393437097549,0.7158006912664244,0.496,0.00011763083908336755,0.0004781430244453097
dCorg,3,has_prepa & Delta_PREPA_Semis & Date_Recolte,0.21644013703570827,0.7028227090084068,0.5,0.00011736849142376602,0.0004694739469161062
dCorg,2,n_ferti & Dose_F1,0.47496280455819695,0.6891351598181863,0.748,0.00025755697911150226,0.000460330890410423
dCorg,2,has_prepa & Date_Recolte,0.7432636607397214,0.6033799950120748,1.0,0.00040304786249851057,0.00040304785846803203
dCorg,3,nb_prepa & Delta_PREPA_Semis & Date_Recolte,0.184672608603329,0.5996674407798395,0.5,0.00010014198741469298,0.0004005679336360546
dCorg,2,Date_Recolte & Dose_F2,0.1732185915742132,0.5715827898316423,0.496,9.39308441495801e-05,0.0003818078512434216
dCorg,2,Delta_PREPA_Semis & Date_Recolte,0.17563105027251658,0.5703077637497388,0.5,9.523904253607113e-05,0.0003809561549060383
dCorg,3,n_ferti & Date_F1 & Date_Recolte,0.38700200974298515,0.5615106894154975,0.748,0.00020985868279138118,0.0003750798547295151
dCorg,2,Date_Recolte & Dose_F1,0.3821036913216032,0.5544035993112538,0.748,0.0002072024830148305,0.00037033243607106675
dCorg,2,n_ferti & nb_prepa,0.14810488077987724,0.4809250028792372,0.5,8.031249040820508e-05,0.0003212499487828224
dCorg,2,n_ferti & Date_F1,0.2894886829650333,0.4200262165502272,0.748,0.00015698035710563858,0.0002805705666088766
dCorg,3,n_ferti & has_prepa & nb_prepa,0.11782813469948716,0.38261059136752756,0.5,6.389438948966083e-05,0.00025557754773554144
dCorg,2,nb_prepa & Date_Semis,0.1036247049488133,0.33648932610085336,0.5,5.6192328560892326e-05,0.0002247693052527971
rdt,1,Dose_F1,23.665293513884073,28.09813820896839,0.748,0.04373949819393944,0.07817548652410809
rdt,1,n_ferti,40.05798734208221,26.610802592149692,1.0,0.07403737730841638,0.07403737656804261
rdt,1,Date_F1,14.243408788633353,16.91140101326256,0.748,0.02632545219100981,0.047051409320569136
rdt,2,n_ferti & Dose_F1,7.4767870712153695,8.87729519867499,0.748,0.013819009445457768,0.024698678112168967
rdt,1,Dose_F2,2.8186863742901807,7.611184296701475,0.496,0.005209651319355744,0.021176066221689167
rdt,2,n_ferti & Date_F1,4.584638837098015,5.44340663289925,0.748,0.00847358187285805,0.015144809905576994
rdt,3,n_ferti & Date_F1 & Dose_F1,2.7788067676419748,3.299316637142614,0.748,0.005135943635065208,0.009179458133043958
rdt,2,Date_F1 & Dose_F1,2.651745858757813,3.14845542020103,0.748,0.00490110266884611,0.008759727510882557
