parametre,Sobol_S1,Sobol_ST,sortie,region,n_region,Q2_cv,status,part_des_points
n_ferti,0.002333535409111074,0.005235934009099619,N_lixi,R01,3345,0.9159823733742536,ok,0.3345
has_prepa,0.010405033694229057,0.014185595773360926,N_lixi,R01,3345,0.9159823733742536,ok,0.3345
nb_prepa,0.00818297580676619,0.012699048301676874,N_lixi,R01,3345,0.9159823733742536,ok,0.3345
prepa_1,0.00028776828515644163,0.0003904398819171767,N_lixi,R01,3345,0.9159823733742536,ok,0.3345
nb_f1,0.008170449652180022,0.029368252878853293,N_lixi,R01,3345,0.9159823733742536,ok,0.3345
type_f1_1,0.0,0.0,N_lixi,R01,3345,0.9159823733742536,ok,0.3345
nb_f2,0.008170449652180022,0.22130387898903847,N_lixi,R01,3345,0.9159823733742536,ok,0.3345
type_f2_1,0.0,0.0,N_lixi,R01,3345,0.9159823733742536,ok,0.3345
nb_f3,0.008191316388909275,0.012627173296629926,N_lixi,R01,3345,0.9159823733742536,ok,0.3345
type_f3_1,0.00025896305809846004,0.0003536218978590521,N_lixi,R01,3345,0.9159823733742536,ok,0.3345
prepa_2,0.001445386810204518,0.004582239932013135,N_lixi,R01,3345,0.9159823733742536,ok,0.3345
type_f1_2,0.0,0.0,N_lixi,R01,3345,0.9159823733742536,ok,0.3345
type_f2_2,0.0,0.0,N_lixi,R01,3345,0.9159823733742536,ok,0.3345
type_f3_2,0.001396883632062287,0.004498986550336626,N_lixi,R01,3345,0.9159823733742536,ok,0.3345
Date_Semis,0.0020184689626297028,0.002514284132508946,N_lixi,R01,3345,0.9159823733742536,ok,0.3345
Delta_PREPA_Semis,3.926052509145252e-05,0.0009566790998194888,N_lixi,R01,3345,0.9159823733742536,ok,0.3345
Date_F1,0.0,1.352780618099093e-05,N_lixi,R01,3345,0.9159823733742536,ok,0.3345
Date_F2,0.0,2.622786722795579e-06,N_lixi,R01,3345,0.9159823733742536,ok,0.3345
Date_F3,0.0,1.3525373481941764e-05,N_lixi,R01,3345,0.9159823733742536,ok,0.3345
Date_Recolte,0.0012644606918439094,0.001668899157924575,N_lixi,R01,3345,0.9159823733742536,ok,0.3345
Dose_F1_1,1.1639851759568735e-06,7.769444784247134e-06,N_lixi,R01,3345,0.9159823733742536,ok,0.3345
Dose_F1_2,0.06275647792875695,0.08395450128814645,N_lixi,R01,3345,0.9159823733742536,ok,0.3345
Dose_F2_1,0.0,8.728723206010122e-06,N_lixi,R01,3345,0.9159823733742536,ok,0.3345
Dose_F2_2,0.638754292820403,0.8518912010439261,N_lixi,R01,3345,0.9159823733742536,ok,0.3345
Dose_F3_1,1.5982654455255824e-06,7.898752113423543e-06,N_lixi,R01,3345,0.9159823733742536,ok,0.3345
Dose_F3_2,1.7832134581961549e-06,3.492209869790537e-05,N_lixi,R01,3345,0.9159823733742536,ok,0.3345
n_ferti,0.03053570909560991,0.06778520780945654,N_lixi,R02,1322,0.8752094735582828,ok,0.1322
has_prepa,0.1347979111126701,0.181559196943883,N_lixi,R02,1322,0.8752094735582828,ok,0.1322
nb_prepa,0.10653598481415809,0.1630501874620402,N_lixi,R02,1322,0.8752094735582828,ok,0.1322
prepa_1,0.0037766053477171877,0.005159406768037016,N_lixi,R02,1322,0.8752094735582828,ok,0.1322
nb_f1,0.10610451734120886,0.10634491821718492,N_lixi,R02,1322,0.8752094735582828,ok,0.1322
type_f1_1,0.0,0.0,N_lixi,R02,1322,0.8752094735582828,ok,0.1322
nb_f2,0.11714716567457914,0.12156552127212375,N_lixi,R02,1322,0.8752094735582828,ok,0.1322
type_f2_1,0.0,0.001015488359373372,N_lixi,R02,1322,0.8752094735582828,ok,0.1322
nb_f3,0.1063526577396108,0.16345767419612559,N_lixi,R02,1322,0.8752094735582828,ok,0.1322
type_f3_1,0.0032704166380714845,0.0050224339723283756,N_lixi,R02,1322,0.8752094735582828,ok,0.1322
prepa_2,0.021455162556735522,0.05741008224585754,N_lixi,R02,1322,0.8752094735582828,ok,0.1322
type_f1_2,0.0,0.0,N_lixi,R02,1322,0.8752094735582828,ok,0.1322
type_f2_2,0.012212160477271248,0.016257688371938885,N_lixi,R02,1322,0.8752094735582828,ok,0.1322
type_f3_2,0.018210341426994143,0.05906401089448642,N_lixi,R02,1322,0.8752094735582828,ok,0.1322
Date_Semis,0.006025310765368325,0.021438948167471612,N_lixi,R02,1322,0.8752094735582828,ok,0.1322
Delta_PREPA_Semis,0.007905371476731213,0.02486267276261466,N_lixi,R02,1322,0.8752094735582828,ok,0.1322
Date_F1,0.0,0.0,N_lixi,R02,1322,0.8752094735582828,ok,0.1322
Date_F2,0.00016211971242414792,0.001149254145023141,N_lixi,R02,1322,0.8752094735582828,ok,0.1322
Date_F3,0.0001930519027613005,0.004170691799397668,N_lixi,R02,1322,0.8752094735582828,ok,0.1322
Date_Recolte,0.1557381885654209,0.15980443358966867,N_lixi,R02,1322,0.8752094735582828,ok,0.1322
Dose_F1_1,0.0,0.0002346991547448738,N_lixi,R02,1322,0.8752094735582828,ok,0.1322
Dose_F1_2,0.0,0.000709923705847897,N_lixi,R02,1322,0.8752094735582828,ok,0.1322
Dose_F2_1,0.0,0.00020049307409144047,N_lixi,R02,1322,0.8752094735582828,ok,0.1322
Dose_F2_2,0.0,0.004626080780112362,N_lixi,R02,1322,0.8752094735582828,ok,0.1322
Dose_F3_1,0.0,0.0016238921099499344,N_lixi,R02,1322,0.8752094735582828,ok,0.1322
Dose_F3_2,7.942263832286055e-06,0.003056477287077469,N_lixi,R02,1322,0.8752094735582828,ok,0.1322
n_ferti,0.02125735536204253,0.14272861269533024,N_lixi,R03,1283,0.8585029496115981,ok,0.1283
has_prepa,0.1749370600113537,0.3034541205950065,N_lixi,R03,1283,0.8585029496115981,ok,0.1283
nb_prepa,0.10933566250709609,0.10933566250709609,N_lixi,R03,1283,0.8585029496115981,ok,0.1283
prepa_1,0.0,0.00018645039569819207,N_lixi,R03,1283,0.8585029496115981,ok,0.1283
nb_f1,0.10933566250709609,0.10933566250709609,N_lixi,R03,1283,0.8585029496115981,ok,0.1283
type_f1_1,0.0,7.326038884736101e-05,N_lixi,R03,1283,0.8585029496115981,ok,0.1283
nb_f2,0.10933566250709609,0.10955680060960607,N_lixi,R03,1283,0.8585029496115981,ok,0.1283
type_f2_1,0.0,0.0003773554355996045,N_lixi,R03,1283,0.8585029496115981,ok,0.1283
nb_f3,0.10933566250709609,0.2096760767922436,N_lixi,R03,1283,0.8585029496115981,ok,0.1283
type_f3_1,0.0022360310653421127,0.02106805243703248,N_lixi,R03,1283,0.8585029496115981,ok,0.1283
prepa_2,0.0,0.0,N_lixi,R03,1283,0.8585029496115981,ok,0.1283
type_f1_2,0.0,0.000187708627705599,N_lixi,R03,1283,0.8585029496115981,ok,0.1283
type_f2_2,0.0,0.0006513421922134332,N_lixi,R03,1283,0.8585029496115981,ok,0.1283
type_f3_2,0.011829433579624678,0.10316756098287772,N_lixi,R03,1283,0.8585029496115981,ok,0.1283
Date_Semis,0.005442881567026983,0.03879780217671801,N_lixi,R03,1283,0.8585029496115981,ok,0.1283
Delta_PREPA_Semis,0.0030916298647156388,0.013030738213955118,N_lixi,R03,1283,0.8585029496115981,ok,0.1283
Date_F1,0.0,0.0,N_lixi,R03,1283,0.8585029496115981,ok,0.1283
Date_F2,0.0001815277956919909,0.0009499910568501812,N_lixi,R03,1283,0.8585029496115981,ok,0.1283
Date_F3,0.0,0.0007656234812174427,N_lixi,R03,1283,0.8585029496115981,ok,0.1283
Date_Recolte,0.0800021795673536,0.09537255633095215,N_lixi,R03,1283,0.8585029496115981,ok,0.1283
Dose_F1_1,0.0,0.0002868049488739353,N_lixi,R03,1283,0.8585029496115981,ok,0.1283
Dose_F1_2,0.0,0.000680559341133993,N_lixi,R03,1283,0.8585029496115981,ok,0.1283
Dose_F2_1,0.00016611988028552394,0.00023938026913288495,N_lixi,R03,1283,0.8585029496115981,ok,0.1283
Dose_F2_2,7.259426047328434e-05,0.0003359925020059336,N_lixi,R03,1283,0.8585029496115981,ok,0.1283
Dose_F3_1,0.0,0.0011872152525315074,N_lixi,R03,1283,0.8585029496115981,ok,0.1283
Dose_F3_2,0.0001822043215386865,0.0018130029564433817,N_lixi,R03,1283,0.8585029496115981,ok,0.1283
n_ferti,6.412609731080276e-06,0.0002912859145398281,N_lixi,R04,1115,0.8793191276657881,ok,0.1115
has_prepa,0.00016630996146096454,0.08395839560387508,N_lixi,R04,1115,0.8793191276657881,ok,0.1115
nb_prepa,0.00016630996146096454,0.0009585281165925559,N_lixi,R04,1115,0.8793191276657881,ok,0.1115
prepa_1,0.00016630996146096454,0.000958528116586734,N_lixi,R04,1115,0.8793191276657881,ok,0.1115
nb_f1,0.00010394372591303233,0.00010394372591303233,N_lixi,R04,1115,0.8793191276657881,ok,0.1115
type_f1_1,0.0,0.0,N_lixi,R04,1115,0.8793191276657881,ok,0.1115
nb_f2,0.00010394372591303233,0.7473988647606765,N_lixi,R04,1115,0.8793191276657881,ok,0.1115
type_f2_1,0.0,0.0,N_lixi,R04,1115,0.8793191276657881,ok,0.1115
nb_f3,0.00010394372591303233,0.00029955160567711844,N_lixi,R04,1115,0.8793191276657881,ok,0.1115
type_f3_1,0.0,6.910994979440359e-05,N_lixi,R04,1115,0.8793191276657881,ok,0.1115
prepa_2,0.00016630996146096454,0.08396215497831641,N_lixi,R04,1115,0.8793191276657881,ok,0.1115
type_f1_2,0.0,0.0,N_lixi,R04,1115,0.8793191276657881,ok,0.1115
type_f2_2,0.0,0.0,N_lixi,R04,1115,0.8793191276657881,ok,0.1115
type_f3_2,0.0,0.0001863648477472872,N_lixi,R04,1115,0.8793191276657881,ok,0.1115
Date_Semis,5.866051726361233e-05,0.00018057303790981264,N_lixi,R04,1115,0.8793191276657881,ok,0.1115
Delta_PREPA_Semis,0.00016630996146096454,0.08396215497831641,N_lixi,R04,1115,0.8793191276657881,ok,0.1115
Date_F1,0.0,0.0,N_lixi,R04,1115,0.8793191276657881,ok,0.1115
Date_F2,0.0,0.0,N_lixi,R04,1115,0.8793191276657881,ok,0.1115
Date_F3,0.0,0.0,N_lixi,R04,1115,0.8793191276657881,ok,0.1115
Date_Recolte,2.057023023022944e-05,0.0001336001826874498,N_lixi,R04,1115,0.8793191276657881,ok,0.1115
Dose_F1_1,0.0,0.0,N_lixi,R04,1115,0.8793191276657881,ok,0.1115
Dose_F1_2,0.0,0.0,N_lixi,R04,1115,0.8793191276657881,ok,0.1115
Dose_F2_1,0.0,0.0,N_lixi,R04,1115,0.8793191276657881,ok,0.1115
Dose_F2_2,0.0,0.9963058016199655,N_lixi,R04,1115,0.8793191276657881,ok,0.1115
Dose_F3_1,0.0,0.0,N_lixi,R04,1115,0.8793191276657881,ok,0.1115
Dose_F3_2,1.0591095662839684e-06,1.0591095662839684e-06,N_lixi,R04,1115,0.8793191276657881,ok,0.1115
n_ferti,0.002523414576319163,0.01590467641168063,N_lixi,R05,1031,0.6605904868732166,ok,0.1031
has_prepa,0.018208426511027536,0.4774460613495168,N_lixi,R05,1031,0.6605904868732166,ok,0.1031
nb_prepa,0.011380266569390927,0.011380266569390927,N_lixi,R05,1031,0.6605904868732166,ok,0.1031
prepa_1,0.0,0.0,N_lixi,R05,1031,0.6605904868732166,ok,0.1031
nb_f1,0.011380266569390927,0.4648032516058401,N_lixi,R05,1031,0.6605904868732166,ok,0.1031
type_f1_1,0.0,5.636017531197177e-05,N_lixi,R05,1031,0.6605904868732166,ok,0.1031
nb_f2,0.011380266569390927,0.01612777196325404,N_lixi,R05,1031,0.6605904868732166,ok,0.1031
type_f2_1,0.0,8.597492787669459e-05,N_lixi,R05,1031,0.6605904868732166,ok,0.1031
nb_f3,0.011380266569390927,0.021380969520518617,N_lixi,R05,1031,0.6605904868732166,ok,0.1031
type_f3_1,0.0002086984502958684,0.0019328724014027374,N_lixi,R05,1031,0.6605904868732166,ok,0.1031
prepa_2,0.0,0.0,N_lixi,R05,1031,0.6605904868732166,ok,0.1031
type_f1_2,0.0,6.10956549165687e-05,N_lixi,R05,1031,0.6605904868732166,ok,0.1031
type_f2_2,0.0007712615068882741,0.006095844041963066,N_lixi,R05,1031,0.6605904868732166,ok,0.1031
type_f3_2,0.0011510702002206243,0.01013990316799328,N_lixi,R05,1031,0.6605904868732166,ok,0.1031
Date_Semis,0.00028789624590142444,0.0021865883842522456,N_lixi,R05,1031,0.6605904868732166,ok,0.1031
Delta_PREPA_Semis,0.0008408595452023634,0.001955185150757606,N_lixi,R05,1031,0.6605904868732166,ok,0.1031
Date_F1,0.0,0.0002621485002441023,N_lixi,R05,1031,0.6605904868732166,ok,0.1031
Date_F2,0.0,0.0,N_lixi,R05,1031,0.6605904868732166,ok,0.1031
Date_F3,0.0,0.0007614981232852602,N_lixi,R05,1031,0.6605904868732166,ok,0.1031
Date_Recolte,0.0005113137181088874,0.0018244381031067894,N_lixi,R05,1031,0.6605904868732166,ok,0.1031
Dose_F1_1,0.0,0.0006033600966233336,N_lixi,R05,1031,0.6605904868732166,ok,0.1031
Dose_F1_2,0.0,0.8948263745119399,N_lixi,R05,1031,0.6605904868732166,ok,0.1031
Dose_F2_1,0.0,0.00012064169871582933,N_lixi,R05,1031,0.6605904868732166,ok,0.1031
Dose_F2_2,0.0,0.0007918817081896234,N_lixi,R05,1031,0.6605904868732166,ok,0.1031
Dose_F3_1,0.0,0.000771909711258346,N_lixi,R05,1031,0.6605904868732166,ok,0.1031
Dose_F3_2,9.715490051341623e-06,0.00044720370038194896,N_lixi,R05,1031,0.6605904868732166,ok,0.1031
n_ferti,0.02011412352172343,0.05380301862289915,N_lixi,R06,996,0.6309589467906487,ok,0.0996
has_prepa,0.1075151614988563,0.17882676302657702,N_lixi,R06,996,0.6309589467906487,ok,0.0996
nb_prepa,0.09109645108025374,0.14630441877872527,N_lixi,R06,996,0.6309589467906487,ok,0.0996
prepa_1,0.006144262774380018,0.009238030532120276,N_lixi,R06,996,0.6309589467906487,ok,0.0996
nb_f1,0.10109072507502562,0.10344978780044901,N_lixi,R06,996,0.6309589467906487,ok,0.0996
type_f1_1,0.0,0.00190806879953718,N_lixi,R06,996,0.6309589467906487,ok,0.0996
nb_f2,0.10132640702136073,0.10300420473943356,N_lixi,R06,996,0.6309589467906487,ok,0.0996
type_f2_1,0.0,0.0,N_lixi,R06,996,0.6309589467906487,ok,0.0996
nb_f3,0.09109645108025374,0.1438118029618213,N_lixi,R06,996,0.6309589467906487,ok,0.0996
type_f3_1,0.0,0.0,N_lixi,R06,996,0.6309589467906487,ok,0.0996
prepa_2,0.028417787793636552,0.05358401370170263,N_lixi,R06,996,0.6309589467906487,ok,0.0996
type_f1_2,0.011188742731618583,0.013547805457041984,N_lixi,R06,996,0.6309589467906487,ok,0.0996
type_f2_2,0.011880603183993926,0.013558400902066758,N_lixi,R06,996,0.6309589467906487,ok,0.0996
type_f3_2,0.019128837757563546,0.05640357130901235,N_lixi,R06,996,0.6309589467906487,ok,0.0996
Date_Semis,0.0054352826005794695,0.10089149389449778,N_lixi,R06,996,0.6309589467906487,ok,0.0996
Delta_PREPA_Semis,0.03298006976929701,0.17232304257724762,N_lixi,R06,996,0.6309589467906487,ok,0.0996
Date_F1,0.0057666294885675255,0.007846166261957973,N_lixi,R06,996,0.6309589467906487,ok,0.0996
Date_F2,0.004827189654899754,0.011265218530654387,N_lixi,R06,996,0.6309589467906487,ok,0.0996
Date_F3,0.0,0.010791832520174842,N_lixi,R06,996,0.6309589467906487,ok,0.0996
Date_Recolte,0.05852710798644641,0.06523599431315577,N_lixi,R06,996,0.6309589467906487,ok,0.0996
Dose_F1_1,0.0,0.004108345340950958,N_lixi,R06,996,0.6309589467906487,ok,0.0996
Dose_F1_2,0.0,0.009370900436898368,N_lixi,R06,996,0.6309589467906487,ok,0.0996
Dose_F2_1,0.0,0.004081586908897091,N_lixi,R06,996,0.6309589467906487,ok,0.0996
Dose_F2_2,0.0,0.006617826314885014,N_lixi,R06,996,0.6309589467906487,ok,0.0996
Dose_F3_1,0.0,0.011379212236195018,N_lixi,R06,996,0.6309589467906487,ok,0.0996
Dose_F3_2,0.0001433398300441275,0.021969321184597986,N_lixi,R06,996,0.6309589467906487,ok,0.0996
n_ferti,0.030497804540357307,0.07138839337108781,N_lixi,R07,631,0.9573674331872173,ok,0.0631
has_prepa,0.1401105546350824,0.19432641583723492,N_lixi,R07,631,0.9573674331872173,ok,0.0631
nb_prepa,0.1104287639946784,0.1683972352232931,N_lixi,R07,631,0.9573674331872173,ok,0.0631
prepa_1,0.003997139760338386,0.005396513114569422,N_lixi,R07,631,0.9573674331872173,ok,0.0631
nb_f1,0.12145174282915482,0.12528773593024042,N_lixi,R07,631,0.9573674331872173,ok,0.0631
type_f1_1,0.0,0.0,N_lixi,R07,631,0.9573674331872173,ok,0.0631
nb_f2,0.11016859412144984,0.11016859412144984,N_lixi,R07,631,0.9573674331872173,ok,0.0631
type_f2_1,0.0,0.0,N_lixi,R07,631,0.9573674331872173,ok,0.0631
nb_f3,0.11033608194122674,0.1674494710041351,N_lixi,R07,631,0.9573674331872173,ok,0.0631
type_f3_1,0.0036207468446314717,0.005111627350122565,N_lixi,R07,631,0.9573674331872173,ok,0.0631
prepa_2,0.02118152263096094,0.06162880210057018,N_lixi,R07,631,0.9573674331872173,ok,0.0631
type_f1_2,0.013252814304190778,0.01756332820719918,N_lixi,R07,631,0.9573674331872173,ok,0.0631
type_f2_2,0.0,0.0,N_lixi,R07,631,0.9573674331872173,ok,0.0631
type_f3_2,0.020875545503924654,0.06334609292973313,N_lixi,R07,631,0.9573674331872173,ok,0.0631
Date_Semis,0.13078575418044872,0.13410314079915214,N_lixi,R07,631,0.9573674331872173,ok,0.0631
Delta_PREPA_Semis,0.0007413224920537581,0.012239951858114342,N_lixi,R07,631,0.9573674331872173,ok,0.0631
Date_F1,0.0,0.0,N_lixi,R07,631,0.9573674331872173,ok,0.0631
Date_F2,0.0,0.0003160306076563299,N_lixi,R07,631,0.9573674331872173,ok,0.0631
Date_F3,0.0,0.00040837279007438563,N_lixi,R07,631,0.9573674331872173,ok,0.0631
Date_Recolte,0.018607436688253026,0.019452771898967918,N_lixi,R07,631,0.9573674331872173,ok,0.0631
Dose_F1_1,0.0,0.00013916717884280677,N_lixi,R07,631,0.9573674331872173,ok,0.0631
Dose_F1_2,0.0,0.0012298977443857338,N_lixi,R07,631,0.9573674331872173,ok,0.0631
Dose_F2_1,0.0,0.0005881219330930155,N_lixi,R07,631,0.9573674331872173,ok,0.0631
Dose_F2_2,0.0,0.0007627951097224989,N_lixi,R07,631,0.9573674331872173,ok,0.0631
Dose_F3_1,0.0,0.00047718031274768095,N_lixi,R07,631,0.9573674331872173,ok,0.0631
Dose_F3_2,0.00029799646796865875,0.003864539642887598,N_lixi,R07,631,0.9573674331872173,ok,0.0631
n_ferti,0.0032314981033895584,0.04267278903164987,N_lixi,R08,277,0.49823716275243435,weak_q2,0.0277
has_prepa,0.08053770324998377,0.2718211821194683,N_lixi,R08,277,0.49823716275243435,weak_q2,0.0277
nb_prepa,0.05033606453123949,0.05033606453123949,N_lixi,R08,277,0.49823716275243435,weak_q2,0.0277
prepa_1,0.0,0.009701123230730965,N_lixi,R08,277,0.49823716275243435,weak_q2,0.0277
nb_f1,0.05033606453123949,0.16545391681455354,N_lixi,R08,277,0.49823716275243435,weak_q2,0.0277
type_f1_1,0.0,0.0007433769826112931,N_lixi,R08,277,0.49823716275243435,weak_q2,0.0277
nb_f2,0.05033606453123949,0.05100293308174397,N_lixi,R08,277,0.49823716275243435,weak_q2,0.0277
type_f2_1,0.0,0.0016586770417919882,N_lixi,R08,277,0.49823716275243435,weak_q2,0.0277
nb_f3,0.05033606453123949,0.1590431373741987,N_lixi,R08,277,0.49823716275243435,weak_q2,0.0277
type_f3_1,0.0,0.004467437837001576,N_lixi,R08,277,0.49823716275243435,weak_q2,0.0277
prepa_2,0.0,0.0012416577964682075,N_lixi,R08,277,0.49823716275243435,weak_q2,0.0277
type_f1_2,0.0,0.0011146788387452102,N_lixi,R08,277,0.49823716275243435,weak_q2,0.0277
type_f2_2,0.0,0.020413521316893158,N_lixi,R08,277,0.49823716275243435,weak_q2,0.0277
type_f3_2,0.006251300002513997,0.07712246241625059,N_lixi,R08,277,0.49823716275243435,weak_q2,0.0277
Date_Semis,0.014182399016510349,0.12208201764302787,N_lixi,R08,277,0.49823716275243435,weak_q2,0.0277
Delta_PREPA_Semis,0.006947434315951755,0.03881435675698656,N_lixi,R08,277,0.49823716275243435,weak_q2,0.0277
Date_F1,0.00044351323855279013,0.012363817902149599,N_lixi,R08,277,0.49823716275243435,weak_q2,0.0277
Date_F2,0.0,0.006082023382746802,N_lixi,R08,277,0.49823716275243435,weak_q2,0.0277
Date_F3,0.0,0.028252432372535108,N_lixi,R08,277,0.49823716275243435,weak_q2,0.0277
Date_Recolte,0.003924612084323629,0.01882097794702557,N_lixi,R08,277,0.49823716275243435,weak_q2,0.0277
Dose_F1_1,0.0,0.014991204528711196,N_lixi,R08,277,0.49823716275243435,weak_q2,0.0277
Dose_F1_2,0.031821695068044886,0.3068831056002112,N_lixi,R08,277,0.49823716275243435,weak_q2,0.0277
Dose_F2_1,0.0,0.020480735930780584,N_lixi,R08,277,0.49823716275243435,weak_q2,0.0277
Dose_F2_2,0.0,0.004222183385359188,N_lixi,R08,277,0.49823716275243435,weak_q2,0.0277
Dose_F3_1,0.001039610954587428,0.006933029757037049,N_lixi,R08,277,0.49823716275243435,weak_q2,0.0277
Dose_F3_2,0.00037982255284242124,0.21317730966842385,N_lixi,R08,277,0.49823716275243435,weak_q2,0.0277
n_ferti,0.0335132925754423,0.07506599579071287,dCorg,R01,1723,0.9961339555524277,ok,0.1723
has_prepa,0.1473120703791006,0.18927405255312046,dCorg,R01,1723,0.9961339555524277,ok,0.1723
nb_prepa,0.11645722387456596,0.18082238148127036,dCorg,R01,1723,0.9961339555524277,ok,0.1723
prepa_1,0.0043901694410626545,0.005808253727882113,dCorg,R01,1723,0.9961339555524277,ok,0.1723
nb_f1,0.12906584405079882,0.13336887121284696,dCorg,R01,1723,0.9961339555524277,ok,0.1723
type_f1_1,0.0,0.0,dCorg,R01,1723,0.9961339555524277,ok,0.1723
nb_f2,0.11628283577740378,0.11630074020333132,dCorg,R01,1723,0.9961339555524277,ok,0.1723
type_f2_1,0.0,2.7659734501109193e-06,dCorg,R01,1723,0.9961339555524277,ok,0.1723
nb_f3,0.11662695455811749,0.1797403609350854,dCorg,R01,1723,0.9961339555524277,ok,0.1723
type_f3_1,0.003656396019092269,0.004930099975666757,dCorg,R01,1723,0.9961339555524277,ok,0.1723
prepa_2,0.021034817487783453,0.0644418623833904,dCorg,R01,1723,0.9961339555524277,ok,0.1723
type_f1_2,0.01281534253347438,0.017118369695522516,dCorg,R01,1723,0.9961339555524277,ok,0.1723
type_f2_2,0.0,0.0,dCorg,R01,1723,0.9961339555524277,ok,0.1723
type_f3_2,0.01964796630728682,0.06346644466685453,dCorg,R01,1723,0.9961339555524277,ok,0.1723
Date_Semis,0.07968550213241855,0.07982770815187447,dCorg,R01,1723,0.9961339555524277,ok,0.1723
Delta_PREPA_Semis,0.0002243735413297478,0.00039511635145553003,dCorg,R01,1723,0.9961339555524277,ok,0.1723
Date_F1,0.0,7.294380144747405e-06,dCorg,R01,1723,0.9961339555524277,ok,0.1723
Date_F2,1.598706624798857e-05,4.146505195274768e-05,dCorg,R01,1723,0.9961339555524277,ok,0.1723
Date_F3,0.0,0.0,dCorg,R01,1723,0.9961339555524277,ok,0.1723
Date_Recolte,0.04424470077890767,0.04428316540407666,dCorg,R01,1723,0.9961339555524277,ok,0.1723
Dose_F1_1,0.0,7.455727309976247e-06,dCorg,R01,1723,0.9961339555524277,ok,0.1723
Dose_F1_2,0.0,1.8697049577920613e-05,dCorg,R01,1723,0.9961339555524277,ok,0.1723
Dose_F2_1,0.0,1.6969403879224761e-06,dCorg,R01,1723,0.9961339555524277,ok,0.1723
Dose_F2_2,0.0,5.7203892385571384e-05,dCorg,R01,1723,0.9961339555524277,ok,0.1723
Dose_F3_1,0.0,1.7288927934302766e-05,dCorg,R01,1723,0.9961339555524277,ok,0.1723
Dose_F3_2,2.404442953062363e-06,2.6828557780571793e-05,dCorg,R01,1723,0.9961339555524277,ok,0.1723
n_ferti,0.03280097461983851,0.0731627199228593,dCorg,R02,1605,0.9958326640143296,ok,0.1605
has_prepa,0.1436394215567838,0.1851088102472847,dCorg,R02,1605,0.9958326640143296,ok,0.1605
nb_prepa,0.11418936949069644,0.17760383083558612,dCorg,R02,1605,0.9958326640143296,ok,0.1605
prepa_1,0.00455520906824332,0.006028324599267606,dCorg,R02,1605,0.9958326640143296,ok,0.1605
nb_f1,0.1266048113122116,0.1307619493162212,dCorg,R02,1605,0.9958326640143296,ok,0.1605
type_f1_1,0.0,0.0,dCorg,R02,1605,0.9958326640143296,ok,0.1605
nb_f2,0.11406166707182139,0.11406166707182139,dCorg,R02,1605,0.9958326640143296,ok,0.1605
type_f2_1,0.0,0.0,dCorg,R02,1605,0.9958326640143296,ok,0.1605
nb_f3,0.11438241564490224,0.17659758878878914,dCorg,R02,1605,0.9958326640143296,ok,0.1605
type_f3_1,0.0036597870456376623,0.004859558667710436,dCorg,R02,1605,0.9958326640143296,ok,0.1605
prepa_2,0.021213722830616327,0.06348850839746004,dCorg,R02,1605,0.9958326640143296,ok,0.1605
type_f1_2,0.012630011219498864,0.01678714922350846,dCorg,R02,1605,0.9958326640143296,ok,0.1605
type_f2_2,0.0,0.0,dCorg,R02,1605,0.9958326640143296,ok,0.1605
type_f3_2,0.01919894286782565,0.06247633063164408,dCorg,R02,1605,0.9958326640143296,ok,0.1605
Date_Semis,0.09689109925370816,0.09714803935849467,dCorg,R02,1605,0.9958326640143296,ok,0.1605
Delta_PREPA_Semis,0.0002911345686177843,0.0005427389422720787,dCorg,R02,1605,0.9958326640143296,ok,0.1605
Date_F1,0.0,9.670217984194106e-06,dCorg,R02,1605,0.9958326640143296,ok,0.1605
Date_F2,0.0,9.627157836564485e-06,dCorg,R02,1605,0.9958326640143296,ok,0.1605
Date_F3,0.0,8.775077137444506e-06,dCorg,R02,1605,0.9958326640143296,ok,0.1605
Date_Recolte,0.04352391754235923,0.04359669500287268,dCorg,R02,1605,0.9958326640143296,ok,0.1605
Dose_F1_1,0.0,1.5656400498580499e-06,dCorg,R02,1605,0.9958326640143296,ok,0.1605
Dose_F1_2,0.0,1.5648973397346694e-05,dCorg,R02,1605,0.9958326640143296,ok,0.1605
Dose_F2_1,3.505590626535386e-06,5.2140224894920754e-06,dCorg,R02,1605,0.9958326640143296,ok,0.1605
Dose_F2_2,0.0,2.4051751424033843e-05,dCorg,R02,1605,0.9958326640143296,ok,0.1605
Dose_F3_1,2.895066750989714e-06,1.958931674634438e-05,dCorg,R02,1605,0.9958326640143296,ok,0.1605
Dose_F3_2,7.27260426701828e-07,3.233482657748376e-05,dCorg,R02,1605,0.9958326640143296,ok,0.1605
n_ferti,0.03826019229860038,0.08577467614307178,dCorg,R03,1555,0.9948601054143628,ok,0.1555
has_prepa,0.16039476063175104,0.16574564058214186,dCorg,R03,1555,0.9948601054143628,ok,0.1555
nb_prepa,0.141253407361554,0.14386968611755452,dCorg,R03,1555,0.9948601054143628,ok,0.1555
prepa_1,0.007878927174471483,0.010521949554632093,dCorg,R03,1555,0.9948601054143628,ok,0.1555
nb_f1,0.14801810620170927,0.15286230302957282,dCorg,R03,1555,0.9948601054143628,ok,0.1555
type_f1_1,0.0,5.472701316885056e-06,dCorg,R03,1555,0.9948601054143628,ok,0.1555
nb_f2,0.13335255537998658,0.13335428835380314,dCorg,R03,1555,0.9948601054143628,ok,0.1555
type_f2_1,0.0,0.0,dCorg,R03,1555,0.9948601054143628,ok,0.1555
nb_f3,0.13373108942209883,0.20622826461009325,dCorg,R03,1555,0.9948601054143628,ok,0.1555
type_f3_1,0.004320255668200408,0.005711178140386388,dCorg,R03,1555,0.9948601054143628,ok,0.1555
prepa_2,0.0,0.0,dCorg,R03,1555,0.9948601054143628,ok,0.1555
type_f1_2,0.014781200633105672,0.019631464578850878,dCorg,R03,1555,0.9948601054143628,ok,0.1555
type_f2_2,3.065344099662336e-06,3.065344099662336e-06,dCorg,R03,1555,0.9948601054143628,ok,0.1555
type_f3_2,0.022613863370236603,0.07289736580953768,dCorg,R03,1555,0.9948601054143628,ok,0.1555
Date_Semis,0.06188649001511166,0.0619708327337216,dCorg,R03,1555,0.9948601054143628,ok,0.1555
Delta_PREPA_Semis,0.00012633725369043505,0.00032572550060511554,dCorg,R03,1555,0.9948601054143628,ok,0.1555
Date_F1,0.0,8.77204293017601e-06,dCorg,R03,1555,0.9948601054143628,ok,0.1555
Date_F2,0.0,8.394710511482627e-06,dCorg,R03,1555,0.9948601054143628,ok,0.1555
Date_F3,0.0,1.5085072177778486e-05,dCorg,R03,1555,0.9948601054143628,ok,0.1555
Date_Recolte,0.03715722947004167,0.03716682447335217,dCorg,R03,1555,0.9948601054143628,ok,0.1555
Dose_F1_1,0.0,4.052383894340796e-06,dCorg,R03,1555,0.9948601054143628,ok,0.1555
Dose_F1_2,0.0,1.7288602610644586e-05,dCorg,R03,1555,0.9948601054143628,ok,0.1555
Dose_F2_1,0.0,6.362339711919357e-06,dCorg,R03,1555,0.9948601054143628,ok,0.1555
Dose_F2_2,0.0,3.7408977747741656e-05,dCorg,R03,1555,0.9948601054143628,ok,0.1555
Dose_F3_1,0.0,2.080909805133789e-05,dCorg,R03,1555,0.9948601054143628,ok,0.1555
Dose_F3_2,2.9739503322210093e-08,3.557913546481076e-05,dCorg,R03,1555,0.9948601054143628,ok,0.1555
n_ferti,0.03367988750785413,0.0740060380755331,dCorg,R04,1480,0.9909758402276834,ok,0.148
has_prepa,0.1430835765273786,0.18503949362652947,dCorg,R04,1480,0.9909758402276834,ok,0.148
nb_prepa,0.11412725664788216,0.1775203085676413,dCorg,R04,1480,0.9909758402276834,ok,0.148
prepa_1,0.004629347957340043,0.006241182195783408,dCorg,R04,1480,0.9909758402276834,ok,0.148
nb_f1,0.11401814927674377,0.11771872420089499,dCorg,R04,1480,0.9909758402276834,ok,0.148
type_f1_1,0.0,0.0,dCorg,R04,1480,0.9909758402276834,ok,0.148
nb_f2,0.12587120719749387,0.12998302669186582,dCorg,R04,1480,0.9909758402276834,ok,0.148
type_f2_1,0.0,0.0,dCorg,R04,1480,0.9909758402276834,ok,0.148
nb_f3,0.1144145474638443,0.17607252106163085,dCorg,R04,1480,0.9909758402276834,ok,0.148
type_f3_1,0.0034791624245792143,0.004580708515514032,dCorg,R04,1480,0.9909758402276834,ok,0.148
prepa_2,0.02164148675849284,0.0635445316921229,dCorg,R04,1480,0.9909758402276834,ok,0.148
type_f1_2,0.0,1.0895168706249027e-05,dCorg,R04,1480,0.9909758402276834,ok,0.148
type_f2_2,0.01337753666204045,0.01751293682218112,dCorg,R04,1480,0.9909758402276834,ok,0.148
type_f3_2,0.01875707303246489,0.06205173361034594,dCorg,R04,1480,0.9909758402276834,ok,0.148
Date_Semis,0.08476465223196093,0.08510113669874769,dCorg,R04,1480,0.9909758402276834,ok,0.148
Delta_PREPA_Semis,0.0003153120234906322,0.0004596161591126306,dCorg,R04,1480,0.9909758402276834,ok,0.148
Date_F1,0.0,8.995379504649067e-06,dCorg,R04,1480,0.9909758402276834,ok,0.148
Date_F2,1.0137550215255032e-05,1.875335579143985e-05,dCorg,R04,1480,0.9909758402276834,ok,0.148
Date_F3,0.0,2.8954551178005243e-05,dCorg,R04,1480,0.9909758402276834,ok,0.148
Date_Recolte,0.04106659686056295,0.04128238320559294,dCorg,R04,1480,0.9909758402276834,ok,0.148
Dose_F1_1,0.0,1.2680620935095024e-05,dCorg,R04,1480,0.9909758402276834,ok,0.148
Dose_F1_2,0.010849844173976223,0.01460317396486113,dCorg,R04,1480,0.9909758402276834,ok,0.148
Dose_F2_1,0.0,2.5383916497290976e-05,dCorg,R04,1480,0.9909758402276834,ok,0.148
Dose_F2_2,4.32354469322852e-06,2.3725321640466035e-05,dCorg,R04,1480,0.9909758402276834,ok,0.148
Dose_F3_1,0.0,3.385062745164107e-05,dCorg,R04,1480,0.9909758402276834,ok,0.148
Dose_F3_2,1.781977169898392e-06,2.736615175392844e-05,dCorg,R04,1480,0.9909758402276834,ok,0.148
n_ferti,0.03351332933216775,0.07571013622595228,dCorg,R05,1083,0.9937341524954326,ok,0.1083
has_prepa,0.15142825426958706,0.19329891637992533,dCorg,R05,1083,0.9937341524954326,ok,0.1083
nb_prepa,0.11791417791050936,0.18207161240230837,dCorg,R05,1083,0.9937341524954326,ok,0.1083
prepa_1,0.003756533798980581,0.005011385450741554,dCorg,R05,1083,0.9937341524954326,ok,0.1083
nb_f1,0.11759463208768801,0.11759463208768801,dCorg,R05,1083,0.9937341524954326,ok,0.1083
type_f1_1,0.0,3.2513250449301556e-06,dCorg,R05,1083,0.9937341524954326,ok,0.1083
nb_f2,0.11759463208768801,0.12486922664080537,dCorg,R05,1083,0.9937341524954326,ok,0.1083
type_f2_1,0.0,0.0,dCorg,R05,1083,0.9937341524954326,ok,0.1083
nb_f3,0.11791764195468392,0.1818131884740995,dCorg,R05,1083,0.9937341524954326,ok,0.1083
type_f3_1,0.003817912935448278,0.005112033953297922,dCorg,R05,1083,0.9937341524954326,ok,0.1083
prepa_2,0.019803241923417807,0.06466023932785793,dCorg,R05,1083,0.9937341524954326,ok,0.1083
type_f1_2,0.0,4.562304704230084e-06,dCorg,R05,1083,0.9937341524954326,ok,0.1083
type_f2_2,0.0,0.0,dCorg,R05,1083,0.9937341524954326,ok,0.1083
type_f3_2,0.02012748703178075,0.06425055244630307,dCorg,R05,1083,0.9937341524954326,ok,0.1083
Date_Semis,0.07337494324862415,0.07351228359866704,dCorg,R05,1083,0.9937341524954326,ok,0.1083
Delta_PREPA_Semis,0.00022342097615565617,0.0007361130899929001,dCorg,R05,1083,0.9937341524954326,ok,0.1083
Date_F1,0.0,2.8819241085451102e-05,dCorg,R05,1083,0.9937341524954326,ok,0.1083
Date_F2,3.0178334719879914e-05,5.5258249575067615e-05,dCorg,R05,1083,0.9937341524954326,ok,0.1083
Date_F3,0.0,1.3644570466894922e-05,dCorg,R05,1083,0.9937341524954326,ok,0.1083
Date_Recolte,0.04037271812571034,0.04043159205930012,dCorg,R05,1083,0.9937341524954326,ok,0.1083
Dose_F1_1,0.0,1.5143804986703794e-05,dCorg,R05,1083,0.9937341524954326,ok,0.1083
Dose_F1_2,0.0,5.744370542347304e-06,dCorg,R05,1083,0.9937341524954326,ok,0.1083
Dose_F2_1,0.0,1.6520641511472776e-05,dCorg,R05,1083,0.9937341524954326,ok,0.1083
Dose_F2_2,0.02293807414184367,0.030239802239286465,dCorg,R05,1083,0.9937341524954326,ok,0.1083
Dose_F3_1,0.0,3.419811243648965e-05,dCorg,R05,1083,0.9937341524954326,ok,0.1083
Dose_F3_2,2.893713902640782e-07,0.00010367547302559844,dCorg,R05,1083,0.9937341524954326,ok,0.1083
n_ferti,0.03521435266290663,0.07659588363946675,dCorg,R06,954,0.9606566975333187,ok,0.0954
has_prepa,0.15544507457158063,0.1972158287406844,dCorg,R06,954,0.9606566975333187,ok,0.0954
nb_prepa,0.11992056835693585,0.1853947274534945,dCorg,R06,954,0.9606566975333187,ok,0.0954
prepa_1,0.0034942516609685796,0.004645766983060198,dCorg,R06,954,0.9606566975333187,ok,0.0954
nb_f1,0.1327123424939198,0.13697201104329396,dCorg,R06,954,0.9606566975333187,ok,0.0954
type_f1_1,0.0,2.666342895742771e-05,dCorg,R06,954,0.9606566975333187,ok,0.0954
nb_f2,0.11941918542279886,0.11941918542279886,dCorg,R06,954,0.9606566975333187,ok,0.0954
type_f2_1,0.0,6.437537504874543e-05,dCorg,R06,954,0.9606566975333187,ok,0.0954
nb_f3,0.11982416310515964,0.1858918860638886,dCorg,R06,954,0.9606566975333187,ok,0.0954
type_f3_1,0.0036217336922082684,0.004835943164462053,dCorg,R06,954,0.9606566975333187,ok,0.0954
prepa_2,0.018711207707028783,0.06473854976483413,dCorg,R06,954,0.9606566975333187,ok,0.0954
type_f1_2,0.01319973807920542,0.017431229584167936,dCorg,R06,954,0.9606566975333187,ok,0.0954
type_f2_2,0.0,0.0,dCorg,R06,954,0.9606566975333187,ok,0.0954
type_f3_2,0.019066250198597944,0.06520012431255383,dCorg,R06,954,0.9606566975333187,ok,0.0954
Date_Semis,0.06842590597850286,0.07039300687725097,dCorg,R06,954,0.9606566975333187,ok,0.0954
Delta_PREPA_Semis,0.0010529510156923696,0.0040004416230344335,dCorg,R06,954,0.9606566975333187,ok,0.0954
Date_F1,0.0,4.773848443910017e-05,dCorg,R06,954,0.9606566975333187,ok,0.0954
Date_F2,0.00011584372049149043,0.000351089228441053,dCorg,R06,954,0.9606566975333187,ok,0.0954
Date_F3,0.0,3.559703660704185e-05,dCorg,R06,954,0.9606566975333187,ok,0.0954
Date_Recolte,0.027212977630211944,0.02817332593807801,dCorg,R06,954,0.9606566975333187,ok,0.0954
Dose_F1_1,0.0,6.592113442127064e-05,dCorg,R06,954,0.9606566975333187,ok,0.0954
Dose_F1_2,0.0,0.0001260222173611748,dCorg,R06,954,0.9606566975333187,ok,0.0954
Dose_F2_1,0.0,0.00010876574871055392,dCorg,R06,954,0.9606566975333187,ok,0.0954
Dose_F2_2,0.0,0.00021818503006794694,dCorg,R06,954,0.9606566975333187,ok,0.0954
Dose_F3_1,0.0,0.00015749962942703688,dCorg,R06,954,0.9606566975333187,ok,0.0954
Dose_F3_2,7.626997596453209e-06,0.0004460587816446016,dCorg,R06,954,0.9606566975333187,ok,0.0954
n_ferti,0.036145031051064744,0.07995258108431826,dCorg,R07,812,0.993599548025942,ok,0.0812
has_prepa,0.15796432959988618,0.20184961027112994,dCorg,R07,812,0.993599548025942,ok,0.0812
nb_prepa,0.12319108469461565,0.19068470959580092,dCorg,R07,812,0.993599548025942,ok,0.0812
prepa_1,0.0038821931338507533,0.005347989427458877,dCorg,R07,812,0.993599548025942,ok,0.0812
nb_f1,0.12286150954075946,0.12287477336160314,dCorg,R07,812,0.993599548025942,ok,0.0812
type_f1_1,0.0,0.0,dCorg,R07,812,0.993599548025942,ok,0.0812
nb_f2,0.12286150954075946,0.12286775335965532,dCorg,R07,812,0.993599548025942,ok,0.0812
type_f2_1,0.0,3.3430755452086584e-06,dCorg,R07,812,0.993599548025942,ok,0.0812
nb_f3,0.12329433488335936,0.19011718428627475,dCorg,R07,812,0.993599548025942,ok,0.0812
type_f3_1,0.0035334088075919604,0.004989052079574783,dCorg,R07,812,0.993599548025942,ok,0.0812
prepa_2,0.02065744011230542,0.06739579076770039,dCorg,R07,812,0.993599548025942,ok,0.0812
type_f1_2,0.0,0.0,dCorg,R07,812,0.993599548025942,ok,0.0812
type_f2_2,0.0,0.0,dCorg,R07,812,0.993599548025942,ok,0.0812
type_f3_2,0.020165593455732524,0.06664471668266715,dCorg,R07,812,0.993599548025942,ok,0.0812
Date_Semis,0.07029086192404793,0.0704136046930025,dCorg,R07,812,0.993599548025942,ok,0.0812
Delta_PREPA_Semis,0.00032382629369782093,0.0008529197364794558,dCorg,R07,812,0.993599548025942,ok,0.0812
Date_F1,0.0,0.0,dCorg,R07,812,0.993599548025942,ok,0.0812
Date_F2,0.0,1.8654283291767016e-05,dCorg,R07,812,0.993599548025942,ok,0.0812
Date_F3,0.0,1.3973930795972172e-05,dCorg,R07,812,0.993599548025942,ok,0.0812
Date_Recolte,0.03514428196337257,0.03520783216686073,dCorg,R07,812,0.993599548025942,ok,0.0812
Dose_F1_1,0.0,4.984582455633748e-05,dCorg,R07,812,0.993599548025942,ok,0.0812
Dose_F1_2,0.0,5.2720180403576006e-05,dCorg,R07,812,0.993599548025942,ok,0.0812
Dose_F2_1,0.0,1.632272339806951e-05,dCorg,R07,812,0.993599548025942,ok,0.0812
Dose_F2_2,0.0,0.00012140894687620417,dCorg,R07,812,0.993599548025942,ok,0.0812
Dose_F3_1,0.0,2.0678656767889802e-05,dCorg,R07,812,0.993599548025942,ok,0.0812
Dose_F3_2,5.834585182009414e-07,0.00018854640627743004,dCorg,R07,812,0.993599548025942,ok,0.0812
n_ferti,0.032858049476462446,0.07358795061674134,dCorg,R08,788,0.9895166096851895,ok,0.0788
has_prepa,0.14687448753068327,0.18734850165786748,dCorg,R08,788,0.9895166096851895,ok,0.0788
nb_prepa,0.11491017238499483,0.17866318653722849,dCorg,R08,788,0.9895166096851895,ok,0.0788
prepa_1,0.003931738842297596,0.005137562678908161,dCorg,R08,788,0.9895166096851895,ok,0.0788
nb_f1,0.11464627846371792,0.11464627846371792,dCorg,R08,788,0.9895166096851895,ok,0.0788
type_f1_1,0.0,0.0,dCorg,R08,788,0.9895166096851895,ok,0.0788
nb_f2,0.12786643802003936,0.13227972484609585,dCorg,R08,788,0.9895166096851895,ok,0.0788
type_f2_1,0.0,1.5678581947688418e-05,dCorg,R08,788,0.9895166096851895,ok,0.0788
nb_f3,0.11495464188446998,0.17726921208186636,dCorg,R08,788,0.9895166096851895,ok,0.0788
type_f3_1,0.0036517349797646633,0.004945498610663816,dCorg,R08,788,0.9895166096851895,ok,0.0788
prepa_2,0.019342676260901283,0.06327301253928022,dCorg,R08,788,0.9895166096851895,ok,0.0788
type_f1_2,0.0,0.0,dCorg,R08,788,0.9895166096851895,ok,0.0788
type_f2_2,0.011874569775372055,0.0164136389340488,dCorg,R08,788,0.9895166096851895,ok,0.0788
type_f3_2,0.019478591548137424,0.06293464321319461,dCorg,R08,788,0.9895166096851895,ok,0.0788
Date_Semis,0.07593821369273412,0.0760589241219077,dCorg,R08,788,0.9895166096851895,ok,0.0788
Delta_PREPA_Semis,0.00029211535654052065,0.0006809284504173207,dCorg,R08,788,0.9895166096851895,ok,0.0788
Date_F1,0.0,3.725179915455374e-05,dCorg,R08,788,0.9895166096851895,ok,0.0788
Date_F2,1.8452895936711724e-05,0.00012184095644656358,dCorg,R08,788,0.9895166096851895,ok,0.0788
Date_F3,0.0,1.968533608615318e-05,dCorg,R08,788,0.9895166096851895,ok,0.0788
Date_Recolte,0.05974260977893585,0.059830720053671044,dCorg,R08,788,0.9895166096851895,ok,0.0788
Dose_F1_1,0.0,1.5809658668500466e-05,dCorg,R08,788,0.9895166096851895,ok,0.0788
Dose_F1_2,0.0,1.5008578652929876e-05,dCorg,R08,788,0.9895166096851895,ok,0.0788
Dose_F2_1,1.301640611745524e-05,4.349557055490617e-05,dCorg,R08,788,0.9895166096851895,ok,0.0788
Dose_F2_2,0.0,7.272164247847575e-05,dCorg,R08,788,0.9895166096851895,ok,0.0788
Dose_F3_1,0.0,7.429631083788842e-05,dCorg,R08,788,0.9895166096851895,ok,0.0788
Dose_F3_2,1.798588453759737e-05,0.00010265557791944198,dCorg,R08,788,0.9895166096851895,ok,0.0788
n_ferti,0.0003077844510858335,0.013966066327760495,rdt,R01,4152,0.6699622323062706,ok,0.4152
has_prepa,0.00765489146148748,0.043558401892165734,rdt,R01,4152,0.6699622323062706,ok,0.4152
nb_prepa,0.00765489146148748,0.043550548672782456,rdt,R01,4152,0.6699622323062706,ok,0.4152
prepa_1,0.00765489146148748,0.11332614706314609,rdt,R01,4152,0.6699622323062706,ok,0.4152
nb_f1,0.004784307163424737,0.6332115317495749,rdt,R01,4152,0.6699622323062706,ok,0.4152
type_f1_1,0.0,0.0,rdt,R01,4152,0.6699622323062706,ok,0.4152
nb_f2,0.004784307163424737,0.004784307163424737,rdt,R01,4152,0.6699622323062706,ok,0.4152
type_f2_1,0.0,0.0,rdt,R01,4152,0.6699622323062706,ok,0.4152
nb_f3,0.004784307163424737,0.013832940229197106,rdt,R01,4152,0.6699622323062706,ok,0.4152
type_f3_1,3.2454514124358935e-05,0.0032803022357753373,rdt,R01,4152,0.6699622323062706,ok,0.4152
prepa_2,0.00765489146148748,0.11332614706315292,rdt,R01,4152,0.6699622323062706,ok,0.4152
type_f1_2,0.0,0.0,rdt,R01,4152,0.6699622323062706,ok,0.4152
type_f2_2,0.0,0.0,rdt,R01,4152,0.6699622323062706,ok,0.4152
type_f3_2,0.0001426429129087317,0.008532613188180363,rdt,R01,4152,0.6699622323062706,ok,0.4152
Date_Semis,0.0,0.0015420372434578721,rdt,R01,4152,0.6699622323062706,ok,0.4152
Delta_PREPA_Semis,0.00765489146148748,0.11332614706315292,rdt,R01,4152,0.6699622323062706,ok,0.4152
Date_F1,0.0,0.0,rdt,R01,4152,0.6699622323062706,ok,0.4152
Date_F2,0.0,0.0,rdt,R01,4152,0.6699622323062706,ok,0.4152
Date_F3,0.0,0.0,rdt,R01,4152,0.6699622323062706,ok,0.4152
Date_Recolte,0.0006678471390908807,0.00217847150504978,rdt,R01,4152,0.6699622323062706,ok,0.4152
Dose_F1_1,0.0,0.0,rdt,R01,4152,0.6699622323062706,ok,0.4152
Dose_F1_2,0.0,0.8377449764809224,rdt,R01,4152,0.6699622323062706,ok,0.4152
Dose_F2_1,5.818313725380919e-06,5.818313725380919e-06,rdt,R01,4152,0.6699622323062706,ok,0.4152
Dose_F2_2,0.0,1.6199143572331455e-05,rdt,R01,4152,0.6699622323062706,ok,0.4152
Dose_F3_1,0.0,8.295242364122235e-06,rdt,R01,4152,0.6699622323062706,ok,0.4152
Dose_F3_2,1.351505441159117e-06,2.37717885075018e-05,rdt,R01,4152,0.6699622323062706,ok,0.4152
n_ferti,0.001416153895679902,0.009654396807268577,rdt,R02,2029,0.7812209183177664,ok,0.2029
has_prepa,0.012003916797650113,0.4892657942469754,rdt,R02,2029,0.7812209183177664,ok,0.2029
nb_prepa,0.007502447998547174,0.007502447998547174,rdt,R02,2029,0.7812209183177664,ok,0.2029
prepa_1,0.0,4.742216297313263e-07,rdt,R02,2029,0.7812209183177664,ok,0.2029
nb_f1,0.007502447998547174,0.007502447998547174,rdt,R02,2029,0.7812209183177664,ok,0.2029
type_f1_1,0.0,6.527516072345223e-07,rdt,R02,2029,0.7812209183177664,ok,0.2029
nb_f2,0.007502447998547174,0.47772656916607925,rdt,R02,2029,0.7812209183177664,ok,0.2029
type_f2_1,0.0,0.0,rdt,R02,2029,0.7812209183177664,ok,0.2029
nb_f3,0.0075107854742985465,0.014585031743913485,rdt,R02,2029,0.7812209183177664,ok,0.2029
type_f3_1,0.0001609286706428655,0.0014884149872546036,rdt,R02,2029,0.7812209183177664,ok,0.2029
prepa_2,0.0,4.378237590044292e-07,rdt,R02,2029,0.7812209183177664,ok,0.2029
type_f1_2,0.0,0.0,rdt,R02,2029,0.7812209183177664,ok,0.2029
type_f2_2,0.0,5.854870263061307e-07,rdt,R02,2029,0.7812209183177664,ok,0.2029
type_f3_2,0.0007899038131884015,0.00707536978776152,rdt,R02,2029,0.7812209183177664,ok,0.2029
Date_Semis,1.3331023464129809e-05,0.0001746916728073817,rdt,R02,2029,0.7812209183177664,ok,0.2029
Delta_PREPA_Semis,6.037347707595346e-06,2.645321497862062e-05,rdt,R02,2029,0.7812209183177664,ok,0.2029
Date_F1,0.0,3.9384537254100645e-07,rdt,R02,2029,0.7812209183177664,ok,0.2029
Date_F2,0.0,1.6211166322745452e-06,rdt,R02,2029,0.7812209183177664,ok,0.2029
Date_F3,0.0,1.6990409174069613e-06,rdt,R02,2029,0.7812209183177664,ok,0.2029
Date_Recolte,5.707483905403729e-05,0.00019597341700962567,rdt,R02,2029,0.7812209183177664,ok,0.2029
Dose_F1_1,0.0,5.794815866592256e-07,rdt,R02,2029,0.7812209183177664,ok,0.2029
Dose_F1_2,0.0,3.178136603224972e-06,rdt,R02,2029,0.7812209183177664,ok,0.2029
Dose_F2_1,0.0,1.3364209858806543e-06,rdt,R02,2029,0.7812209183177664,ok,0.2029
Dose_F2_2,0.0,0.9403175626778746,rdt,R02,2029,0.7812209183177664,ok,0.2029
Dose_F3_1,3.356275559977065e-07,3.753701358183337e-06,rdt,R02,2029,0.7812209183177664,ok,0.2029
Dose_F3_2,1.7971079903408558e-07,4.143057822281993e-06,rdt,R02,2029,0.7812209183177664,ok,0.2029
n_ferti,0.010517273735285462,0.07155648142244765,rdt,R03,1602,0.7946122734762505,ok,0.1602
has_prepa,0.08888764872437985,0.41058322277663595,rdt,R03,1602,0.7946122734762505,ok,0.1602
nb_prepa,0.05555478045271538,0.05555478045271538,rdt,R03,1602,0.7946122734762505,ok,0.1602
prepa_1,0.0,0.0,rdt,R03,1602,0.7946122734762505,ok,0.1602
nb_f1,0.05555478045271538,0.08959561556502015,rdt,R03,1602,0.7946122734762505,ok,0.1602
type_f1_1,0.0,1.4583456428083365e-05,rdt,R03,1602,0.7946122734762505,ok,0.1602
nb_f2,0.05555478045271538,0.3039994261070845,rdt,R03,1602,0.7946122734762505,ok,0.1602
type_f2_1,0.0,1.4596913834208848e-05,rdt,R03,1602,0.7946122734762505,ok,0.1602
nb_f3,0.05561737288191748,0.10775457925125692,rdt,R03,1602,0.7946122734762505,ok,0.1602
type_f3_1,0.0011791225379706861,0.010976696135640762,rdt,R03,1602,0.7946122734762505,ok,0.1602
prepa_2,0.0,1.515779879753359e-05,rdt,R03,1602,0.7946122734762505,ok,0.1602
type_f1_2,0.0,0.0,rdt,R03,1602,0.7946122734762505,ok,0.1602
type_f2_2,0.0,0.0,rdt,R03,1602,0.7946122734762505,ok,0.1602
type_f3_2,0.005899135557858099,0.052368474291030746,rdt,R03,1602,0.7946122734762505,ok,0.1602
Date_Semis,0.00013992963091350274,0.0014798656023678562,rdt,R03,1602,0.7946122734762505,ok,0.1602
Delta_PREPA_Semis,8.916548412801978e-05,0.0004517458156459676,rdt,R03,1602,0.7946122734762505,ok,0.1602
Date_F1,0.0,1.019593270955875e-05,rdt,R03,1602,0.7946122734762505,ok,0.1602
Date_F2,5.858098027971171e-06,2.7341379617831295e-05,rdt,R03,1602,0.7946122734762505,ok,0.1602
Date_F3,0.0,7.474849314136385e-05,rdt,R03,1602,0.7946122734762505,ok,0.1602
Date_Recolte,0.0008828070196659366,0.0018518896282420322,rdt,R03,1602,0.7946122734762505,ok,0.1602
Dose_F1_1,0.0,9.6054619911578e-06,rdt,R03,1602,0.7946122734762505,ok,0.1602
Dose_F1_2,0.006399709333539749,0.059660754733502526,rdt,R03,1602,0.7946122734762505,ok,0.1602
Dose_F2_1,0.0,1.081727187078592e-05,rdt,R03,1602,0.7946122734762505,ok,0.1602
Dose_F2_2,0.0,0.4975385947088848,rdt,R03,1602,0.7946122734762505,ok,0.1602
Dose_F3_1,1.0909912928987857e-05,2.6326470608738196e-05,rdt,R03,1602,0.7946122734762505,ok,0.1602
Dose_F3_2,8.803932133786033e-07,0.00013034566255182203,rdt,R03,1602,0.7946122734762505,ok,0.1602
n_ferti,0.03862438696372373,0.08663942306115806,rdt,R04,694,0.9134889078429077,ok,0.0694
has_prepa,0.1817753494487988,0.22884697231730786,rdt,R04,694,0.9134889078429077,ok,0.0694
nb_prepa,0.13631106489179753,0.20684771862956255,rdt,R04,694,0.9134889078429077,ok,0.0694
prepa_1,0.002663948768823612,0.003647767263339587,rdt,R04,694,0.9134889078429077,ok,0.0694
nb_f1,0.13515336574718056,0.13550139861467436,rdt,R04,694,0.9134889078429077,ok,0.0694
type_f1_1,0.0,2.259357475022704e-06,rdt,R04,694,0.9134889078429077,ok,0.0694
nb_f2,0.13515336574718056,0.13515336574718056,rdt,R04,694,0.9134889078429077,ok,0.0694
type_f2_1,0.0,2.9440068539997147e-06,rdt,R04,694,0.9134889078429077,ok,0.0694
nb_f3,0.13552025228665476,0.20911478359131738,rdt,R04,694,0.9134889078429077,ok,0.0694
type_f3_1,0.004468715778759173,0.0058425758238277,rdt,R04,694,0.9134889078429077,ok,0.0694
prepa_2,0.018777730523679457,0.07151565990453829,rdt,R04,694,0.9134889078429077,ok,0.0694
type_f1_2,0.0,2.0780893005109896e-05,rdt,R04,694,0.9134889078429077,ok,0.0694
type_f2_2,0.0,0.0,rdt,R04,694,0.9134889078429077,ok,0.0694
type_f3_2,0.022982444267051694,0.0740240835546956,rdt,R04,694,0.9134889078429077,ok,0.0694
Date_Semis,0.004583886180301187,0.0052924666707070914,rdt,R04,694,0.9134889078429077,ok,0.0694
Delta_PREPA_Semis,0.0036685939554094707,0.004144973174673675,rdt,R04,694,0.9134889078429077,ok,0.0694
Date_F1,0.0,0.0,rdt,R04,694,0.9134889078429077,ok,0.0694
Date_F2,4.76486533967731e-05,5.7304511515438525e-05,rdt,R04,694,0.9134889078429077,ok,0.0694
Date_F3,0.0,0.00017254076922410032,rdt,R04,694,0.9134889078429077,ok,0.0694
Date_Recolte,0.0049357755248033005,0.005267590905468349,rdt,R04,694,0.9134889078429077,ok,0.0694
Dose_F1_1,0.0,2.0225417189560733e-05,rdt,R04,694,0.9134889078429077,ok,0.0694
Dose_F1_2,0.0010236640783397345,0.001405454308942961,rdt,R04,694,0.9134889078429077,ok,0.0694
Dose_F2_1,0.0,2.335731625895826e-05,rdt,R04,694,0.9134889078429077,ok,0.0694
Dose_F2_2,0.0,2.2119289047063688e-05,rdt,R04,694,0.9134889078429077,ok,0.0694
Dose_F3_1,6.670013919379934e-06,6.479534820297113e-05,rdt,R04,694,0.9134889078429077,ok,0.0694
Dose_F3_2,0.00021221900354165455,0.00046035769047178104,rdt,R04,694,0.9134889078429077,ok,0.0694
n_ferti,0.020069648529520874,0.13600617444633972,rdt,R05,664,0.8018737130248859,ok,0.0664
has_prepa,0.16887213057762815,0.3548890977583167,rdt,R05,664,0.8018737130248859,ok,0.0664
nb_prepa,0.10554508161101886,0.10554508161101886,rdt,R05,664,0.8018737130248859,ok,0.0664
prepa_1,0.0,6.620483682235097e-05,rdt,R05,664,0.8018737130248859,ok,0.0664
nb_f1,0.10554508161101886,0.15177037598053622,rdt,R05,664,0.8018737130248859,ok,0.0664
type_f1_1,0.0,0.0,rdt,R05,664,0.8018737130248859,ok,0.0664
nb_f2,0.10554508161101886,0.15602284644874584,rdt,R05,664,0.8018737130248859,ok,0.0664
type_f2_1,0.0,5.2812741757803185e-05,rdt,R05,664,0.8018737130248859,ok,0.0664
nb_f3,0.10566524356359297,0.20530615703176808,rdt,R05,664,0.8018737130248859,ok,0.0664
type_f3_1,0.002252341436827677,0.020736530532641947,rdt,R05,664,0.8018737130248859,ok,0.0664
prepa_2,0.0,0.0,rdt,R05,664,0.8018737130248859,ok,0.0664
type_f1_2,0.0,0.0,rdt,R05,664,0.8018737130248859,ok,0.0664
type_f2_2,0.00465189236366733,0.04376272031790098,rdt,R05,664,0.8018737130248859,ok,0.0664
type_f3_2,0.01099270645756936,0.0994504902658403,rdt,R05,664,0.8018737130248859,ok,0.0664
Date_Semis,8.203142592846542e-05,0.00048298504522706034,rdt,R05,664,0.8018737130248859,ok,0.0664
Delta_PREPA_Semis,0.00016787983632797702,0.0006967448144031732,rdt,R05,664,0.8018737130248859,ok,0.0664
Date_F1,0.0,1.8996800498736385e-05,rdt,R05,664,0.8018737130248859,ok,0.0664
Date_F2,0.0,0.0,rdt,R05,664,0.8018737130248859,ok,0.0664
Date_F3,0.0,5.269607722824998e-05,rdt,R05,664,0.8018737130248859,ok,0.0664
Date_Recolte,0.001492415107440382,0.0017680698887170463,rdt,R05,664,0.8018737130248859,ok,0.0664
Dose_F1_1,0.0,8.878291988621806e-06,rdt,R05,664,0.8018737130248859,ok,0.0664
Dose_F1_2,0.0,0.09181676796685091,rdt,R05,664,0.8018737130248859,ok,0.0664
Dose_F2_1,0.0,8.374796216521096e-05,rdt,R05,664,0.8018737130248859,ok,0.0664
Dose_F2_2,4.751422553169874e-05,0.00023870431151758905,rdt,R05,664,0.8018737130248859,ok,0.0664
Dose_F3_1,4.905293143727538e-06,9.118738525978457e-05,rdt,R05,664,0.8018737130248859,ok,0.0664
Dose_F3_2,4.976852535779358e-06,0.00019379898168278293,rdt,R05,664,0.8018737130248859,ok,0.0664
n_ferti,0.03955030814213167,0.08808380035541698,rdt,R06,401,0.6368136679441503,ok,0.0401
has_prepa,0.1850062433023152,0.23062739310939398,rdt,R06,401,0.6368136679441503,ok,0.0401
nb_prepa,0.13747192326103208,0.2085751915771138,rdt,R06,401,0.6368136679441503,ok,0.0401
prepa_1,0.0024798967228063253,0.0033943525174991852,rdt,R06,401,0.6368136679441503,ok,0.0401
nb_f1,0.13623755127503998,0.13626936556848948,rdt,R06,401,0.6368136679441503,ok,0.0401
type_f1_1,0.0,0.0,rdt,R06,401,0.6368136679441503,ok,0.0401
nb_f2,0.13623755127503998,0.13623755127503998,rdt,R06,401,0.6368136679441503,ok,0.0401
type_f2_1,0.0,0.0,rdt,R06,401,0.6368136679441503,ok,0.0401
nb_f3,0.13665992428583423,0.2107865997018352,rdt,R06,401,0.6368136679441503,ok,0.0401
type_f3_1,0.004193831185601889,0.005682240215528908,rdt,R06,401,0.6368136679441503,ok,0.0401
prepa_2,0.018075991711553524,0.07337781746546757,rdt,R06,401,0.6368136679441503,ok,0.0401
type_f1_2,0.0,3.938579705458232e-05,rdt,R06,401,0.6368136679441503,ok,0.0401
type_f2_2,0.0,1.969608335387803e-05,rdt,R06,401,0.6368136679441503,ok,0.0401
type_f3_2,0.022753006611811687,0.07432382381277654,rdt,R06,401,0.6368136679441503,ok,0.0401
Date_Semis,0.00274647549486949,0.0031967610808421114,rdt,R06,401,0.6368136679441503,ok,0.0401
Delta_PREPA_Semis,0.0028947971016829045,0.0033394995821520806,rdt,R06,401,0.6368136679441503,ok,0.0401
Date_F1,4.083838969837997e-05,0.00014428676932032517,rdt,R06,401,0.6368136679441503,ok,0.0401
Date_F2,0.0,0.00013075972766398062,rdt,R06,401,0.6368136679441503,ok,0.0401
Date_F3,1.0284895758696744e-05,2.6843522519347953e-05,rdt,R06,401,0.6368136679441503,ok,0.0401
Date_Recolte,0.00012850743048578066,0.0004286532776019351,rdt,R06,401,0.6368136679441503,ok,0.0401
Dose_F1_1,0.0,0.0,rdt,R06,401,0.6368136679441503,ok,0.0401
Dose_F1_2,0.0,6.450367106249185e-05,rdt,R06,401,0.6368136679441503,ok,0.0401
Dose_F2_1,0.0,3.374144824868048e-05,rdt,R06,401,0.6368136679441503,ok,0.0401
Dose_F2_2,3.812259484760467e-05,0.00019257524712758668,rdt,R06,401,0.6368136679441503,ok,0.0401
Dose_F3_1,0.0,0.00014769611901819683,rdt,R06,401,0.6368136679441503,ok,0.0401
Dose_F3_2,1.1189616920158393e-06,0.00035108943327059216,rdt,R06,401,0.6368136679441503,ok,0.0401
n_ferti,0.03637791117536305,0.08307710071633773,rdt,R07,281,0.5909195089850314,ok,0.0281
has_prepa,0.1763421538614423,0.22111065558095783,rdt,R07,281,0.5909195089850314,ok,0.0281
nb_prepa,0.13160710681519877,0.19885869353782112,rdt,R07,281,0.5909195089850314,ok,0.0281
prepa_1,0.002437376369597022,0.0032482228780980195,rdt,R07,281,0.5909195089850314,ok,0.0281
nb_f1,0.1304282173948121,0.1304282173948121,rdt,R07,281,0.5909195089850314,ok,0.0281
type_f1_1,0.0,0.00013366945493934729,rdt,R07,281,0.5909195089850314,ok,0.0281
nb_f2,0.1304282173948121,0.13756670069207727,rdt,R07,281,0.5909195089850314,ok,0.0281
type_f2_1,0.0,8.209326368647031e-05,rdt,R07,281,0.5909195089850314,ok,0.0281
nb_f3,0.13068924916087904,0.20122999557886154,rdt,R07,281,0.5909195089850314,ok,0.0281
type_f3_1,0.004388389597529814,0.005943745129335755,rdt,R07,281,0.5909195089850314,ok,0.0281
prepa_2,0.01792818867788458,0.06934400776562759,rdt,R07,281,0.5909195089850314,ok,0.0281
type_f1_2,0.0,3.5474022128446305e-05,rdt,R07,281,0.5909195089850314,ok,0.0281
type_f2_2,0.0,2.212047099352757e-05,rdt,R07,281,0.5909195089850314,ok,0.0281
type_f3_2,0.023102922045331757,0.07238251394494814,rdt,R07,281,0.5909195089850314,ok,0.0281
Date_Semis,0.006230247278647651,0.006436876508380365,rdt,R07,281,0.5909195089850314,ok,0.0281
Delta_PREPA_Semis,0.005345935519505511,0.005413621232552959,rdt,R07,281,0.5909195089850314,ok,0.0281
Date_F1,0.0,5.689632073269942e-05,rdt,R07,281,0.5909195089850314,ok,0.0281
Date_F2,5.0260464994979495e-05,8.446370917256408e-05,rdt,R07,281,0.5909195089850314,ok,0.0281
Date_F3,0.0,0.00010347843360982723,rdt,R07,281,0.5909195089850314,ok,0.0281
Date_Recolte,0.007670060595062508,0.0077489027800205085,rdt,R07,281,0.5909195089850314,ok,0.0281
Dose_F1_1,0.00010873022305222503,0.0002829624731056934,rdt,R07,281,0.5909195089850314,ok,0.0281
Dose_F1_2,0.0,0.0003283313954292543,rdt,R07,281,0.5909195089850314,ok,0.0281
Dose_F2_1,0.0,0.00012714048806989887,rdt,R07,281,0.5909195089850314,ok,0.0281
Dose_F2_2,0.02242110819395211,0.029757024602577262,rdt,R07,281,0.5909195089850314,ok,0.0281
Dose_F3_1,0.0,0.0002706373091795665,rdt,R07,281,0.5909195089850314,ok,0.0281
Dose_F3_2,1.2676762752681333e-06,0.00036911187220343576,rdt,R07,281,0.5909195089850314,ok,0.0281
n_ferti,0.02253216855581782,0.14983822725932974,rdt,R08,177,-1.57557181955805,weak_q2,0.0177
has_prepa,0.18534652827572073,0.3419949032087176,rdt,R08,177,-1.57557181955805,weak_q2,0.0177
nb_prepa,0.11584158017232538,0.11587782090547037,rdt,R08,177,-1.57557181955805,weak_q2,0.0177
prepa_1,0.0,1.8836573669726916e-05,rdt,R08,177,-1.57557181955805,weak_q2,0.0177
nb_f1,0.11584158017232538,0.16571197049089872,rdt,R08,177,-1.57557181955805,weak_q2,0.0177
type_f1_1,0.0,0.0,rdt,R08,177,-1.57557181955805,weak_q2,0.0177
nb_f2,0.11584158017232538,0.11590431403351671,rdt,R08,177,-1.57557181955805,weak_q2,0.0177
type_f2_1,0.0,9.705637393610952e-06,rdt,R08,177,-1.57557181955805,weak_q2,0.0177
nb_f3,0.11598090598024495,0.23004725037658524,rdt,R08,177,-1.57557181955805,weak_q2,0.0177
type_f3_1,0.0024592037256366594,0.022111055345977054,rdt,R08,177,-1.57557181955805,weak_q2,0.0177
prepa_2,0.0,5.3166043874328994e-05,rdt,R08,177,-1.57557181955805,weak_q2,0.0177
type_f1_2,0.0,0.04513904633429286,rdt,R08,177,-1.57557181955805,weak_q2,0.0177
type_f2_2,0.0,0.0,rdt,R08,177,-1.57557181955805,weak_q2,0.0177
type_f3_2,0.010656344344967221,0.10954889032328927,rdt,R08,177,-1.57557181955805,weak_q2,0.0177
Date_Semis,0.0004537339497144493,0.0019209419163260042,rdt,R08,177,-1.57557181955805,weak_q2,0.0177
Delta_PREPA_Semis,0.00026501860542245696,0.0011356703224284115,rdt,R08,177,-1.57557181955805,weak_q2,0.0177
Date_F1,4.0406015625401186e-05,0.0021902406336422185,rdt,R08,177,-1.57557181955805,weak_q2,0.0177
Date_F2,0.0,0.00013853974762528725,rdt,R08,177,-1.57557181955805,weak_q2,0.0177
Date_F3,5.786993125707592e-05,0.00010926974370358137,rdt,R08,177,-1.57557181955805,weak_q2,0.0177
Date_Recolte,0.000978006000766913,0.0042010933294730135,rdt,R08,177,-1.57557181955805,weak_q2,0.0177
Dose_F1_1,0.0,0.0006302749163643482,rdt,R08,177,-1.57557181955805,weak_q2,0.0177
Dose_F1_2,0.0,6.0040807153313e-05,rdt,R08,177,-1.57557181955805,weak_q2,0.0177
Dose_F2_1,0.0,7.616955749259741e-05,rdt,R08,177,-1.57557181955805,weak_q2,0.0177
Dose_F2_2,4.600364768554825e-06,0.0010415874318442319,rdt,R08,177,-1.57557181955805,weak_q2,0.0177
Dose_F3_1,0.0,0.0007218227995454752,rdt,R08,177,-1.57557181955805,weak_q2,0.0177
Dose_F3_2,2.1138886364937257e-05,0.00519849710810307,rdt,R08,177,-1.57557181955805,weak_q2,0.0177
