annee;jourDebut;jourFin;parcelle;couvert;itk;N_lixivie[kgN/ha];N_volatilise_NH3[kgN/ha];N_mineralise_net_SOM[kgN/ha];N_mineralise_net_residus[kgN/ha];N_acquis_couvert[kgN/ha];N_mineral_debut[kgN/ha];N_mineral_fin[kgN/ha];emissions_N2O_directes[kgN/ha];emissions_N2[kgN/ha];N_fixe_legumineuses[kgN/ha];satisfactionAzote_culture[%];satisfactionAzote_ci[%];delta_Corg[kgC/ha];emissions_N2O_denit[kgN-N2O/ha];emissions_N2O_nit[kgN-N2O/ha];emissions_N2O_indirectes_volat[kgN-N2O/ha];emissions_N2O_indirectes_lixiv[kgN-N2O/ha]
2019;213;291;beauce_5_sa_000;solnu;;0.0;0.0;20.83;0.0;0.0;35.0;55.82;0.01;0.0;0;0;0;-231.36;0.0;0.01;0.0;0.0
2019;292;365;beauce_5_sa_000;BTH;;0.28;1.05;12.34;0.0;12.4;56.06;133.96;0.07;0.0;0;7.29;0;-139.2;0.06;0.01;1.05;0.28
2019;213;286;beauce_5_sa_001;solnu;;0.0;0.0;20.28;0.0;0.0;35.0;55.27;0.01;0.0;0;0;0;-225.27;0.0;0.01;0.0;0.0
2019;287;365;beauce_5_sa_001;BTH;;0.27;0.0;12.9;0.0;19.5;55.34;48.35;0.05;0.0;0;11.47;0;-145.31;0.04;0.01;0.0;0.27
2019;213;257;beauce_5_sa_002;solnu;;0.0;0.0;15.53;0.0;0.0;35.0;50.52;0.01;0.0;0;0;0;-172.6;0.0;0.01;0.0;0.0
2019;258;365;beauce_5_sa_002;BTH;;0.32;0.0;17.62;0.0;51.21;50.67;16.59;0.01;0.0;0;30.14;0;-197.62;0.0;0.01;0.0;0.32
2019;213;264;beauce_5_sa_003;solnu;;0.0;0.0;16.76;0.0;0.0;35.0;51.75;0.01;0.0;0;0;0;-186.17;0.0;0.01;0.0;0.0
2019;265;365;beauce_5_sa_003;BTH;;0.32;0.0;16.4;0.0;44.79;51.97;23.01;0.02;0.0;0;26.36;0;-184.13;0.01;0.01;0.0;0.32
2019;213;315;beauce_5_sa_004;solnu;;0.0;0.0;25.41;0.0;0.0;35.0;60.38;0.03;0.0;0;0;0;-282.2;0.02;0.02;0.0;0.0
2019;316;365;beauce_5_sa_004;BTH;;0.33;0.74;7.76;0.0;2.68;60.53;120.83;0.06;0.0;0;1.58;0;-88.38;0.06;0.0;0.74;0.33
2019;213;256;beauce_5_sa_005;solnu;;0.0;0.0;15.41;0.0;0.0;35.0;50.4;0.01;0.0;0;0;0;-171.38;0.0;0.01;0.0;0.0
2019;257;365;beauce_5_sa_005;BTH;;0.32;0.0;17.73;0.0;51.39;50.52;16.41;0.01;0.0;0;30.24;0;-198.81;0.0;0.01;0.0;0.32
2019;213;306;beauce_5_sa_006;solnu;;0.0;0.0;23.4;0.0;0.0;35.0;58.38;0.02;0.0;0;0;0;-260.03;0.0;0.01;0.0;0.0
2019;307;365;beauce_5_sa_006;BTH;;0.26;0.0;9.78;0.0;4.5;58.74;63.33;0.06;0.0;0;2.65;0;-110.5;0.05;0.01;0.0;0.26
2019;213;268;beauce_5_sa_007;solnu;;0.0;0.0;17.73;0.0;0.0;35.0;52.72;0.01;0.0;0;0;0;-195.9;0.0;0.01;0.0;0.0
2019;269;365;beauce_5_sa_007;BTH;;0.32;1.19;15.42;0.0;39.24;52.91;117.75;0.04;0.0;0;23.09;0;-174.36;0.03;0.01;1.19;0.32
2019;213;296;beauce_5_sa_008;solnu;;0.0;0.0;21.74;0.0;0.0;35.0;56.73;0.01;0.0;0;0;0;-241.51;0.0;0.01;0.0;0.0
2019;297;365;beauce_5_sa_008;BTH;;0.26;0.0;11.42;0.0;7.6;56.96;60.24;0.06;0.0;0;4.47;0;-128.95;0.05;0.01;0.0;0.26
2019;213;280;beauce_5_sa_009;solnu;;0.0;0.0;19.62;0.0;0.0;35.0;54.6;0.01;0.0;0;0;0;-217.89;0.0;0.01;0.0;0.0
2019;281;365;beauce_5_sa_009;BTH;;0.27;0.0;13.55;0.0;24.64;54.67;43.2;0.05;0.0;0;14.5;0;-152.58;0.04;0.01;0.0;0.27
2019;213;302;beauce_5_sa_010;solnu;;0.0;0.0;22.76;0.0;0.0;35.0;57.74;0.01;0.0;0;0;0;-253.38;0.0;0.01;0.0;0.0
2019;303;365;beauce_5_sa_010;BTH;;0.27;0.79;10.42;0.0;5.26;57.9;121.38;0.07;0.0;0;3.09;0;-117.16;0.06;0.01;0.79;0.27
2019;213;304;beauce_5_sa_011;solnu;;0.0;0.0;23.09;0.0;0.0;35.0;58.07;0.01;0.0;0;0;0;-256.64;0.0;0.01;0.0;0.0
2019;305;365;beauce_5_sa_011;BTH;;0.26;0.0;10.09;0.0;4.92;58.2;62.92;0.06;0.0;0;2.9;0;-113.9;0.05;0.01;0.0;0.26
2019;213;314;beauce_5_sa_012;solnu;;0.0;0.0;25.19;0.0;0.0;35.0;60.16;0.03;0.0;0;0;0;-279.25;0.02;0.02;0.0;0.0
2019;315;365;beauce_5_sa_012;BTH;;0.26;0.0;7.98;0.0;2.83;60.37;65.01;0.04;0.0;0;1.66;0;-91.23;0.04;0.0;0.0;0.26
2019;213;298;beauce_5_sa_013;solnu;;0.0;0.0;22.13;0.0;0.0;35.0;57.12;0.01;0.0;0;0;0;-246.16;0.0;0.01;0.0;0.0
2019;299;365;beauce_5_sa_013;BTH;;0.26;0.0;11.04;0.0;6.68;57.25;61.15;0.06;0.0;0;3.93;0;-124.38;0.05;0.01;0.0;0.26
2019;213;307;beauce_5_sa_014;solnu;;0.0;0.0;23.75;0.0;0.0;35.0;58.73;0.02;0.0;0;0;0;-261.97;0.01;0.01;0.0;0.0
2019;308;365;beauce_5_sa_014;BTH;;0.26;0.0;9.42;0.0;4.32;58.87;63.51;0.05;0.0;0;2.54;0;-108.48;0.05;0.01;0.0;0.26
2019;213;257;beauce_5_sa_015;solnu;;0.0;0.0;15.54;0.0;0.0;35.0;50.53;0.01;0.0;0;0;0;-172.66;0.0;0.01;0.0;0.0
2019;258;365;beauce_5_sa_015;BTH;;0.32;0.0;17.65;0.0;51.44;50.68;16.4;0.01;0.0;0;30.27;0;-198.06;0.0;0.01;0.0;0.32
2019;213;271;beauce_5_sa_016;solnu;;0.0;0.0;18.31;0.0;0.0;35.0;53.3;0.01;0.0;0;0;0;-202.78;0.0;0.01;0.0;0.0
2019;272;365;beauce_5_sa_016;BTH;;0.3;0.0;14.79;0.0;34.3;53.46;33.46;0.03;0.0;0;20.18;0;-166.98;0.03;0.01;0.0;0.3
2019;213;316;beauce_5_sa_017;solnu;;0.0;0.0;25.56;0.0;0.0;35.0;60.53;0.03;0.0;0;0;0;-284.58;0.02;0.02;0.0;0.0
2019;317;365;beauce_5_sa_017;BTH;;0.27;0.0;7.61;0.0;2.32;60.88;65.51;0.04;0.0;0;1.37;0;-85.96;0.04;0.0;0.0;0.27
2019;213;262;beauce_5_sa_018;solnu;;0.0;0.0;16.32;0.0;0.0;35.0;51.31;0.01;0.0;0;0;0;-180.61;0.0;0.01;0.0;0.0
2019;263;365;beauce_5_sa_018;BTH;;0.34;1.23;16.83;0.0;47.31;51.61;112.3;0.06;0.0;0;27.84;0;-189.65;0.05;0.01;1.23;0.34
2019;213;304;beauce_5_sa_019;solnu;;0.0;0.0;23.09;0.0;0.0;35.0;58.07;0.01;0.0;0;0;0;-256.64;0.0;0.01;0.0;0.0
2019;305;365;beauce_5_sa_019;BTH;;0.26;0.0;10.09;0.0;4.92;58.2;62.92;0.06;0.0;0;2.9;0;-113.9;0.05;0.01;0.0;0.26
2019;213;282;beauce_5_sa_020;solnu;;0.0;0.0;19.76;0.0;0.0;35.0;54.74;0.01;0.0;0;0;0;-220.42;0.0;0.01;0.0;0.0
2019;283;365;beauce_5_sa_020;BTH;;0.31;0.33;13.43;0.0;22.47;54.93;69.7;0.06;0.0;0;13.23;0;-150.21;0.05;0.01;0.33;0.31
2019;213;288;beauce_5_sa_021;solnu;;0.0;0.0;20.47;0.0;0.0;35.0;55.45;0.01;0.0;0;0;0;-227.99;0.0;0.01;0.0;0.0
2019;289;365;beauce_5_sa_021;BTH;;0.27;0.0;12.71;0.0;17.31;55.55;50.54;0.05;0.0;0;10.19;0;-142.58;0.04;0.01;0.0;0.27
2019;213;291;beauce_5_sa_022;solnu;;0.0;0.0;20.83;0.0;0.0;35.0;55.82;0.01;0.0;0;0;0;-231.36;0.0;0.01;0.0;0.0
2019;292;365;beauce_5_sa_022;BTH;;0.27;0.0;12.34;0.0;12.4;56.06;55.44;0.06;0.0;0;7.29;0;-139.2;0.05;0.01;0.0;0.27
2019;213;257;beauce_5_sa_023;solnu;;0.0;0.0;15.54;0.0;0.0;35.0;50.53;0.01;0.0;0;0;0;-172.66;0.0;0.01;0.0;0.0
2019;258;365;beauce_5_sa_023;BTH;;0.32;0.0;17.65;0.0;51.44;50.68;16.4;0.01;0.0;0;30.27;0;-198.06;0.0;0.01;0.0;0.32
2019;213;274;beauce_5_sa_024;solnu;;0.0;0.0;18.84;0.0;0.0;35.0;53.83;0.01;0.0;0;0;0;-209.26;0.0;0.01;0.0;0.0
2019;275;365;beauce_5_sa_024;BTH;;0.28;0.0;14.33;0.0;31.74;53.98;36.1;0.04;0.0;0;18.68;0;-161.33;0.03;0.01;0.0;0.28
2019;213;290;beauce_5_sa_025;solnu;;0.0;0.0;20.66;0.0;0.0;35.0;55.64;0.01;0.0;0;0;0;-230.28;0.0;0.01;0.0;0.0
2019;291;365;beauce_5_sa_025;BTH;;0.27;0.0;12.52;0.0;13.52;55.82;54.31;0.06;0.0;0;7.96;0;-140.34;0.05;0.01;0.0;0.27
2019;213;316;beauce_5_sa_026;solnu;;0.0;0.0;25.56;0.0;0.0;35.0;60.53;0.03;0.0;0;0;0;-284.58;0.02;0.02;0.0;0.0
2019;317;365;beauce_5_sa_026;BTH;;0.27;0.0;7.61;0.0;2.32;60.88;65.51;0.04;0.0;0;1.37;0;-85.96;0.04;0.0;0.0;0.27
2019;213;269;beauce_5_sa_027;solnu;;0.0;0.0;17.92;0.0;0.0;35.0;52.91;0.01;0.0;0;0;0;-198.59;0.0;0.01;0.0;0.0
2019;270;365;beauce_5_sa_027;BTH;;0.33;0.0;15.26;0.0;39.62;53.12;28.19;0.03;0.0;0;23.32;0;-172.02;0.02;0.01;0.0;0.33
2019;213;281;beauce_5_sa_028;solnu;;0.0;0.0;19.64;0.0;0.0;35.0;54.62;0.01;0.0;0;0;0;-219.19;0.0;0.01;0.0;0.0
2019;282;365;beauce_5_sa_028;BTH;;0.25;0.0;13.47;0.0;23.61;54.7;44.18;0.05;0.0;0;13.89;0;-150.53;0.04;0.01;0.0;0.25
2019;213;280;beauce_5_sa_029;solnu;;0.0;0.0;19.61;0.0;0.0;35.0;54.6;0.01;0.0;0;0;0;-217.86;0.0;0.01;0.0;0.0
2019;281;365;beauce_5_sa_029;BTH;;0.27;0.0;13.57;0.0;25.45;54.67;42.4;0.04;0.0;0;14.98;0;-152.73;0.04;0.01;0.0;0.27
2019;213;257;beauce_5_sa_030;solnu;;0.0;0.0;15.54;0.0;0.0;35.0;50.53;0.01;0.0;0;0;0;-172.66;0.0;0.01;0.0;0.0
2019;258;365;beauce_5_sa_030;BTH;;0.33;0.57;17.65;0.0;51.44;50.68;59.4;0.04;0.0;0;30.27;0;-198.06;0.03;0.01;0.57;0.33
2019;213;280;beauce_5_sa_031;solnu;;0.0;0.0;19.63;0.0;0.0;35.0;54.62;0.01;0.0;0;0;0;-218.06;0.0;0.01;0.0;0.0
2019;281;365;beauce_5_sa_031;BTH;;0.27;0.0;13.56;0.0;24.34;54.69;43.52;0.05;0.0;0;14.32;0;-152.64;0.04;0.01;0.0;0.27
2019;213;311;beauce_5_sa_032;solnu;;0.0;0.0;24.47;0.0;0.0;35.0;59.45;0.03;0.0;0;0;0;-271.09;0.01;0.01;0.0;0.0
2019;312;365;beauce_5_sa_032;BTH;;0.27;0.0;8.7;0.0;3.51;59.67;64.32;0.05;0.0;0;2.07;0;-99.46;0.04;0.01;0.0;0.27
2019;213;304;beauce_5_sa_033;solnu;;0.0;0.0;23.09;0.0;0.0;35.0;58.08;0.01;0.0;0;0;0;-256.67;0.0;0.01;0.0;0.0
2019;305;365;beauce_5_sa_033;BTH;;0.26;0.16;10.09;0.0;4.92;58.21;74.76;0.06;0.0;0;2.9;0;-113.9;0.06;0.01;0.16;0.26
2019;213;314;beauce_5_sa_034;solnu;;0.0;0.0;25.19;0.0;0.0;35.0;60.16;0.03;0.0;0;0;0;-279.32;0.02;0.02;0.0;0.0
2019;315;365;beauce_5_sa_034;BTH;;0.27;0.0;7.98;0.0;2.83;60.38;65.0;0.04;0.0;0;1.66;0;-91.23;0.04;0.0;0.0;0.27
2019;213;281;beauce_5_sa_035;solnu;;0.0;0.0;19.65;0.0;0.0;35.0;54.64;0.01;0.0;0;0;0;-219.38;0.0;0.01;0.0;0.0
2019;282;365;beauce_5_sa_035;BTH;;0.25;0.0;13.46;0.0;23.42;54.72;44.39;0.05;0.0;0;13.78;0;-150.52;0.04;0.01;0.0;0.25
2019;213;307;beauce_5_sa_036;solnu;;0.0;0.0;23.76;0.0;0.0;35.0;58.74;0.02;0.0;0;0;0;-262.07;0.01;0.01;0.0;0.0
2019;308;365;beauce_5_sa_036;BTH;;0.27;0.0;9.42;0.0;4.32;58.88;63.51;0.05;0.0;0;2.54;0;-108.48;0.05;0.01;0.0;0.27
2019;213;307;beauce_5_sa_037;solnu;;0.0;0.0;23.76;0.0;0.0;35.0;58.74;0.02;0.0;0;0;0;-262.07;0.01;0.01;0.0;0.0
2019;308;365;beauce_5_sa_037;BTH;;0.27;0.0;9.42;0.0;4.32;58.88;63.51;0.05;0.0;0;2.54;0;-108.47;0.05;0.01;0.0;0.27
2019;213;299;beauce_5_sa_038;solnu;;0.0;0.0;22.23;0.0;0.0;35.0;57.22;0.01;0.0;0;0;0;-247.54;0.0;0.01;0.0;0.0
2019;300;365;beauce_5_sa_038;BTH;;0.24;0.0;10.91;0.0;6.08;57.4;61.75;0.06;0.0;0;3.58;0;-122.57;0.05;0.01;0.0;0.24
2019;213;267;beauce_5_sa_039;solnu;;0.0;0.0;17.46;0.0;0.0;35.0;52.45;0.01;0.0;0;0;0;-191.8;0.0;0.01;0.0;0.0
2019;268;365;beauce_5_sa_039;BTH;;0.32;0.0;15.64;0.0;40.24;52.69;27.5;0.03;0.0;0;23.68;0;-177.9;0.02;0.01;0.0;0.32
2019;213;283;beauce_5_sa_040;solnu;;0.0;0.0;19.94;0.0;0.0;35.0;54.93;0.01;0.0;0;0;0;-221.26;0.0;0.01;0.0;0.0
2019;284;365;beauce_5_sa_040;BTH;;0.27;0.0;13.24;0.0;22.61;55.01;45.24;0.05;0.0;0;13.31;0;-149.32;0.04;0.01;0.0;0.27
2019;213;259;beauce_5_sa_041;solnu;;0.0;0.0;15.83;0.0;0.0;35.0;50.82;0.01;0.0;0;0;0;-175.92;0.0;0.01;0.0;0.0
2019;260;365;beauce_5_sa_041;BTH;;0.32;0.0;17.39;0.0;51.27;50.94;16.62;0.01;0.0;0;30.17;0;-195.23;0.0;0.01;0.0;0.32
2019;213;278;beauce_5_sa_042;solnu;;0.0;0.0;19.36;0.0;0.0;35.0;54.35;0.01;0.0;0;0;0;-215.7;0.0;0.01;0.0;0.0
2019;279;365;beauce_5_sa_042;BTH;;0.28;0.0;13.82;0.0;27.12;54.44;40.73;0.04;0.0;0;15.96;0;-154.89;0.03;0.01;0.0;0.28
2019;213;316;beauce_5_sa_043;solnu;;0.0;0.0;25.56;0.0;0.0;35.0;60.53;0.03;0.0;0;0;0;-284.58;0.02;0.02;0.0;0.0
2019;317;365;beauce_5_sa_043;BTH;;0.27;0.0;7.61;0.0;2.32;60.88;65.51;0.04;0.0;0;1.37;0;-85.96;0.04;0.0;0.0;0.27
2019;213;302;beauce_5_sa_044;solnu;;0.0;0.0;22.76;0.0;0.0;35.0;57.74;0.01;0.0;0;0;0;-253.38;0.0;0.01;0.0;0.0
2019;303;365;beauce_5_sa_044;BTH;;0.3;0.46;10.42;0.0;5.26;57.9;96.77;0.07;0.0;0;3.09;0;-117.16;0.07;0.01;0.46;0.3
2019;213;311;beauce_5_sa_045;solnu;;0.0;0.0;24.47;0.0;0.0;35.0;59.45;0.03;0.0;0;0;0;-271.09;0.01;0.01;0.0;0.0
2019;312;365;beauce_5_sa_045;BTH;;0.27;0.0;8.7;0.0;3.51;59.67;64.32;0.05;0.0;0;2.07;0;-99.46;0.04;0.01;0.0;0.27
2019;213;262;beauce_5_sa_046;solnu;;0.0;0.0;16.32;0.0;0.0;35.0;51.31;0.01;0.0;0;0;0;-180.61;0.0;0.01;0.0;0.0
2019;263;365;beauce_5_sa_046;BTH;;0.32;0.0;16.84;0.0;47.74;51.61;20.07;0.02;0.0;0;28.09;0;-189.74;0.01;0.01;0.0;0.32
2019;213;270;beauce_5_sa_047;solnu;;0.0;0.0;18.13;0.0;0.0;35.0;53.12;0.01;0.0;0;0;0;-200.72;0.0;0.01;0.0;0.0
2019;271;365;beauce_5_sa_047;BTH;;0.34;0.0;15.05;0.0;37.3;53.33;30.5;0.03;0.0;0;21.95;0;-169.9;0.02;0.01;0.0;0.34
2019;213;297;beauce_5_sa_048;solnu;;0.0;0.0;21.98;0.0;0.0;35.0;56.97;0.01;0.0;0;0;0;-243.58;0.0;0.01;0.0;0.0
2019;298;365;beauce_5_sa_048;BTH;;0.3;0.38;11.2;0.0;7.14;57.12;88.98;0.07;0.0;0;4.2;0;-126.97;0.06;0.01;0.38;0.3
2019;213;267;beauce_5_sa_049;solnu;;0.0;0.0;17.49;0.0;0.0;35.0;52.48;0.01;0.0;0;0;0;-192.08;0.0;0.01;0.0;0.0
2019;268;365;beauce_5_sa_049;BTH;;0.32;0.72;15.65;0.0;40.05;52.72;81.6;0.04;0.0;0;23.57;0;-178.09;0.03;0.01;0.72;0.32
2019;213;263;beauce_5_sa_050;solnu;;0.0;0.0;16.65;0.0;0.0;35.0;51.64;0.01;0.0;0;0;0;-182.99;0.0;0.01;0.0;0.0
2019;264;365;beauce_5_sa_050;BTH;;0.32;0.0;16.58;0.0;45.88;51.77;21.99;0.02;0.0;0;27.0;0;-188.15;0.01;0.01;0.0;0.32
2019;213;283;beauce_5_sa_051;solnu;;0.0;0.0;19.94;0.0;0.0;35.0;54.93;0.01;0.0;0;0;0;-221.26;0.0;0.01;0.0;0.0
2019;284;365;beauce_5_sa_051;BTH;;0.27;0.0;13.23;0.0;22.47;55.01;45.37;0.05;0.0;0;13.22;0;-149.29;0.04;0.01;0.0;0.27
2019;213;268;beauce_5_sa_052;solnu;;0.0;0.0;17.73;0.0;0.0;35.0;52.72;0.01;0.0;0;0;0;-195.91;0.0;0.01;0.0;0.0
2019;269;365;beauce_5_sa_052;BTH;;0.4;1.25;15.45;0.0;40.84;52.91;120.71;0.06;0.0;0;24.03;0;-174.68;0.05;0.01;1.25;0.4
2019;213;285;beauce_5_sa_053;solnu;;0.0;0.0;20.11;0.0;0.0;35.0;55.1;0.01;0.0;0;0;0;-224.25;0.0;0.01;0.0;0.0
2019;286;365;beauce_5_sa_053;BTH;;0.27;0.0;13.06;0.0;20.49;55.27;47.36;0.05;0.0;0;12.06;0;-146.32;0.04;0.01;0.0;0.27
2019;213;257;beauce_5_sa_054;solnu;;0.0;0.0;15.54;0.0;0.0;35.0;50.53;0.01;0.0;0;0;0;-172.66;0.0;0.01;0.0;0.0
2019;258;365;beauce_5_sa_054;BTH;;0.32;0.0;17.65;0.0;51.44;50.68;16.4;0.01;0.0;0;30.27;0;-198.06;0.0;0.01;0.0;0.32
2019;213;270;beauce_5_sa_055;solnu;;0.0;0.0;18.13;0.0;0.0;35.0;53.12;0.01;0.0;0;0;0;-200.72;0.0;0.01;0.0;0.0
2019;271;365;beauce_5_sa_055;BTH;;0.42;0.72;15.05;0.0;37.3;53.33;84.27;0.06;0.0;0;21.95;0;-169.9;0.05;0.01;0.72;0.42
2019;213;263;beauce_5_sa_056;solnu;;0.0;0.0;16.61;0.0;0.0;35.0;51.6;0.01;0.0;0;0;0;-182.59;0.0;0.01;0.0;0.0
2019;264;365;beauce_5_sa_056;BTH;;0.32;0.0;16.52;0.0;45.46;51.73;22.32;0.02;0.0;0;26.75;0;-187.4;0.01;0.01;0.0;0.32
2019;213;300;beauce_5_sa_057;solnu;;0.0;0.0;22.45;0.0;0.0;35.0;57.44;0.01;0.0;0;0;0;-249.35;0.0;0.01;0.0;0.0
2019;301;365;beauce_5_sa_057;BTH;;0.26;0.0;10.72;0.0;5.61;57.61;62.23;0.06;0.0;0;3.3;0;-121.19;0.05;0.01;0.0;0.26
2019;213;258;beauce_5_sa_058;solnu;;0.0;0.0;15.71;0.0;0.0;35.0;50.7;0.01;0.0;0;0;0;-174.2;0.0;0.01;0.0;0.0
2019;259;365;beauce_5_sa_058;BTH;;0.32;0.0;17.52;0.0;51.29;50.82;16.6;0.01;0.0;0;30.18;0;-196.97;0.0;0.01;0.0;0.32
2019;213;307;beauce_5_sa_059;solnu;;0.0;0.0;23.76;0.0;0.0;35.0;58.74;0.02;0.0;0;0;0;-262.07;0.01;0.01;0.0;0.0
2019;308;365;beauce_5_sa_059;BTH;;0.27;0.0;9.42;0.0;4.32;58.88;63.51;0.05;0.0;0;2.54;0;-108.47;0.05;0.01;0.0;0.27
2019;213;296;beauce_5_sa_060;solnu;;0.0;0.0;21.75;0.0;0.0;35.0;56.73;0.01;0.0;0;0;0;-241.54;0.0;0.01;0.0;0.0
2019;297;365;beauce_5_sa_060;BTH;;0.26;0.0;11.42;0.0;7.6;56.96;60.24;0.06;0.0;0;4.47;0;-128.97;0.05;0.01;0.0;0.26
2019;213;268;beauce_5_sa_061;solnu;;0.0;0.0;17.73;0.0;0.0;35.0;52.72;0.01;0.0;0;0;0;-195.91;0.0;0.01;0.0;0.0
2019;269;365;beauce_5_sa_061;BTH;;0.32;0.0;15.42;0.0;39.36;52.91;28.43;0.03;0.0;0;23.16;0;-174.4;0.02;0.01;0.0;0.32
2019;213;310;beauce_5_sa_062;solnu;;0.0;0.0;24.2;0.0;0.0;35.0;59.18;0.02;0.0;0;0;0;-269.01;0.01;0.01;0.0;0.0
2019;311;365;beauce_5_sa_062;BTH;;0.27;0.0;8.97;0.0;3.78;59.44;64.05;0.05;0.0;0;2.23;0;-101.53;0.05;0.01;0.0;0.27
2019;213;273;beauce_5_sa_063;solnu;;0.0;0.0;18.68;0.0;0.0;35.0;53.67;0.01;0.0;0;0;0;-207.21;0.0;0.01;0.0;0.0
2019;274;365;beauce_5_sa_063;BTH;;0.29;0.0;14.5;0.0;33.72;53.83;34.13;0.04;0.0;0;19.84;0;-163.39;0.03;0.01;0.0;0.29
2019;213;291;beauce_5_sa_064;solnu;;0.0;0.0;20.83;0.0;0.0;35.0;55.82;0.01;0.0;0;0;0;-231.36;0.0;0.01;0.0;0.0
2019;292;365;beauce_5_sa_064;BTH;;0.27;0.0;12.34;0.0;12.4;56.06;55.44;0.06;0.0;0;7.29;0;-139.2;0.05;0.01;0.0;0.27
2019;213;298;beauce_5_sa_065;solnu;;0.0;0.0;22.13;0.0;0.0;35.0;57.12;0.01;0.0;0;0;0;-246.18;0.0;0.01;0.0;0.0
2019;299;365;beauce_5_sa_065;BTH;;0.27;0.0;11.04;0.0;6.68;57.25;61.16;0.06;0.0;0;3.93;0;-124.4;0.05;0.01;0.0;0.27
2019;213;282;beauce_5_sa_066;solnu;;0.0;0.0;19.76;0.0;0.0;35.0;54.74;0.01;0.0;0;0;0;-220.42;0.0;0.01;0.0;0.0
2019;283;365;beauce_5_sa_066;BTH;;0.28;0.0;13.43;0.0;22.47;54.93;45.37;0.05;0.0;0;13.23;0;-150.21;0.04;0.01;0.0;0.28
2019;213;313;beauce_5_sa_067;solnu;;0.0;0.0;24.94;0.0;0.0;35.0;59.91;0.03;0.0;0;0;0;-276.56;0.01;0.01;0.0;0.0
2019;314;365;beauce_5_sa_067;BTH;;0.26;0.0;8.24;0.0;3.0;60.16;64.84;0.05;0.0;0;1.76;0;-93.95;0.04;0.0;0.0;0.26
2019;213;305;beauce_5_sa_068;solnu;;0.0;0.0;23.22;0.0;0.0;35.0;58.2;0.01;0.0;0;0;0;-258.57;0.0;0.01;0.0;0.0
2019;306;365;beauce_5_sa_068;BTH;;0.27;0.0;9.96;0.0;4.79;58.38;63.04;0.06;0.0;0;2.82;0;-111.97;0.05;0.01;0.0;0.27
2019;213;290;beauce_5_sa_069;solnu;;0.0;0.0;20.66;0.0;0.0;35.0;55.64;0.01;0.0;0;0;0;-230.28;0.0;0.01;0.0;0.0
2019;291;365;beauce_5_sa_069;BTH;;0.27;0.5;12.52;0.0;13.52;55.82;54.31;0.06;0.0;0;7.96;0;-140.34;0.05;0.01;0.5;0.27
2019;213;266;beauce_5_sa_070;solnu;;0.0;0.0;17.15;0.0;0.0;35.0;52.14;0.01;0.0;0;0;0;-190.14;0.0;0.01;0.0;0.0
2019;267;365;beauce_5_sa_070;BTH;;0.36;1.13;16.02;0.0;43.19;52.48;109.03;0.06;0.0;0;25.41;0;-180.4;0.05;0.01;1.13;0.36
2019;213;305;beauce_5_sa_071;solnu;;0.0;0.0;23.22;0.0;0.0;35.0;58.2;0.01;0.0;0;0;0;-258.57;0.0;0.01;0.0;0.0
2019;306;365;beauce_5_sa_071;BTH;;0.26;0.0;9.96;0.0;4.79;58.38;63.05;0.06;0.0;0;2.82;0;-111.97;0.05;0.01;0.0;0.26
2019;213;297;beauce_5_sa_072;solnu;;0.0;0.0;21.98;0.0;0.0;35.0;56.96;0.01;0.0;0;0;0;-243.55;0.0;0.01;0.0;0.0
2019;298;365;beauce_5_sa_072;BTH;;0.26;0.0;11.19;0.0;7.14;57.12;60.7;0.06;0.0;0;4.2;0;-126.94;0.05;0.01;0.0;0.26
2019;213;316;beauce_5_sa_073;solnu;;0.0;0.0;25.56;0.0;0.0;35.0;60.53;0.03;0.0;0;0;0;-284.58;0.02;0.02;0.0;0.0
2019;317;365;beauce_5_sa_073;BTH;;0.27;0.0;7.61;0.0;2.32;60.88;65.51;0.04;0.0;0;1.37;0;-85.96;0.04;0.0;0.0;0.27
2019;213;302;beauce_5_sa_074;solnu;;0.0;0.0;22.76;0.0;0.0;35.0;57.74;0.01;0.0;0;0;0;-253.38;0.0;0.01;0.0;0.0
2019;303;365;beauce_5_sa_074;BTH;;0.27;0.0;10.42;0.0;5.26;57.9;62.58;0.06;0.0;0;3.09;0;-117.16;0.05;0.01;0.0;0.27
2019;213;257;beauce_5_sa_075;solnu;;0.0;0.0;15.54;0.0;0.0;35.0;50.53;0.01;0.0;0;0;0;-172.66;0.0;0.01;0.0;0.0
2019;258;365;beauce_5_sa_075;BTH;;0.32;0.0;17.65;0.0;51.44;50.68;16.4;0.01;0.0;0;30.27;0;-198.06;0.0;0.01;0.0;0.32
2019;213;265;beauce_5_sa_076;solnu;;0.0;0.0;16.98;0.0;0.0;35.0;51.97;0.01;0.0;0;0;0;-187.68;0.0;0.01;0.0;0.0
2019;266;365;beauce_5_sa_076;BTH;;0.32;0.0;16.19;0.0;44.25;52.14;23.57;0.02;0.0;0;26.04;0;-182.82;0.01;0.01;0.0;0.32
2019;213;265;beauce_5_sa_077;solnu;;0.0;0.0;16.98;0.0;0.0;35.0;51.97;0.01;0.0;0;0;0;-187.68;0.0;0.01;0.0;0.0
2019;266;365;beauce_5_sa_077;BTH;;0.32;0.0;16.19;0.0;44.25;52.14;23.57;0.02;0.0;0;26.04;0;-182.82;0.01;0.01;0.0;0.32
2019;213;287;beauce_5_sa_078;solnu;;0.0;0.0;20.34;0.0;0.0;35.0;55.33;0.01;0.0;0;0;0;-226.96;0.0;0.01;0.0;0.0
2019;288;365;beauce_5_sa_078;BTH;;0.25;0.0;12.8;0.0;18.43;55.44;49.41;0.05;0.0;0;10.84;0;-143.27;0.04;0.01;0.0;0.25
2019;213;276;beauce_5_sa_079;solnu;;0.0;0.0;19.06;0.0;0.0;35.0;54.05;0.01;0.0;0;0;0;-212.65;0.0;0.01;0.0;0.0
2019;277;365;beauce_5_sa_079;BTH;;0.27;0.0;14.1;0.0;28.29;54.25;39.54;0.04;0.0;0;16.65;0;-157.77;0.03;0.01;0.0;0.27
2019;213;273;beauce_5_sa_080;solnu;;0.0;0.0;18.68;0.0;0.0;35.0;53.67;0.01;0.0;0;0;0;-207.17;0.0;0.01;0.0;0.0
2019;274;365;beauce_5_sa_080;BTH;;0.27;0.0;14.47;0.0;32.23;53.83;35.6;0.04;0.0;0;18.96;0;-163.07;0.03;0.01;0.0;0.27
2019;213;262;beauce_5_sa_081;solnu;;0.0;0.0;16.32;0.0;0.0;35.0;51.31;0.01;0.0;0;0;0;-180.61;0.0;0.01;0.0;0.0
2019;263;365;beauce_5_sa_081;BTH;;0.32;0.0;16.84;0.0;47.74;51.61;20.07;0.02;0.0;0;28.09;0;-189.74;0.01;0.01;0.0;0.32
2019;213;274;beauce_5_sa_082;solnu;;0.0;0.0;18.84;0.0;0.0;35.0;53.83;0.01;0.0;0;0;0;-209.26;0.0;0.01;0.0;0.0
2019;275;365;beauce_5_sa_082;BTH;;0.28;0.0;14.33;0.0;31.74;53.98;36.1;0.04;0.0;0;18.68;0;-161.33;0.03;0.01;0.0;0.28
2019;213;275;beauce_5_sa_083;solnu;;0.0;0.0;18.99;0.0;0.0;35.0;53.98;0.01;0.0;0;0;0;-211.05;0.0;0.01;0.0;0.0
2019;276;365;beauce_5_sa_083;BTH;;0.29;0.0;14.19;0.0;30.31;54.05;37.53;0.04;0.0;0;17.84;0;-159.56;0.03;0.01;0.0;0.29
2019;213;262;beauce_5_sa_084;solnu;;0.0;0.0;16.32;0.0;0.0;35.0;51.31;0.01;0.0;0;0;0;-180.61;0.0;0.01;0.0;0.0
2019;263;365;beauce_5_sa_084;BTH;;0.32;0.0;16.84;0.0;47.74;51.61;20.07;0.02;0.0;0;28.09;0;-189.74;0.01;0.01;0.0;0.32
2019;213;260;beauce_5_sa_085;solnu;;0.0;0.0;15.93;0.0;0.0;35.0;50.92;0.01;0.0;0;0;0;-177.11;0.0;0.01;0.0;0.0
2019;261;365;beauce_5_sa_085;BTH;;0.33;0.0;17.38;0.0;51.15;51.12;16.81;0.01;0.0;0;30.1;0;-194.94;0.0;0.01;0.0;0.33
2019;213;275;beauce_5_sa_086;solnu;;0.0;0.0;18.99;0.0;0.0;35.0;53.98;0.01;0.0;0;0;0;-211.05;0.0;0.01;0.0;0.0
2019;276;365;beauce_5_sa_086;BTH;;0.29;0.0;14.19;0.0;30.31;54.05;37.53;0.04;0.0;0;17.84;0;-159.56;0.03;0.01;0.0;0.29
2019;213;306;beauce_5_sa_087;solnu;;0.0;0.0;23.4;0.0;0.0;35.0;58.38;0.02;0.0;0;0;0;-260.05;0.0;0.01;0.0;0.0
2019;307;365;beauce_5_sa_087;BTH;;0.27;0.0;9.78;0.0;4.5;58.74;63.33;0.06;0.0;0;2.65;0;-110.5;0.05;0.01;0.0;0.27
2019;213;293;beauce_5_sa_088;solnu;;0.0;0.0;21.23;0.0;0.0;35.0;56.22;0.01;0.0;0;0;0;-235.78;0.0;0.01;0.0;0.0
2019;294;365;beauce_5_sa_088;BTH;;0.24;0.0;11.91;0.0;9.37;56.37;58.46;0.06;0.0;0;5.51;0;-134.39;0.05;0.01;0.0;0.24
2019;213;269;beauce_5_sa_089;solnu;;0.0;0.0;17.9;0.0;0.0;35.0;52.89;0.01;0.0;0;0;0;-198.39;0.0;0.01;0.0;0.0
2019;270;365;beauce_5_sa_089;BTH;;0.41;1.08;15.21;0.0;37.45;53.1;111.39;0.06;0.0;0;22.04;0;-171.43;0.06;0.01;1.08;0.41
2019;213;307;beauce_5_sa_090;solnu;;0.0;0.0;23.76;0.0;0.0;35.0;58.74;0.02;0.0;0;0;0;-262.07;0.01;0.01;0.0;0.0
2019;308;365;beauce_5_sa_090;BTH;;0.27;0.0;9.42;0.0;4.32;58.88;63.51;0.05;0.0;0;2.54;0;-108.48;0.05;0.01;0.0;0.27
2019;213;285;beauce_5_sa_091;solnu;;0.0;0.0;20.11;0.0;0.0;35.0;55.1;0.01;0.0;0;0;0;-224.25;0.0;0.01;0.0;0.0
2019;286;365;beauce_5_sa_091;BTH;;0.27;0.0;13.06;0.0;20.49;55.27;47.36;0.05;0.0;0;12.06;0;-146.32;0.04;0.01;0.0;0.27
2019;213;265;beauce_5_sa_092;solnu;;0.0;0.0;16.98;0.0;0.0;35.0;51.97;0.01;0.0;0;0;0;-187.68;0.0;0.01;0.0;0.0
2019;266;365;beauce_5_sa_092;BTH;;0.32;0.0;16.18;0.0;43.23;52.14;24.57;0.02;0.0;0;25.44;0;-182.62;0.01;0.01;0.0;0.32
2019;213;258;beauce_5_sa_093;solnu;;0.0;0.0;15.69;0.0;0.0;35.0;50.68;0.01;0.0;0;0;0;-173.98;0.0;0.01;0.0;0.0
2019;259;365;beauce_5_sa_093;BTH;;0.33;0.63;17.49;0.0;51.13;50.8;64.03;0.04;0.0;0;30.09;0;-196.6;0.03;0.01;0.63;0.33
2019;213;282;beauce_5_sa_094;solnu;;0.0;0.0;19.72;0.0;0.0;35.0;54.71;0.01;0.0;0;0;0;-220.04;0.0;0.01;0.0;0.0
2019;283;365;beauce_5_sa_094;BTH;;0.25;0.0;13.39;0.0;21.61;54.89;46.19;0.05;0.0;0;12.72;0;-149.79;0.04;0.01;0.0;0.25
2019;213;296;beauce_5_sa_095;solnu;;0.0;0.0;21.75;0.0;0.0;35.0;56.74;0.01;0.0;0;0;0;-241.55;0.0;0.01;0.0;0.0
2019;297;365;beauce_5_sa_095;BTH;;0.28;0.23;11.43;0.0;7.6;56.97;77.78;0.07;0.0;0;4.47;0;-128.99;0.06;0.01;0.23;0.28
2019;213;270;beauce_5_sa_096;solnu;;0.0;0.0;18.13;0.0;0.0;35.0;53.12;0.01;0.0;0;0;0;-200.71;0.0;0.01;0.0;0.0
2019;271;365;beauce_5_sa_096;BTH;;0.33;0.0;15.03;0.0;35.85;53.33;31.93;0.03;0.0;0;21.1;0;-169.62;0.02;0.01;0.0;0.33
2019;213;312;beauce_5_sa_097;solnu;;0.0;0.0;24.7;0.0;0.0;35.0;59.67;0.03;0.0;0;0;0;-274.08;0.01;0.01;0.0;0.0
2019;313;365;beauce_5_sa_097;BTH;;0.27;0.0;8.48;0.0;3.33;59.91;64.51;0.05;0.0;0;1.96;0;-96.47;0.04;0.01;0.0;0.27
2019;213;288;beauce_5_sa_098;solnu;;0.0;0.0;20.47;0.0;0.0;35.0;55.45;0.01;0.0;0;0;0;-227.99;0.0;0.01;0.0;0.0
2019;289;365;beauce_5_sa_098;BTH;;0.27;0.0;12.71;0.0;17.31;55.55;50.54;0.05;0.0;0;10.19;0;-142.58;0.04;0.01;0.0;0.27
2019;213;292;beauce_5_sa_099;solnu;;0.0;0.0;21.07;0.0;0.0;35.0;56.06;0.01;0.0;0;0;0;-233.33;0.0;0.01;0.0;0.0
2019;293;365;beauce_5_sa_099;BTH;;0.27;0.0;12.11;0.0;10.9;56.24;56.94;0.06;0.0;0;6.41;0;-137.22;0.05;0.01;0.0;0.27
2020;1;189;beauce_5_sa_000;BTH;;4.88;1.03;44.26;0.0;220.75;133.96;29.23;0.14;0.0;0;137.19;0;-492.53;0.12;0.03;1.03;4.88
2020;190;292;beauce_5_sa_000;solnu;;0.0;0.0;41.08;-18.5;0.0;29.23;51.77;0.03;0.0;0;0;0;-374.25;0.02;0.02;0.0;0.0
2020;293;366;beauce_5_sa_000;BTH;;0.98;1.05;11.33;-37.07;1.04;52.0;103.72;0.02;0.0;0;0.61;0;-82.86;0.02;0.0;1.05;0.98
2020;1;200;beauce_5_sa_001;BTH;;2.99;0.6;50.37;0.0;120.83;48.35;19.63;0.07;0.0;0;82.57;0;-560.92;0.04;0.03;0.6;2.99
2020;201;287;beauce_5_sa_001;solnu;;0.0;0.0;40.19;-20.38;0.0;19.63;39.41;0.03;0.0;0;0;0;-376.5;0.02;0.02;0.0;0.0
2020;288;366;beauce_5_sa_001;BTH;;1.65;0.0;12.17;-41.41;0.0;39.59;15.46;0.0;0.0;0;0.0;0;-171.21;0.0;0.0;0.0;1.65
2020;1;180;beauce_5_sa_002;BTH;;1.35;1.67;42.95;0.0;75.96;16.59;107.24;0.12;0.0;0;74.83;0;-475.91;0.09;0.03;1.67;1.35
2020;181;258;beauce_5_sa_002;solnu;;0.36;0.0;42.55;-117.89;0.0;107.24;31.47;0.08;0.0;0;0;0;-312.04;0.07;0.01;0.0;0.36
2020;259;366;beauce_5_sa_002;BTH;;3.48;0.0;21.75;26.33;41.42;31.97;34.59;0.04;0.0;0;24.37;0;-10.14;0.01;0.03;0.0;3.48
2020;1;210;beauce_5_sa_003;BTH;;1.6;0.0;57.45;0.0;49.14;23.01;29.69;0.04;0.0;0;55.27;0;-640.28;0.01;0.03;0.0;1.6
2020;211;265;beauce_5_sa_003;solnu;;0.21;0.0;31.11;-50.45;0.0;29.69;10.1;0.04;0.0;0;0;0;-295.34;0.03;0.01;0.0;0.21
2020;266;366;beauce_5_sa_003;BTH;;1.36;0.0;19.07;-23.67;0.0;10.06;8.76;0.0;0.0;0;0.0;0;-103.78;0.0;0.0;0.0;1.36
2020;1;231;beauce_5_sa_004;BTH;;5.39;0.41;62.33;0.0;164.74;120.83;43.41;0.11;0.0;0;98.52;0;-695.1;0.07;0.04;0.41;5.39
2020;232;316;beauce_5_sa_004;solnu;;0.35;0.0;32.07;-45.77;0.0;43.41;32.1;0.03;0.0;0;0;0;-333.43;0.03;0.01;0.0;0.35
2020;317;366;beauce_5_sa_004;BTH;;3.16;0.74;6.55;-29.86;1.92;32.09;61.03;0.04;0.0;0;1.13;0;-26.91;0.04;0.0;0.74;3.16
2020;1;214;beauce_5_sa_005;BTH;;1.27;0.97;62.41;0.0;80.18;16.41;69.61;0.09;0.0;0;77.42;0;-693.52;0.05;0.04;0.97;1.27
2020;215;257;beauce_5_sa_005;solnu;;0.59;0.0;26.66;-75.52;0.0;69.61;21.55;0.07;0.0;0;0;0;-219.87;0.07;0.0;0.0;0.59
2020;258;366;beauce_5_sa_005;BTH;;2.93;0.0;21.86;-18.46;2.24;21.63;19.77;0.0;0.0;0;1.32;0;10.62;0.0;0.0;0.0;2.93
2020;1;223;beauce_5_sa_006;BTH;;3.6;0.17;59.98;0.0;102.69;63.33;29.58;0.07;0.0;0;63.08;0;-667.66;0.04;0.04;0.17;3.6
2020;224;307;beauce_5_sa_006;solnu;;1.16;0.0;34.78;-44.13;0.0;29.58;20.82;0.03;0.0;0;0;0;-350.02;0.02;0.01;0.0;1.16
2020;308;366;beauce_5_sa_006;BTH;;1.72;0.0;8.08;-15.03;0.0;20.82;19.32;0.0;0.0;0;0.0;0;-118.38;0.0;0.0;0.0;1.72
2020;1;173;beauce_5_sa_007;BTH;;2.1;0.14;38.54;0.0;149.24;117.75;15.0;0.11;0.0;0;110.91;0;-428.93;0.08;0.02;0.14;2.1
2020;174;269;beauce_5_sa_007;solnu;;0.0;0.0;47.12;-47.8;0.0;15.0;15.25;0.03;0.0;0;0;0;-446.47;0.01;0.02;0.0;0.0
2020;270;366;beauce_5_sa_007;BTH;;1.55;1.19;17.85;-19.89;0.72;15.68;101.24;0.01;0.0;0;0.42;0;-29.77;0.01;0.0;1.19;1.55
2020;1;206;beauce_5_sa_008;BTH;;3.47;2.17;52.15;0.0;134.2;60.24;136.97;0.08;0.0;0;83.44;0;-580.11;0.05;0.03;2.17;3.47
2020;207;297;beauce_5_sa_008;solnu;;1.88;0.0;40.29;-101.93;0.0;136.97;73.3;0.16;0.0;0;0;0;-352.69;0.14;0.01;0.0;1.88
2020;298;366;beauce_5_sa_008;BTH;;4.11;0.0;10.28;-12.12;6.66;71.73;60.66;0.03;0.0;0;3.92;0;33.37;0.02;0.01;0.0;4.11
2020;1;199;beauce_5_sa_009;BTH;;2.72;2.97;51.0;0.0;102.11;43.2;212.01;0.08;0.0;0;74.59;0;-568.37;0.05;0.03;2.97;2.72
2020;200;281;beauce_5_sa_009;solnu;;1.42;0.0;39.67;-112.09;0.0;212.01;138.01;0.17;0.0;0;0;0;-207.54;0.15;0.01;0.0;1.42
2020;282;366;beauce_5_sa_009;BTH;;6.89;0.0;14.05;17.95;29.64;138.49;133.35;0.12;0.0;0;17.44;0;-1.66;0.1;0.02;0.0;6.89
2020;1;221;beauce_5_sa_010;BTH;;4.9;0.0;57.41;0.0;137.06;121.38;36.73;0.1;0.0;0;83.75;0;-638.43;0.06;0.03;0.0;4.9
2020;222;303;beauce_5_sa_010;solnu;;0.34;0.0;35.41;-20.77;0.0;36.73;50.99;0.04;0.0;0;0;0;-331.69;0.02;0.01;0.0;0.34
2020;304;366;beauce_5_sa_010;BTH;;2.56;0.79;8.87;-44.87;1.01;51.2;76.48;0.01;0.0;0;0.59;0;-142.25;0.01;0.0;0.79;2.56
2020;1;181;beauce_5_sa_011;BTH;;3.51;2.84;41.47;0.0;124.21;62.92;187.64;0.09;0.0;0;75.99;0;-460.16;0.06;0.02;2.84;3.51
2020;182;305;beauce_5_sa_011;solnu;;1.65;0.0;50.78;-18.97;0.0;187.64;217.74;0.19;0.0;0;0;0;-478.55;0.17;0.02;0.0;1.65
2020;306;366;beauce_5_sa_011;BTH;;6.78;0.0;8.56;-93.85;3.72;217.97;121.88;0.07;0.0;0;2.19;0;-23.95;0.07;0.0;0.0;6.78
2020;1;200;beauce_5_sa_012;BTH;;3.65;0.0;50.26;0.0;91.88;65.01;19.68;0.06;0.0;0;55.73;0;-559.89;0.03;0.03;0.0;3.65
2020;201;315;beauce_5_sa_012;solnu;;1.17;0.0;45.5;-52.7;0.0;19.68;18.43;0.02;0.0;0;0;0;-505.49;0.01;0.01;0.0;1.17
2020;316;366;beauce_5_sa_012;BTH;;1.51;0.0;6.66;-8.1;0.0;18.31;16.88;0.0;0.0;0;0.0;0;-42.93;0.0;0.0;0.0;1.51
2020;1;180;beauce_5_sa_013;BTH;;4.45;1.66;40.75;0.0;145.2;61.15;75.11;0.1;0.0;0;89.38;0;-452.57;0.07;0.02;1.66;4.45
2020;181;299;beauce_5_sa_013;solnu;;0.48;0.0;49.3;-18.74;0.0;75.11;105.28;0.12;0.0;0;0;0;-460.14;0.09;0.02;0.0;0.48
2020;300;366;beauce_5_sa_013;BTH;;3.88;0.0;9.81;-68.11;0.0;105.52;43.13;0.0;0.0;0;0.0;0;-31.92;0.0;0.0;0.0;3.88
2020;1;170;beauce_5_sa_014;BTH;;3.59;1.74;35.72;0.0;104.88;63.51;49.33;0.07;0.0;0;64.26;0;-395.81;0.05;0.02;1.74;3.59
2020;171;308;beauce_5_sa_014;solnu;;2.46;0.0;58.99;-106.95;0.0;49.33;69.34;0.16;0.0;0;0;0;-519.55;0.14;0.02;0.0;2.46
2020;309;366;beauce_5_sa_014;BTH;;4.39;0.0;7.98;-0.44;3.21;69.17;69.24;0.03;0.0;0;1.89;0;10.23;0.03;0.01;0.0;4.39
2020;1;181;beauce_5_sa_015;BTH;;1.35;1.65;43.56;0.0;75.13;16.4;107.31;0.12;0.0;0;74.48;0;-482.14;0.1;0.03;1.65;1.35
2020;182;258;beauce_5_sa_015;solnu;;0.37;0.0;42.12;-20.51;0.0;107.31;128.43;0.11;0.0;0;0;0;-399.85;0.09;0.02;0.0;0.37
2020;259;366;beauce_5_sa_015;BTH;;3.7;0.0;21.48;-92.4;24.96;128.78;28.83;0.02;0.0;0;14.69;0;-4.9;0.01;0.01;0.0;3.7
2020;1;183;beauce_5_sa_016;BTH;;2.39;1.42;44.43;0.0;160.61;33.46;21.35;0.11;0.0;0;114.69;0;-480.95;0.09;0.03;1.42;2.39
2020;184;272;beauce_5_sa_016;solnu;;0.0;0.0;43.35;-51.94;0.0;21.35;17.01;0.02;0.0;0;0;0;-404.99;0.01;0.01;0.0;0.0
2020;273;366;beauce_5_sa_016;BTH;;1.51;0.0;16.73;-15.99;0.0;16.88;16.25;0.0;0.0;0;0.0;0;26.85;0.0;0.0;0.0;1.51
2020;1;224;beauce_5_sa_017;BTH;;3.65;1.45;55.71;0.0;197.74;65.51;28.28;0.1;0.0;0;117.72;0;-620.08;0.06;0.03;1.45;3.65
2020;225;317;beauce_5_sa_017;solnu;;0.0;0.0;36.24;-19.07;0.0;28.28;45.41;0.04;0.0;0;0;0;-328.56;0.03;0.01;0.0;0.0
2020;318;366;beauce_5_sa_017;BTH;;0.98;0.0;6.49;-33.19;0.0;45.53;21.46;0.0;0.0;0;0.0;0;-76.97;0.0;0.0;0.0;0.98
2020;1;226;beauce_5_sa_018;BTH;;2.26;1.49;70.48;0.0;141.1;112.3;150.82;0.29;0.02;0;110.87;0;-783.39;0.25;0.04;1.49;2.26
2020;227;263;beauce_5_sa_018;solnu;;1.41;0.0;21.64;-66.37;0.0;150.82;104.59;0.09;0.0;0;0;0;-204.2;0.08;0.0;0.0;1.41
2020;264;366;beauce_5_sa_018;BTH;;8.74;1.23;19.95;-43.94;11.41;98.45;152.27;0.06;0.0;0;6.72;0;45.04;0.05;0.01;1.23;8.74
2020;1;211;beauce_5_sa_019;BTH;;3.51;2.3;53.94;0.0;115.92;62.92;169.55;0.08;0.0;0;71.1;0;-600.86;0.05;0.03;2.3;3.51
2020;212;305;beauce_5_sa_019;solnu;;2.4;0.0;40.39;-20.54;0.0;169.55;186.81;0.19;0.0;0;0;0;-380.01;0.17;0.02;0.0;2.4
2020;306;366;beauce_5_sa_019;BTH;;5.7;0.0;8.54;-92.57;3.72;187.04;93.3;0.06;0.0;0;2.19;0;-18.72;0.06;0.0;0.0;5.7
2020;1;203;beauce_5_sa_020;BTH;;3.49;1.18;51.92;0.0;123.49;69.7;82.77;0.09;0.0;0;85.89;0;-579.39;0.06;0.03;1.18;3.49
2020;204;283;beauce_5_sa_020;solnu;;0.77;0.0;38.66;-20.4;0.0;82.77;100.15;0.11;0.0;0;0;0;-360.09;0.1;0.01;0.0;0.77
2020;284;366;beauce_5_sa_020;BTH;;3.93;0.33;13.36;-82.64;11.42;100.58;40.0;0.02;0.0;0;6.72;0;-14.01;0.02;0.0;0.33;3.93
2020;1;176;beauce_5_sa_021;BTH;;3.09;0.0;39.71;0.0;70.6;50.53;16.51;0.05;0.0;0;51.73;0;-442.8;0.03;0.02;0.0;3.09
2020;177;289;beauce_5_sa_021;solnu;;0.76;0.0;51.14;-20.59;0.0;16.51;46.25;0.05;0.0;0;0;0;-493.29;0.02;0.02;0.0;0.76
2020;290;366;beauce_5_sa_021;BTH;;2.04;0.0;11.87;-41.54;0.0;46.47;18.19;0.01;0.0;0;0.0;0;-114.8;0.0;0.0;0.0;2.04
2020;1;194;beauce_5_sa_022;BTH;;3.28;0.0;48.55;0.0;83.49;55.44;17.16;0.06;0.0;0;56.42;0;-540.01;0.03;0.03;0.0;3.28
2020;195;292;beauce_5_sa_022;solnu;;0.91;0.0;43.4;-21.37;0.0;17.16;38.25;0.03;0.0;0;0;0;-417.45;0.02;0.02;0.0;0.91
2020;293;366;beauce_5_sa_022;BTH;;1.73;0.0;11.23;-37.58;0.0;38.47;17.05;0.0;0.0;0;0.0;0;-147.97;0.0;0.0;0.0;1.73
2020;1;212;beauce_5_sa_023;BTH;;1.34;1.11;60.25;0.0;77.69;16.4;80.59;0.12;0.0;0;75.98;0;-668.83;0.09;0.04;1.11;1.34
2020;213;258;beauce_5_sa_023;solnu;;0.5;0.0;28.12;-21.74;0.0;80.59;86.37;0.11;0.0;0;0;0;-270.53;0.1;0.01;0.0;0.5
2020;259;366;beauce_5_sa_023;BTH;;3.13;0.0;21.34;-79.83;4.5;86.67;20.24;0.0;0.0;0;2.65;0;-43.73;0.0;0.0;0.0;3.13
2020;1;193;beauce_5_sa_024;BTH;;2.33;2.51;48.87;0.0;137.63;36.1;132.97;0.13;0.0;0;99.66;0;-540.16;0.1;0.03;2.51;2.33
2020;194;275;beauce_5_sa_024;solnu;;0.0;0.0;40.14;-19.67;0.0;132.97;153.29;0.15;0.0;0;0;0;-374.88;0.13;0.02;0.0;0.0
2020;276;366;beauce_5_sa_024;BTH;;4.69;0.0;15.61;-91.24;28.92;153.59;44.03;0.02;0.0;0;17.01;0;-29.67;0.02;0.0;0.0;4.69
2020;1;185;beauce_5_sa_025;BTH;;4.32;2.02;43.98;0.0;170.41;54.31;73.74;0.12;0.0;0;108.24;0;-489.91;0.1;0.03;2.02;4.32
2020;186;291;beauce_5_sa_025;solnu;;0.0;0.0;44.1;-18.61;0.0;73.74;99.38;0.09;0.0;0;0;0;-403.98;0.07;0.02;0.0;0.0
2020;292;366;beauce_5_sa_025;BTH;;3.27;0.0;11.61;-63.18;3.0;99.7;41.59;0.02;0.0;0;1.77;0;-45.62;0.02;0.0;0.0;3.27
2020;1;204;beauce_5_sa_026;BTH;;3.69;1.9;49.01;0.0;160.72;65.51;92.51;0.08;0.0;0;95.94;0;-546.39;0.06;0.03;1.9;3.69
2020;205;317;beauce_5_sa_026;solnu;;0.0;0.0;43.09;-46.26;0.0;92.51;89.21;0.13;0.0;0;0;0;-396.22;0.11;0.02;0.0;0.0
2020;318;366;beauce_5_sa_026;BTH;;2.41;0.0;6.51;-53.93;0.0;86.34;39.37;0.0;0.0;0;0.0;0;2.8;0.0;0.0;0.0;2.41
2020;1;186;beauce_5_sa_027;BTH;;1.9;0.0;46.2;0.0;56.57;28.19;15.88;0.04;0.0;0;56.61;0;-514.1;0.01;0.03;0.0;1.9
2020;187;270;beauce_5_sa_027;solnu;;0.13;0.0;41.58;-21.0;0.0;15.88;36.29;0.03;0.0;0;0;0;-395.63;0.01;0.02;0.0;0.13
2020;271;366;beauce_5_sa_027;BTH;;1.5;0.0;17.34;-46.26;0.0;36.79;10.38;0.01;0.0;0;0.0;0;-156.89;0.01;0.0;0.0;1.5
2020;1;219;beauce_5_sa_028;BTH;;2.49;0.76;59.97;0.0;129.32;44.18;29.32;0.07;0.0;0;89.99;0;-666.99;0.03;0.04;0.76;2.49
2020;220;282;beauce_5_sa_028;solnu;;0.05;0.0;31.7;-55.26;0.0;29.32;15.03;0.02;0.0;0;0;0;-344.9;0.02;0.0;0.0;0.05
2020;283;366;beauce_5_sa_028;BTH;;1.59;0.0;13.53;-13.38;0.0;15.05;13.59;0.0;0.0;0;0.0;0;23.16;0.0;0.0;0.0;1.59
2020;1;206;beauce_5_sa_029;BTH;;2.39;1.82;53.05;0.0;188.83;42.4;40.3;0.1;0.0;0;126.09;0;-589.25;0.07;0.03;1.82;2.39
2020;207;281;beauce_5_sa_029;solnu;;0.0;0.0;37.4;-18.71;0.0;40.3;58.91;0.07;0.0;0;0;0;-339.28;0.06;0.01;0.0;0.0
2020;282;366;beauce_5_sa_029;BTH;;1.72;0.0;13.84;-52.08;0.0;59.15;19.24;0.0;0.0;0;0.0;0;-40.82;0.0;0.0;0.0;1.72
2020;1;174;beauce_5_sa_030;BTH;;1.42;1.54;40.05;0.0;150.95;59.4;62.22;0.12;0.0;0;119.09;0;-441.48;0.1;0.02;1.54;1.42
2020;175;258;beauce_5_sa_030;solnu;;0.01;0.0;45.08;-18.21;0.0;62.22;88.99;0.09;0.0;0;0;0;-414.89;0.07;0.02;0.0;0.01
2020;259;366;beauce_5_sa_030;BTH;;2.42;0.57;21.52;-85.47;11.0;89.34;54.62;0.03;0.0;0;6.47;0;12.28;0.03;0.0;0.57;2.42
2020;1;182;beauce_5_sa_031;BTH;;2.73;0.0;42.54;0.0;70.35;43.52;12.93;0.05;0.0;0;55.72;0;-471.71;0.02;0.03;0.0;2.73
2020;183;281;beauce_5_sa_031;solnu;;0.58;0.0;47.24;-53.77;0.0;12.93;12.48;0.01;0.0;0;0;0;-520.82;0.0;0.01;0.0;0.58
2020;282;366;beauce_5_sa_031;BTH;;1.31;0.0;13.76;-13.76;0.0;12.34;11.17;0.0;0.0;0;0.0;0;-37.66;0.0;0.0;0.0;1.31
2020;1;206;beauce_5_sa_032;BTH;;3.63;0.0;52.26;0.0;92.91;64.32;19.97;0.06;0.0;0;56.74;0;-581.38;0.03;0.03;0.0;3.63
2020;207;312;beauce_5_sa_032;solnu;;1.05;0.0;43.26;-21.12;0.0;19.97;41.04;0.04;0.0;0;0;0;-414.71;0.02;0.02;0.0;1.05
2020;313;366;beauce_5_sa_032;BTH;;1.61;0.0;7.14;-32.75;0.0;41.14;17.92;0.0;0.0;0;0.0;0;-114.16;0.0;0.0;0.0;1.61
2020;1;215;beauce_5_sa_033;BTH;;3.76;0.59;55.47;0.0;141.01;74.76;29.49;0.08;0.0;0;85.87;0;-616.01;0.05;0.03;0.59;3.76
2020;216;305;beauce_5_sa_033;solnu;;1.02;0.0;38.5;-48.06;0.0;29.49;22.07;0.04;0.0;0;0;0;-390.11;0.02;0.01;0.0;1.02
2020;306;366;beauce_5_sa_033;BTH;;1.83;0.16;8.48;-20.31;1.01;22.07;24.27;0.0;0.0;0;0.59;0;-89.45;0.0;0.0;0.16;1.83
2020;1;217;beauce_5_sa_034;BTH;;3.66;0.76;56.7;0.0;114.72;65.0;60.1;0.07;0.0;0;69.17;0;-629.85;0.03;0.03;0.76;3.66
2020;218;315;beauce_5_sa_034;solnu;;1.39;0.0;39.34;-20.68;0.0;60.1;77.27;0.11;0.0;0;0;0;-371.77;0.09;0.02;0.0;1.39
2020;316;366;beauce_5_sa_034;BTH;;2.49;0.0;6.7;-54.75;0.0;77.42;27.71;0.0;0.0;0;0.0;0;-46.71;0.0;0.0;0.0;2.49
2020;1;221;beauce_5_sa_035;BTH;;2.8;0.0;60.22;0.0;72.04;44.39;29.71;0.06;0.0;0;56.17;0;-669.84;0.02;0.04;0.0;2.8
2020;222;282;beauce_5_sa_035;solnu;;0.73;0.0;30.87;-54.68;0.0;29.71;13.25;0.02;0.0;0;0;0;-360.82;0.02;0.0;0.0;0.73
2020;283;366;beauce_5_sa_035;BTH;;1.41;0.0;13.51;-13.61;0.0;13.25;11.95;0.0;0.0;0;0.0;0;-21.19;0.0;0.0;0.0;1.41
2020;1;201;beauce_5_sa_036;BTH;;3.6;2.59;49.51;0.0;151.03;63.51;152.22;0.09;0.0;0;91.41;0;-553.21;0.06;0.03;2.59;3.6
2020;202;308;beauce_5_sa_036;solnu;;0.46;0.0;43.17;-19.43;0.0;152.22;175.33;0.17;0.0;0;0;0;-397.8;0.15;0.02;0.0;0.46
2020;309;366;beauce_5_sa_036;BTH;;5.37;0.0;7.94;-93.95;3.21;175.42;80.69;0.05;0.0;0;1.89;0;-23.16;0.05;0.0;0.0;5.37
2020;1;224;beauce_5_sa_037;BTH;;3.58;0.53;60.43;0.0;112.24;63.51;47.81;0.07;0.0;0;68.59;0;-673.06;0.04;0.04;0.53;3.58
2020;225;308;beauce_5_sa_037;solnu;;1.38;0.0;34.59;-45.83;0.0;47.81;35.12;0.07;0.0;0;0;0;-325.91;0.06;0.01;0.0;1.38
2020;309;366;beauce_5_sa_037;BTH;;2.11;0.0;7.89;-21.1;0.0;33.02;23.43;0.0;0.0;0;0.0;0;-78.7;0.0;0.0;0.0;2.11
2020;1;224;beauce_5_sa_038;BTH;;3.51;1.26;58.72;0.0;167.86;61.75;43.34;0.1;0.0;0;102.35;0;-653.82;0.06;0.04;1.26;3.51
2020;225;300;beauce_5_sa_038;solnu;;0.0;0.0;33.08;-60.53;0.0;43.34;19.58;0.03;0.0;0;0;0;-312.79;0.03;0.01;0.0;0.0
2020;301;366;beauce_5_sa_038;BTH;;1.62;0.0;9.55;-9.69;0.0;19.58;18.0;0.0;0.0;0;0.0;0;6.9;0.0;0.0;0.0;1.62
2020;1;216;beauce_5_sa_039;BTH;;1.8;0.0;59.93;0.0;55.0;27.5;30.59;0.05;0.0;0;56.04;0;-666.79;0.01;0.04;0.0;1.8
2020;217;268;beauce_5_sa_039;solnu;;0.21;0.0;28.79;-55.74;0.0;30.59;9.22;0.01;0.0;0;0;0;-295.8;0.01;0.0;0.0;0.21
2020;269;366;beauce_5_sa_039;BTH;;1.23;0.0;18.12;-16.44;0.24;9.32;9.43;0.0;0.0;0;0.14;0;-21.27;0.0;0.0;0.0;1.23
2020;1;217;beauce_5_sa_040;BTH;;3.16;1.21;57.72;0.0;156.77;45.24;33.52;0.1;0.0;0;105.56;0;-639.95;0.07;0.03;1.21;3.16
2020;218;284;beauce_5_sa_040;solnu;;0.0;0.0;33.4;-20.18;0.0;33.52;46.69;0.04;0.0;0;0;0;-309.93;0.03;0.01;0.0;0.0
2020;285;366;beauce_5_sa_040;BTH;;1.93;0.0;12.92;-41.14;0.0;47.1;21.5;0.0;0.0;0;0.0;0;-116.42;0.0;0.0;0.0;1.93
2020;1;215;beauce_5_sa_041;BTH;;1.36;2.52;64.26;0.0;131.54;16.62;136.18;0.18;0.0;0;107.57;0;-712.78;0.14;0.04;2.52;1.36
2020;216;260;beauce_5_sa_041;solnu;;0.96;0.0;27.08;-116.37;0.0;136.18;45.81;0.12;0.0;0;0;0;-153.93;0.12;0.0;0.0;0.96
2020;261;366;beauce_5_sa_041;BTH;;6.36;0.0;21.09;18.96;26.39;45.68;53.07;0.04;0.0;0;15.53;0;52.78;0.01;0.02;0.0;6.36
2020;1;188;beauce_5_sa_042;BTH;;2.61;1.74;46.1;0.0;142.76;40.73;71.41;0.12;0.0;0;99.96;0;-512.43;0.09;0.03;1.74;2.61
2020;189;279;beauce_5_sa_042;solnu;;0.0;0.0;42.95;-19.27;0.0;71.41;94.97;0.11;0.0;0;0;0;-396.78;0.09;0.02;0.0;0.0
2020;280;366;beauce_5_sa_042;BTH;;2.71;0.0;14.31;-73.14;7.47;95.16;26.01;0.0;0.0;0;4.39;0;-8.59;0.0;0.0;0.0;2.71
2020;1;203;beauce_5_sa_043;BTH;;3.89;2.07;46.08;0.0;236.16;65.51;26.26;0.1;0.0;0;140.33;0;-515.14;0.08;0.03;2.07;3.89
2020;204;317;beauce_5_sa_043;solnu;;0.0;0.0;41.75;-17.27;0.0;26.26;50.7;0.04;0.0;0;0;0;-368.96;0.02;0.02;0.0;0.0
2020;318;366;beauce_5_sa_043;BTH;;0.21;0.0;6.52;-33.0;0.0;50.82;25.37;0.0;0.0;0;0.0;0;-44.04;0.0;0.0;0.0;0.21
2020;1;179;beauce_5_sa_044;BTH;;4.58;1.07;40.15;0.0;179.26;96.77;31.73;0.1;0.0;0;108.58;0;-446.8;0.08;0.02;1.07;4.58
2020;180;303;beauce_5_sa_044;solnu;;0.0;0.0;48.77;-17.92;0.0;31.73;62.69;0.06;0.0;0;0;0;-446.47;0.04;0.02;0.0;0.0
2020;304;366;beauce_5_sa_044;BTH;;2.51;0.46;8.94;-65.23;3.49;62.9;36.63;0.01;0.0;0;2.06;0;-78.53;0.01;0.0;0.46;2.51
2020;1;179;beauce_5_sa_045;BTH;;3.63;1.81;40.52;0.0;125.97;64.32;108.93;0.08;0.0;0;76.19;0;-450.46;0.06;0.02;1.81;3.63
2020;180;312;beauce_5_sa_045;solnu;;0.99;0.0;52.44;-18.69;0.0;108.93;141.66;0.16;0.0;0;0;0;-493.75;0.13;0.02;0.0;0.99
2020;313;366;beauce_5_sa_045;BTH;;4.37;0.0;7.19;-92.89;1.64;141.77;49.93;0.02;0.0;0;0.96;0;-16.48;0.02;0.0;0.0;4.37
2020;1;196;beauce_5_sa_046;BTH;;1.45;1.95;53.53;0.0;120.99;20.07;96.87;0.13;0.0;0;99.29;0;-593.47;0.1;0.03;1.95;1.45
2020;197;263;beauce_5_sa_046;solnu;;0.02;0.0;36.59;-20.17;0.0;96.87;113.15;0.13;0.0;0;0;0;-342.51;0.11;0.01;0.0;0.02
2020;264;366;beauce_5_sa_046;BTH;;3.71;0.0;19.87;-93.84;10.51;113.59;24.95;0.01;0.0;0;6.18;0;-8.36;0.01;0.0;0.0;3.71
2020;1;206;beauce_5_sa_047;BTH;;1.99;0.0;54.69;0.0;59.07;30.5;24.08;0.04;0.0;0;56.71;0;-607.75;0.01;0.03;0.0;1.99
2020;207;271;beauce_5_sa_047;solnu;;0.18;0.0;34.18;-21.84;0.0;24.08;36.21;0.03;0.0;0;0;0;-327.16;0.02;0.01;0.0;0.18
2020;272;366;beauce_5_sa_047;BTH;;1.73;0.0;16.87;-42.4;0.0;36.53;12.18;0.01;0.0;0;0.0;0;-171.43;0.01;0.0;0.0;1.73
2020;1;189;beauce_5_sa_048;BTH;;4.29;0.0;46.04;0.0;106.95;88.98;22.2;0.07;0.0;0;67.13;0;-511.32;0.05;0.03;0.0;4.29
2020;190;298;beauce_5_sa_048;solnu;;1.2;0.0;46.14;-20.88;0.0;22.2;46.7;0.04;0.0;0;0;0;-443.68;0.02;0.02;0.0;1.2
2020;299;366;beauce_5_sa_048;BTH;;2.21;0.38;9.94;-53.29;2.18;46.94;33.38;0.01;0.0;0;1.28;0;-141.94;0.01;0.0;0.38;2.21
2020;1;214;beauce_5_sa_049;BTH;;2.0;0.65;61.4;0.0;153.54;81.6;36.09;0.12;0.0;0;113.91;0;-682.12;0.09;0.04;0.65;2.0
2020;215;268;beauce_5_sa_049;solnu;;0.0;0.0;30.33;-51.25;0.0;36.09;17.01;0.04;0.0;0;0;0;-287.93;0.04;0.01;0.0;0.0
2020;269;366;beauce_5_sa_049;BTH;;2.27;0.72;18.19;-19.17;1.01;17.52;66.84;0.02;0.0;0;0.59;0;-0.16;0.01;0.0;0.72;2.27
2020;1;177;beauce_5_sa_050;BTH;;1.55;0.0;40.95;0.0;48.18;21.99;13.18;0.03;0.0;0;55.35;0;-456.42;0.01;0.02;0.0;1.55
2020;178;264;beauce_5_sa_050;solnu;;0.11;0.0;44.8;-55.16;0.0;13.18;8.49;0.02;0.0;0;0;0;-469.68;0.01;0.01;0.0;0.11
2020;265;366;beauce_5_sa_050;BTH;;1.16;0.0;19.53;-16.64;1.19;8.81;9.02;0.0;0.0;0;0.7;0;-39.89;0.0;0.0;0.0;1.16
2020;1;174;beauce_5_sa_051;BTH;;2.86;0.0;38.56;0.0;65.44;45.37;14.09;0.05;0.0;0;51.73;0;-425.91;0.02;0.02;0.0;2.86
2020;175;284;beauce_5_sa_051;solnu;;0.72;0.0;51.38;-42.43;0.0;14.09;22.49;0.05;0.0;0;0;0;-499.6;0.02;0.02;0.0;0.72
2020;285;366;beauce_5_sa_051;BTH;;1.93;0.0;12.96;-21.8;0.0;20.95;15.97;0.0;0.0;0;0.0;0;-116.49;0.0;0.0;0.0;1.93
2020;1;215;beauce_5_sa_052;BTH;;3.12;2.08;61.45;0.0;157.48;120.71;177.21;0.17;0.0;0;116.7;0;-681.27;0.14;0.04;2.08;3.12
2020;216;269;beauce_5_sa_052;solnu;;0.0;0.0;29.92;-20.05;0.0;177.21;186.9;0.17;0.0;0;0;0;-277.65;0.16;0.01;0.0;0.0
2020;270;366;beauce_5_sa_052;BTH;;9.65;1.25;17.78;-82.08;40.53;187.3;166.17;0.11;0.0;0;23.85;0;-0.59;0.1;0.01;1.25;9.65
2020;1;179;beauce_5_sa_053;BTH;;2.95;0.0;40.9;0.0;69.42;47.36;14.41;0.05;0.0;0;52.9;0;-454.09;0.02;0.02;0.0;2.95
2020;180;286;beauce_5_sa_053;solnu;;0.69;0.0;49.54;-20.92;0.0;14.41;42.56;0.04;0.0;0;0;0;-481.24;0.02;0.02;0.0;0.69
2020;287;366;beauce_5_sa_053;BTH;;1.82;0.0;12.41;-41.0;0.0;42.82;15.93;0.0;0.0;0;0.0;0;-135.48;0.0;0.0;0.0;1.82
2020;1;180;beauce_5_sa_054;BTH;;1.26;3.23;43.41;0.0;133.91;16.4;166.13;0.19;0.0;0;109.07;0;-480.73;0.17;0.03;3.23;1.26
2020;181;258;beauce_5_sa_054;solnu;;0.12;0.0;43.46;-18.91;0.0;166.13;190.43;0.13;0.0;0;0;0;-401.47;0.12;0.02;0.0;0.12
2020;259;366;beauce_5_sa_054;BTH;;7.96;0.0;21.51;-80.25;59.34;190.77;64.32;0.06;0.0;0;34.92;0;7.61;0.04;0.01;0.0;7.96
2020;1;212;beauce_5_sa_055;BTH;;2.9;1.19;58.3;0.0;128.71;84.27;99.86;0.12;0.0;0;97.69;0;-647.11;0.08;0.03;1.19;2.9
2020;213;271;beauce_5_sa_055;solnu;;0.01;0.0;32.42;-20.7;0.0;99.86;111.46;0.12;0.0;0;0;0;-303.24;0.11;0.01;0.0;0.01
2020;272;366;beauce_5_sa_055;BTH;;5.9;0.72;16.97;-83.4;11.4;111.77;81.53;0.07;0.0;0;6.71;0;-4.37;0.07;0.0;0.72;5.9
2020;1;181;beauce_5_sa_056;BTH;;1.52;1.53;43.32;0.0;116.62;22.32;62.19;0.08;0.0;0;95.37;0;-479.44;0.05;0.03;1.53;1.52
2020;182;264;beauce_5_sa_056;solnu;;0.0;0.0;44.06;-94.42;0.0;62.19;11.8;0.05;0.0;0;0;0;-301.52;0.04;0.01;0.0;0.0
2020;265;366;beauce_5_sa_056;BTH;;1.61;0.0;19.77;-5.6;6.86;11.8;17.49;0.01;0.0;0;4.04;0;34.13;0.0;0.01;0.0;1.61
2020;1;193;beauce_5_sa_057;BTH;;3.53;0.37;47.83;0.0;117.01;62.23;17.38;0.07;0.0;0;72.15;0;-529.45;0.04;0.03;0.37;3.53
2020;194;301;beauce_5_sa_057;solnu;;1.08;0.0;45.38;-45.74;0.0;17.38;17.97;0.03;0.0;0;0;0;-468.17;0.01;0.02;0.0;1.08
2020;302;366;beauce_5_sa_057;BTH;;1.49;0.0;9.31;-15.9;0.0;17.97;16.51;0.0;0.0;0;0.0;0;-108.96;0.0;0.0;0.0;1.49
2020;1;192;beauce_5_sa_058;BTH;;1.29;0.21;50.87;0.0;57.05;16.6;24.77;0.04;0.0;0;63.75;0;-565.66;0.01;0.03;0.21;1.29
2020;193;259;beauce_5_sa_058;solnu;;0.16;0.0;37.3;-56.32;0.0;24.77;9.25;0.03;0.0;0;0;0;-376.38;0.02;0.01;0.0;0.16
2020;260;366;beauce_5_sa_058;BTH;;1.27;0.0;21.1;-20.33;0.0;9.25;9.08;0.0;0.0;0;0.0;0;-25.95;0.0;0.0;0.0;1.27
2020;1;171;beauce_5_sa_059;BTH;;3.58;1.88;36.49;0.0;74.04;63.51;20.82;0.05;0.0;0;46.11;0;-399.71;0.03;0.02;1.88;3.58
2020;172;308;beauce_5_sa_059;solnu;;2.82;0.0;58.26;-39.83;0.0;20.82;177.55;0.2;0.0;0;0;0;-566.69;0.17;0.03;0.0;2.82
2020;309;366;beauce_5_sa_059;BTH;;6.31;0.0;7.94;-59.0;3.21;175.78;116.9;0.06;0.0;0;1.89;0;-16.58;0.06;0.0;0.0;6.31
2020;1;188;beauce_5_sa_060;BTH;;3.47;0.0;45.75;0.0;84.89;60.24;17.58;0.06;0.0;0;54.42;0;-508.77;0.03;0.03;0.0;3.47
2020;189;297;beauce_5_sa_060;solnu;;1.22;0.0;46.77;-47.38;0.0;17.58;18.3;0.03;0.0;0;0;0;-477.15;0.01;0.02;0.0;1.22
2020;298;366;beauce_5_sa_060;BTH;;1.52;0.0;10.17;-13.6;0.0;18.3;16.84;0.0;0.0;0;0.0;0;-93.28;0.0;0.0;0.0;1.52
2020;1;170;beauce_5_sa_061;BTH;;1.72;1.2;36.33;0.0;143.1;28.43;10.05;0.07;0.0;0;107.37;0;-402.39;0.05;0.02;1.2;1.72
2020;171;269;beauce_5_sa_061;solnu;;0.0;0.0;49.42;-49.6;0.0;10.05;10.26;0.04;0.0;0;0;0;-460.43;0.02;0.02;0.0;0.0
2020;270;366;beauce_5_sa_061;BTH;;1.07;0.0;17.82;-20.31;0.0;10.26;9.24;0.0;0.0;0;0.0;0;-65.83;0.0;0.0;0.0;1.07
2020;1;191;beauce_5_sa_062;BTH;;3.52;1.67;45.96;0.0;125.88;64.05;104.62;0.06;0.0;0;76.3;0;-512.16;0.03;0.03;1.67;3.52
2020;192;311;beauce_5_sa_062;solnu;;0.42;0.0;46.9;-93.35;0.0;104.62;57.73;0.14;0.0;0;0;0;-422.14;0.12;0.02;0.0;0.42
2020;312;366;beauce_5_sa_062;BTH;;3.86;0.0;7.33;-18.34;0.0;56.45;42.86;0.0;0.0;0;0.0;0;13.18;0.0;0.0;0.0;3.86
2020;1;198;beauce_5_sa_063;BTH;;2.23;0.9;51.23;0.0;82.05;34.13;68.42;0.06;0.0;0;68.12;0;-570.43;0.03;0.03;0.9;2.23
2020;199;274;beauce_5_sa_063;solnu;;0.69;0.0;37.95;-21.11;0.0;68.42;84.46;0.1;0.0;0;0;0;-357.63;0.09;0.01;0.0;0.69
2020;275;366;beauce_5_sa_063;BTH;;2.7;0.0;15.86;-71.13;4.5;84.8;22.17;0.01;0.0;0;2.65;0;-50.89;0.0;0.0;0.0;2.7
2020;1;176;beauce_5_sa_064;BTH;;3.28;0.0;39.67;0.0;73.75;55.44;18.03;0.05;0.0;0;50.69;0;-442.3;0.03;0.02;0.0;3.28
2020;177;292;beauce_5_sa_064;solnu;;1.05;0.0;51.69;-20.51;0.0;18.03;48.11;0.05;0.0;0;0;0;-497.54;0.03;0.02;0.0;1.05
2020;293;366;beauce_5_sa_064;BTH;;2.08;0.0;11.26;-40.88;0.0;48.34;20.54;0.01;0.0;0;0.0;0;-122.12;0.0;0.0;0.0;2.08
2020;1;229;beauce_5_sa_065;BTH;;3.44;0.0;63.65;0.0;88.28;61.15;33.01;0.07;0.0;0;55.88;0;-706.8;0.04;0.04;0.0;3.44
2020;230;299;beauce_5_sa_065;solnu;;1.25;0.0;29.75;-41.36;0.0;33.01;20.11;0.04;0.0;0;0;0;-286.56;0.03;0.01;0.0;1.25
2020;300;366;beauce_5_sa_065;BTH;;1.66;0.0;9.7;-17.57;0.0;20.05;18.45;0.0;0.0;0;0.0;0;-153.08;0.0;0.0;0.0;1.66
2020;1;174;beauce_5_sa_066;BTH;;2.85;0.89;38.58;0.0;69.96;45.37;76.39;0.05;0.0;0;54.39;0;-426.07;0.02;0.02;0.89;2.85
2020;175;283;beauce_5_sa_066;solnu;;0.94;0.0;51.04;-19.71;0.0;76.39;106.75;0.12;0.0;0;0;0;-490.06;0.1;0.02;0.0;0.94
2020;284;366;beauce_5_sa_066;BTH;;3.68;0.0;13.39;-72.46;11.91;107.18;32.06;0.01;0.0;0;7.01;0;-45.62;0.01;0.0;0.0;3.68
2020;1;177;beauce_5_sa_067;BTH;;3.66;1.27;39.16;0.0;172.32;64.84;22.3;0.09;0.0;0;103.16;0;-437.14;0.07;0.02;1.27;3.66
2020;178;314;beauce_5_sa_067;solnu;;0.0;0.0;51.8;-52.79;0.0;22.3;25.55;0.04;0.0;0;0;0;-512.4;0.02;0.02;0.0;0.0
2020;315;366;beauce_5_sa_067;BTH;;2.07;0.0;6.89;-8.04;0.0;25.55;23.52;0.0;0.0;0;0.0;0;-26.76;0.0;0.0;0.0;2.07
2020;1;208;beauce_5_sa_068;BTH;;3.55;0.76;52.86;0.0;124.29;63.04;44.93;0.08;0.0;0;75.95;0;-590.12;0.04;0.03;0.76;3.55
2020;209;306;beauce_5_sa_068;solnu;;1.23;0.0;41.59;-20.22;0.0;44.93;65.0;0.08;0.0;0;0;0;-388.4;0.07;0.02;0.0;1.23
2020;307;366;beauce_5_sa_068;BTH;;2.2;0.0;8.32;-49.15;0.0;65.22;24.49;0.0;0.0;0;0.0;0;-71.22;0.0;0.0;0.0;2.2
2020;1;224;beauce_5_sa_069;BTH;;3.66;0.91;59.86;0.0;180.88;91.81;35.1;0.12;0.0;0;114.4;0;-666.59;0.09;0.04;0.91;3.66
2020;225;291;beauce_5_sa_069;solnu;;0.0;0.0;31.05;-19.98;0.0;35.1;46.13;0.03;0.0;0;0;0;-285.34;0.02;0.01;0.0;0.0
2020;292;366;beauce_5_sa_069;BTH;;2.17;0.5;11.52;-38.44;0.54;46.44;58.21;0.01;0.0;0;0.32;0;-108.63;0.01;0.0;0.5;2.17
2020;1;192;beauce_5_sa_070;BTH;;2.64;1.15;50.3;0.0;148.05;109.03;94.46;0.13;0.0;0;112.53;0;-559.34;0.1;0.03;1.15;2.64
2020;193;267;beauce_5_sa_070;solnu;;0.0;0.0;39.85;-19.12;0.0;94.46;115.08;0.11;0.0;0;0;0;-364.67;0.1;0.02;0.0;0.0
2020;268;366;beauce_5_sa_070;BTH;;4.95;1.13;18.4;-85.2;14.99;115.32;112.73;0.09;0.0;0;8.82;0;-47.87;0.09;0.0;1.13;4.95
2020;1;224;beauce_5_sa_071;BTH;;4.09;1.71;57.42;0.0;204.5;63.04;39.54;0.13;0.0;0;123.16;0;-639.28;0.09;0.03;1.71;4.09
2020;225;306;beauce_5_sa_071;solnu;;0.0;0.0;34.34;-43.6;0.0;39.54;30.23;0.05;0.0;0;0;0;-309.54;0.04;0.01;0.0;0.0
2020;307;366;beauce_5_sa_071;BTH;;1.94;0.0;8.34;-12.19;0.0;29.17;26.84;0.0;0.0;0;0.0;0;-51.0;0.0;0.0;0.0;1.94
2020;1;226;beauce_5_sa_072;BTH;;3.48;0.0;61.73;0.0;87.95;60.7;30.93;0.07;0.0;0;55.95;0;-685.76;0.03;0.04;0.0;3.48
2020;227;298;beauce_5_sa_072;solnu;;1.29;0.0;31.55;-46.04;0.0;30.93;18.02;0.03;0.0;0;0;0;-333.11;0.02;0.01;0.0;1.29
2020;299;366;beauce_5_sa_072;BTH;;1.49;0.0;9.9;-15.43;0.0;18.02;16.55;0.0;0.0;0;0.0;0;-102.64;0.0;0.0;0.0;1.49
2020;1;217;beauce_5_sa_073;BTH;;5.27;1.16;53.82;0.0;164.24;65.51;36.25;0.11;0.0;0;98.01;0;-597.68;0.08;0.03;1.16;5.27
2020;218;317;beauce_5_sa_073;solnu;;0.0;0.0;39.45;-19.61;0.0;36.25;56.05;0.04;0.0;0;0;0;-365.3;0.02;0.02;0.0;0.0
2020;318;366;beauce_5_sa_073;BTH;;2.19;0.0;6.48;-33.48;0.0;56.17;31.29;0.0;0.0;0;0.0;0;-102.44;0.0;0.0;0.0;2.19
2020;1;227;beauce_5_sa_074;BTH;;3.55;0.0;62.38;0.0;90.47;62.57;30.87;0.07;0.0;0;56.33;0;-690.44;0.03;0.04;0.0;3.55
2020;228;303;beauce_5_sa_074;solnu;;1.23;0.0;31.79;-21.93;0.0;30.87;39.45;0.04;0.0;0;0;0;-307.8;0.03;0.01;0.0;1.23
2020;304;366;beauce_5_sa_074;BTH;;1.65;0.0;8.86;-35.08;0.0;39.65;18.36;0.0;0.0;0;0.0;0;-134.01;0.0;0.0;0.0;1.65
2020;1;177;beauce_5_sa_075;BTH;;1.34;0.27;41.42;0.0;58.74;16.4;17.64;0.03;0.0;0;64.83;0;-461.49;0.01;0.02;0.27;1.34
2020;178;258;beauce_5_sa_075;solnu;;0.14;0.0;43.42;-20.63;0.0;17.64;40.23;0.04;0.0;0;0;0;-411.12;0.03;0.02;0.0;0.14
2020;259;366;beauce_5_sa_075;BTH;;1.18;0.0;21.33;-55.8;0.0;40.58;7.64;0.0;0.0;0;0.0;0;-141.28;0.0;0.0;0.0;1.18
2020;1;202;beauce_5_sa_076;BTH;;1.63;0.0;53.92;0.0;50.18;23.57;25.62;0.04;0.0;0;55.57;0;-601.39;0.01;0.03;0.0;1.63
2020;203;266;beauce_5_sa_076;solnu;;0.16;0.0;34.31;-21.87;0.0;25.62;37.87;0.04;0.0;0;0;0;-327.63;0.03;0.01;0.0;0.16
2020;267;366;beauce_5_sa_076;BTH;;1.25;0.0;18.67;-51.43;0.0;38.29;8.13;0.0;0.0;0;0.0;0;-119.82;0.0;0.0;0.0;1.25
2020;1;206;beauce_5_sa_077;BTH;;1.58;3.03;57.61;0.0;126.86;23.57;179.68;0.13;0.0;0;100.69;0;-639.16;0.09;0.03;3.03;1.58
2020;207;266;beauce_5_sa_077;solnu;;0.05;0.0;33.29;-20.48;0.0;179.68;192.27;0.17;0.0;0;0;0;-311.48;0.16;0.01;0.0;0.05
2020;267;366;beauce_5_sa_077;BTH;;7.73;0.0;18.79;-84.02;53.58;192.69;65.65;0.07;0.0;0;31.53;0;-6.73;0.06;0.01;0.0;7.73
2020;1;201;beauce_5_sa_078;BTH;;2.82;1.04;49.76;0.0;153.75;49.4;20.36;0.09;0.0;0;101.32;0;-555.72;0.06;0.03;1.04;2.82
2020;202;288;beauce_5_sa_078;solnu;;0.0;0.0;39.8;-51.89;0.0;20.36;14.38;0.02;0.0;0;0;0;-414.49;0.01;0.01;0.0;0.0
2020;289;366;beauce_5_sa_078;BTH;;1.15;0.0;12.04;-13.23;0.0;14.38;13.27;0.0;0.0;0;0.0;0;-14.99;0.0;0.0;0.0;1.15
2020;1;216;beauce_5_sa_079;BTH;;2.52;0.0;58.21;0.0;66.4;39.54;28.78;0.05;0.0;0;55.72;0;-647.96;0.02;0.03;0.0;2.52
2020;217;277;beauce_5_sa_079;solnu;;0.61;0.0;31.95;-48.4;0.0;28.78;12.67;0.03;0.0;0;0;0;-306.5;0.02;0.01;0.0;0.61
2020;278;366;beauce_5_sa_079;BTH;;1.38;0.0;14.78;-20.22;0.0;12.67;11.31;0.0;0.0;0;0.0;0;-117.5;0.0;0.0;0.0;1.38
2020;1;230;beauce_5_sa_080;BTH;;2.27;1.12;67.25;0.0;115.49;35.6;68.55;0.13;0.0;0;86.92;0;-747.28;0.09;0.04;1.12;2.27
2020;231;274;beauce_5_sa_080;solnu;;0.95;0.0;23.23;-72.08;0.0;68.55;20.82;0.05;0.0;0;0;0;-218.63;0.05;0.0;0.0;0.95
2020;275;366;beauce_5_sa_080;BTH;;2.26;0.0;15.81;-16.09;0.0;21.13;18.58;0.0;0.0;0;0.0;0;12.94;0.0;0.0;0.0;2.26
2020;1;202;beauce_5_sa_081;BTH;;1.5;1.11;54.39;0.0;67.66;20.07;88.32;0.07;0.0;0;67.91;0;-606.61;0.04;0.03;1.11;1.5
2020;203;263;beauce_5_sa_081;solnu;;0.28;0.0;33.43;-21.64;0.0;88.32;99.73;0.1;0.0;0;0;0;-318.07;0.09;0.01;0.0;0.28
2020;264;366;beauce_5_sa_081;BTH;;2.84;0.0;19.87;-88.55;9.01;100.15;19.18;0.01;0.0;0;5.3;0;-35.78;0.01;0.0;0.0;2.84
2020;1;215;beauce_5_sa_082;BTH;;2.34;2.21;58.44;0.0;132.8;36.1;125.06;0.14;0.0;0;96.82;0;-648.16;0.1;0.04;2.21;2.34
2020;216;275;beauce_5_sa_082;solnu;;0.26;0.0;31.94;-20.76;0.0;125.06;135.82;0.16;0.0;0;0;0;-300.66;0.15;0.01;0.0;0.26
2020;276;366;beauce_5_sa_082;BTH;;4.81;0.0;15.59;-90.61;16.43;136.11;39.54;0.01;0.0;0;9.67;0;14.7;0.01;0.0;0.0;4.81
2020;1;199;beauce_5_sa_083;BTH;;2.45;1.48;51.46;0.0;109.1;37.53;88.19;0.06;0.0;0;82.03;0;-573.2;0.03;0.03;1.48;2.45
2020;200;276;beauce_5_sa_083;solnu;;0.11;0.0;38.25;-20.62;0.0;88.19;105.59;0.12;0.0;0;0;0;-358.75;0.11;0.01;0.0;0.11
2020;277;366;beauce_5_sa_083;BTH;;3.5;0.0;15.31;-77.99;10.42;106.05;28.98;0.01;0.0;0;6.13;0;-67.67;0.01;0.0;0.0;3.5
2020;1;192;beauce_5_sa_084;BTH;;1.5;0.0;49.76;0.0;45.48;20.07;22.81;0.03;0.0;0;54.85;0;-553.6;0.0;0.03;0.0;1.5
2020;193;263;beauce_5_sa_084;solnu;;0.14;0.0;37.43;-21.58;0.0;22.81;38.47;0.04;0.0;0;0;0;-359.02;0.03;0.01;0.0;0.14
2020;264;366;beauce_5_sa_084;BTH;;1.19;0.0;19.78;-51.76;0.0;38.91;7.69;0.0;0.0;0;0.0;0;-129.3;0.0;0.0;0.0;1.19
2020;1;200;beauce_5_sa_085;BTH;;1.41;0.0;54.18;0.0;42.05;16.81;27.49;0.04;0.0;0;54.84;0;-602.55;0.0;0.03;0.0;1.41
2020;201;261;beauce_5_sa_085;solnu;;0.18;0.0;33.54;-21.96;0.0;27.49;38.84;0.04;0.0;0;0;0;-323.07;0.03;0.01;0.0;0.18
2020;262;366;beauce_5_sa_085;BTH;;1.23;0.0;20.36;-52.52;0.0;39.23;8.16;0.0;0.0;0;0.0;0;-154.36;0.0;0.0;0.0;1.23
2020;1;198;beauce_5_sa_086;BTH;;2.41;1.12;51.05;0.0;77.89;37.53;91.9;0.06;0.0;0;63.67;0;-568.45;0.03;0.03;1.12;2.41
2020;199;276;beauce_5_sa_086;solnu;;0.79;0.0;38.43;-21.17;0.0;91.9;108.25;0.12;0.0;0;0;0;-364.97;0.11;0.01;0.0;0.79
2020;277;366;beauce_5_sa_086;BTH;;3.37;0.0;15.32;-78.98;13.43;108.71;27.78;0.01;0.0;0;7.9;0;-43.95;0.01;0.0;0.0;3.37
2020;1;221;beauce_5_sa_087;BTH;;3.59;0.0;58.64;0.0;90.85;63.33;27.47;0.07;0.0;0;56.11;0;-652.56;0.03;0.04;0.0;3.59
2020;222;307;beauce_5_sa_087;solnu;;1.17;0.0;36.14;-21.48;0.0;27.47;40.91;0.04;0.0;0;0;0;-344.39;0.02;0.01;0.0;1.17
2020;308;366;beauce_5_sa_087;BTH;;1.65;0.0;8.1;-34.26;0.0;41.16;18.35;0.0;0.0;0;0.0;0;-130.17;0.0;0.0;0.0;1.65
2020;1;182;beauce_5_sa_088;BTH;;3.38;0.0;42.23;0.0;79.47;58.46;17.78;0.05;0.0;0;52.28;0;-468.54;0.03;0.03;0.0;3.38
2020;183;294;beauce_5_sa_088;solnu;;1.16;0.0;49.5;-54.59;0.0;17.78;16.14;0.02;0.0;0;0;0;-518.15;0.01;0.02;0.0;1.16
2020;295;366;beauce_5_sa_088;BTH;;1.34;0.0;10.82;-11.62;0.0;16.14;14.86;0.0;0.0;0;0.0;0;-41.17;0.0;0.0;0.0;1.34
2020;1;226;beauce_5_sa_089;BTH;;3.19;0.0;67.69;0.0;127.21;111.39;48.51;0.15;0.01;0;96.89;0;-752.1;0.11;0.04;0.0;3.19
2020;227;270;beauce_5_sa_089;solnu;;0.2;0.0;24.22;-52.83;0.0;48.51;26.96;0.02;0.0;0;0;0;-286.37;0.02;0.0;0.0;0.2
2020;271;366;beauce_5_sa_089;BTH;;3.94;1.08;17.27;-19.06;2.18;26.96;100.61;0.03;0.0;0;1.28;0;3.34;0.03;0.0;1.08;3.94
2020;1;180;beauce_5_sa_090;BTH;;3.6;0.0;41.14;0.0;81.07;63.51;19.93;0.06;0.0;0;50.24;0;-456.4;0.03;0.02;0.0;3.6
2020;181;308;beauce_5_sa_090;solnu;;1.28;0.0;53.04;-47.3;0.0;19.93;24.33;0.05;0.0;0;0;0;-511.53;0.03;0.02;0.0;1.28
2020;309;366;beauce_5_sa_090;BTH;;1.97;0.0;7.91;-11.92;0.0;23.96;21.86;0.0;0.0;0;0.0;0;-94.08;0.0;0.0;0.0;1.97
2020;1;176;beauce_5_sa_091;BTH;;3.05;2.71;39.65;0.0;158.44;47.36;127.33;0.13;0.0;0;105.29;0;-442.41;0.1;0.02;2.71;3.05
2020;177;286;beauce_5_sa_091;solnu;;0.0;0.0;48.01;-18.3;0.0;127.33;157.09;0.14;0.0;0;0;0;-441.56;0.11;0.02;0.0;0.0
2020;287;366;beauce_5_sa_091;BTH;;4.44;0.0;12.53;-90.93;20.62;157.35;53.59;0.03;0.0;0;12.14;0;-4.62;0.03;0.0;0.0;4.44
2020;1;217;beauce_5_sa_092;BTH;;1.66;0.47;61.24;0.0;74.55;24.57;44.96;0.06;0.0;0;69.31;0;-679.28;0.02;0.04;0.47;1.66
2020;218;266;beauce_5_sa_092;solnu;;0.26;0.0;27.6;-55.53;0.0;44.96;16.71;0.06;0.0;0;0;0;-266.74;0.06;0.01;0.0;0.26
2020;267;366;beauce_5_sa_092;BTH;;1.77;0.0;18.73;-25.36;0.0;15.16;11.48;0.0;0.0;0;0.0;0;-71.03;0.0;0.0;0.0;1.77
2020;1;201;beauce_5_sa_093;BTH;;1.63;1.37;56.21;0.0;94.01;64.03;126.92;0.11;0.0;0;85.41;0;-626.75;0.08;0.03;1.37;1.63
2020;202;259;beauce_5_sa_093;solnu;;0.55;0.0;33.66;-111.62;0.0;126.92;48.32;0.07;0.0;0;0;0;-151.92;0.06;0.01;0.0;0.55
2020;260;366;beauce_5_sa_093;BTH;;3.93;0.63;21.38;26.85;55.16;49.01;84.75;0.09;0.0;0;32.46;0;-30.65;0.06;0.03;0.63;3.93
2020;1;190;beauce_5_sa_094;BTH;;2.88;2.93;47.07;0.0;91.79;46.19;218.09;0.07;0.0;0;66.73;0;-524.2;0.04;0.03;2.93;2.88
2020;191;283;beauce_5_sa_094;solnu;;1.54;0.0;43.67;-113.4;0.0;218.09;146.66;0.17;0.0;0;0;0;-311.4;0.16;0.01;0.0;1.54
2020;284;366;beauce_5_sa_094;BTH;;7.31;0.0;13.51;17.61;25.13;147.38;145.21;0.13;0.0;0;14.79;0;-4.54;0.11;0.02;0.0;7.31
2020;1;188;beauce_5_sa_095;BTH;;3.98;0.81;45.28;0.0;136.82;77.78;41.45;0.09;0.0;0;84.98;0;-503.78;0.06;0.03;0.81;3.98
2020;189;297;beauce_5_sa_095;solnu;;0.56;0.0;45.58;-60.24;0.0;41.45;26.85;0.06;0.0;0;0;0;-424.71;0.05;0.02;0.0;0.56
2020;298;366;beauce_5_sa_095;BTH;;2.27;0.23;10.22;-26.99;2.29;26.85;25.77;0.0;0.0;0;1.35;0;-47.13;0.0;0.0;0.23;2.27
2020;1;193;beauce_5_sa_096;BTH;;2.03;1.96;49.48;0.0;117.34;31.93;108.57;0.11;0.0;0;90.14;0;-546.8;0.08;0.03;1.96;2.03
2020;194;271;beauce_5_sa_096;solnu;;0.01;0.0;39.16;-96.96;0.0;108.57;50.65;0.1;0.0;0;0;0;-351.17;0.09;0.01;0.0;0.01
2020;272;366;beauce_5_sa_096;BTH;;3.27;0.0;17.1;-8.94;21.68;48.3;33.82;0.04;0.0;0;12.76;0;40.03;0.02;0.01;0.0;3.27
2020;1;191;beauce_5_sa_097;BTH;;3.6;0.2;46.32;0.0;103.64;64.51;18.13;0.06;0.0;0;62.94;0;-516.03;0.03;0.03;0.2;3.6
2020;192;313;beauce_5_sa_097;solnu;;0.44;0.0;47.45;-44.22;0.0;18.13;21.4;0.04;0.0;0;0;0;-465.66;0.02;0.02;0.0;0.44
2020;314;366;beauce_5_sa_097;BTH;;1.77;0.0;7.05;-12.38;0.0;21.4;19.66;0.0;0.0;0;0.0;0;-108.83;0.0;0.0;0.0;1.77
2020;1;210;beauce_5_sa_098;BTH;;3.09;1.81;54.25;0.0;103.79;50.53;133.02;0.08;0.0;0;71.26;0;-604.91;0.05;0.03;1.81;3.09
2020;211;289;beauce_5_sa_098;solnu;;1.12;0.0;37.53;-21.0;0.0;133.02;148.27;0.15;0.0;0;0;0;-354.12;0.13;0.01;0.0;1.12
2020;290;366;beauce_5_sa_098;BTH;;5.01;0.0;11.9;-89.88;16.21;148.48;49.04;0.03;0.0;0;9.54;0;-38.58;0.03;0.0;0.0;5.01
2020;1;221;beauce_5_sa_099;BTH;;3.61;1.18;57.8;0.0;165.8;56.94;33.66;0.09;0.0;0;103.97;0;-642.29;0.06;0.03;1.18;3.61
2020;222;293;beauce_5_sa_099;solnu;;0.0;0.0;33.24;-41.82;0.0;33.66;25.05;0.04;0.0;0;0;0;-306.92;0.02;0.01;0.0;0.0
2020;294;366;beauce_5_sa_099;BTH;;2.03;0.0;11.06;-15.81;0.0;25.25;22.69;0.0;0.0;0;0.0;0;-96.53;0.0;0.0;0.0;2.03
2021;1;189;beauce_5_sa_000;BTH;;13.48;1.03;41.98;24.45;195.68;100.21;36.28;0.19;0.02;0;115.76;0;-163.89;0.15;0.04;1.03;13.48
2021;190;291;beauce_5_sa_000;solnu;;3.14;0.0;41.99;-1.21;0.0;36.28;74.07;0.04;0.04;0;0;0;-251.11;0.02;0.03;0.0;3.14
2021;292;365;beauce_5_sa_000;BTH;;7.03;1.05;10.83;-54.92;1.12;74.59;100.68;0.03;0.0;0;0.66;0;-32.42;0.03;0.0;1.05;7.03
2021;1;200;beauce_5_sa_001;BTH;;4.18;0.6;46.43;11.33;101.93;14.5;11.82;0.09;0.01;0;59.98;0;-217.37;0.05;0.04;0.6;4.18
2021;201;286;beauce_5_sa_001;solnu;;0.62;0.0;36.08;-5.67;0.0;11.82;41.56;0.03;0.02;0;0;0;-232.31;0.01;0.02;0.0;0.62
2021;287;365;beauce_5_sa_001;BTH;;1.87;0.0;11.57;-44.85;0.0;41.82;8.34;0.0;0.0;0;0.0;0;-75.0;0.0;0.0;0.0;1.87
2021;1;180;beauce_5_sa_002;BTH;;5.64;1.67;38.45;28.33;124.87;33.32;95.71;0.25;0.03;0;97.85;0;-207.27;0.21;0.04;1.67;5.64
2021;181;257;beauce_5_sa_002;solnu;;7.0;0.0;36.91;-54.34;0.0;95.71;73.67;0.09;0.08;0;0;0;-235.96;0.07;0.01;0.0;7.0
2021;258;365;beauce_5_sa_002;BTH;;14.48;0.0;22.16;-18.16;5.39;73.68;57.8;0.0;0.0;0;3.17;0;58.38;0.0;0.0;0.0;14.48
2021;1;210;beauce_5_sa_003;BTH;;2.64;0.0;51.41;11.75;43.99;8.19;25.25;0.04;0.0;0;25.88;0;-176.7;0.0;0.04;0.0;2.64
2021;211;264;beauce_5_sa_003;solnu;;0.39;0.0;25.17;-37.71;0.0;25.25;12.26;0.02;0.04;0;0;0;-159.3;0.02;0.01;0.0;0.39
2021;265;365;beauce_5_sa_003;BTH;;2.32;0.0;18.51;-19.02;0.0;12.66;9.91;0.0;0.0;0;0.0;0;-44.56;0.0;0.0;0.0;2.32
2021;1;231;beauce_5_sa_004;BTH;;12.4;0.41;62.92;27.63;131.28;57.91;38.3;0.09;0.01;0;78.38;0;-197.63;0.04;0.05;0.41;12.4
2021;232;315;beauce_5_sa_004;solnu;;3.37;0.0;27.73;-41.67;0.0;38.3;25.17;0.02;0.05;0;0;0;-221.69;0.01;0.01;0.0;3.37
2021;316;365;beauce_5_sa_004;BTH;;4.98;0.74;5.55;-28.44;0.9;25.17;54.32;0.04;0.0;0;0.53;0;-17.96;0.04;0.0;0.74;4.98
2021;1;214;beauce_5_sa_005;BTH;;5.68;0.97;55.65;30.64;98.4;18.61;74.12;0.19;0.02;0;59.22;0;-230.37;0.14;0.05;0.97;5.68
2021;215;256;beauce_5_sa_005;solnu;;3.11;0.0;19.73;-50.1;0.0;74.12;45.13;0.05;0.07;0;0;0;-168.87;0.04;0.0;0.0;3.11
2021;257;365;beauce_5_sa_005;BTH;;8.83;0.0;22.6;-22.41;1.39;44.97;35.4;0.0;0.0;0;0.82;0;24.3;0.0;0.0;0.0;8.83
2021;1;223;beauce_5_sa_006;BTH;;5.78;0.17;57.86;-0.93;61.23;17.88;22.11;0.04;0.0;0;36.03;0;-169.58;0.0;0.04;0.17;5.78
2021;224;306;beauce_5_sa_006;solnu;;0.85;0.0;28.7;-39.25;0.0;22.11;11.89;0.02;0.03;0;0;0;-178.36;0.01;0.01;0.0;0.85
2021;307;365;beauce_5_sa_006;BTH;;2.17;0.0;7.63;-9.14;0.0;11.89;9.83;0.0;0.0;0;0.0;0;-33.87;0.0;0.0;0.0;2.17
2021;1;173;beauce_5_sa_007;BTH;;7.81;0.14;34.19;11.89;127.09;99.87;22.45;0.11;0.01;0;75.21;0;-28.76;0.08;0.03;0.14;7.81
2021;174;268;beauce_5_sa_007;solnu;;3.12;0.0;44.57;-41.2;0.0;22.45;25.61;0.03;0.03;0;0;0;-244.45;0.01;0.02;0.0;3.12
2021;269;365;beauce_5_sa_007;BTH;;4.86;1.19;17.52;-21.11;0.36;25.61;108.99;0.0;0.0;0;0.21;0;-2.97;0.0;0.0;1.19;4.86
2021;1;206;beauce_5_sa_008;BTH;;13.63;2.17;50.63;45.4;156.29;57.84;148.82;0.25;0.02;0;95.89;0;-163.89;0.2;0.06;2.17;13.63
2021;207;296;beauce_5_sa_008;solnu;;5.63;0.0;36.84;-87.65;0.0;148.82;92.17;0.1;0.11;0;0;0;-193.1;0.08;0.02;0.0;5.63
2021;297;365;beauce_5_sa_008;BTH;;16.87;0.0;9.41;-9.29;0.0;92.17;75.42;0.0;0.0;0;0.0;0;55.9;0.0;0.0;0.0;16.87
2021;1;199;beauce_5_sa_009;BTH;;21.99;2.97;47.5;32.35;177.94;128.7;235.6;0.36;0.04;0;122.15;0;-261.46;0.31;0.05;2.97;21.99
2021;200;280;beauce_5_sa_009;solnu;;15.3;0.0;36.63;-84.57;0.0;235.6;172.17;0.08;0.11;0;0;0;-108.51;0.07;0.01;0.0;15.3
2021;281;365;beauce_5_sa_009;BTH;;32.52;0.0;13.94;-4.64;3.99;172.17;144.95;0.01;0.0;0;2.35;0;78.28;0.0;0.01;0.0;32.52
2021;1;221;beauce_5_sa_010;BTH;;13.27;0.0;57.37;20.1;107.2;72.7;33.38;0.09;0.01;0;63.67;0;-255.03;0.03;0.05;0.0;13.27
2021;222;302;beauce_5_sa_010;solnu;;2.11;0.0;29.09;-12.15;0.0;33.38;48.16;0.03;0.03;0;0;0;-193.99;0.02;0.01;0.0;2.11
2021;303;365;beauce_5_sa_010;BTH;;4.27;0.79;8.11;-46.93;1.12;48.37;65.93;0.02;0.0;0;0.66;0;-81.55;0.02;0.0;0.79;4.27
2021;1;181;beauce_5_sa_011;BTH;;20.79;2.84;37.89;41.39;165.4;116.26;226.11;0.23;0.03;0;99.52;0;-132.1;0.18;0.05;2.84;20.79
2021;182;304;beauce_5_sa_011;solnu;;16.84;0.0;48.9;7.67;0.0;226.11;266.33;0.16;0.11;0;0;0;-295.4;0.13;0.04;0.0;16.84
2021;305;365;beauce_5_sa_011;BTH;;33.31;0.0;7.97;-87.46;0.55;266.48;152.95;0.03;0.0;0;0.32;0;1.47;0.03;0.0;0.0;33.31
2021;1;200;beauce_5_sa_012;BTH;;4.85;0.0;46.1;2.98;53.45;15.84;6.43;0.03;0.0;0;31.45;0;-172.23;0.0;0.03;0.0;4.85
2021;201;314;beauce_5_sa_012;solnu;;0.9;0.0;41.86;-42.58;0.0;6.43;6.23;0.01;0.0;0;0;0;-263.42;0.0;0.01;0.0;0.9
2021;315;365;beauce_5_sa_012;BTH;;0.93;0.0;5.73;-5.88;0.0;6.05;5.15;0.0;0.0;0;0.0;0;-9.52;0.0;0.0;0.0;0.93
2021;1;180;beauce_5_sa_013;BTH;;12.81;1.66;37.48;17.53;131.16;40.39;77.23;0.13;0.02;0;77.18;0;-97.99;0.1;0.04;1.66;12.81
2021;181;298;beauce_5_sa_013;solnu;;5.85;0.0;48.35;5.35;0.0;77.23;125.64;0.11;0.08;0;0;0;-274.78;0.08;0.03;0.0;5.85
2021;299;365;beauce_5_sa_013;BTH;;12.09;0.0;9.03;-68.24;0.0;126.01;54.33;0.01;0.0;0;0.0;0;-8.3;0.01;0.0;0.0;12.09
2021;1;170;beauce_5_sa_014;BTH;;13.05;1.74;32.65;32.44;123.39;66.12;56.69;0.11;0.02;0;74.5;0;-102.41;0.07;0.04;1.74;13.05
2021;171;307;beauce_5_sa_014;solnu;;8.17;0.0;54.77;-79.85;0.0;56.69;94.0;0.16;0.11;0;0;0;-290.95;0.13;0.03;0.0;8.17
2021;308;365;beauce_5_sa_014;BTH;;17.05;0.0;7.6;-7.51;0.0;93.03;77.03;0.0;0.0;0;0.0;0;28.09;0.0;0.0;0.0;17.05
2021;1;181;beauce_5_sa_015;BTH;;6.89;1.65;38.52;36.5;104.55;27.48;116.09;0.24;0.02;0;76.21;0;-125.02;0.2;0.05;1.65;6.89
2021;182;257;beauce_5_sa_015;solnu;;8.03;0.0;36.3;-5.55;0.0;116.09;138.62;0.11;0.09;0;0;0;-211.18;0.09;0.02;0.0;8.03
2021;258;365;beauce_5_sa_015;BTH;;16.94;0.0;21.58;-69.62;6.58;139.46;67.32;0.0;0.0;0;3.87;0;13.06;0.0;0.0;0.0;16.94
2021;1;183;beauce_5_sa_016;BTH;;3.32;1.42;39.76;15.91;166.81;15.46;8.2;0.15;0.0;0;98.16;0;-75.91;0.12;0.03;1.42;3.32
2021;184;271;beauce_5_sa_016;solnu;;0.9;0.0;40.38;-45.15;0.0;8.2;10.05;0.02;0.02;0;0;0;-277.12;0.01;0.01;0.0;0.9
2021;272;365;beauce_5_sa_016;BTH;;1.87;0.0;16.48;-16.54;0.0;9.98;8.18;0.0;0.0;0;0.0;0;65.09;0.0;0.0;0.0;1.87
2021;1;224;beauce_5_sa_017;BTH;;5.18;1.45;59.9;8.54;167.25;20.1;26.51;0.12;0.01;0;98.41;0;-168.73;0.08;0.04;1.45;5.18
2021;225;316;beauce_5_sa_017;solnu;;1.87;0.0;30.98;-11.26;0.0;26.51;44.29;0.05;0.03;0;0;0;-167.23;0.03;0.01;0.0;1.87
2021;317;365;beauce_5_sa_017;BTH;;3.36;0.0;5.38;-31.21;0.0;44.05;18.92;0.01;0.0;0;0.0;0;-67.44;0.0;0.0;0.0;3.36
2021;1;226;beauce_5_sa_018;BTH;;24.29;1.49;62.42;52.9;160.92;148.16;193.62;0.43;0.04;0;101.41;0;-256.05;0.36;0.07;1.49;24.29
2021;227;262;beauce_5_sa_018;solnu;;13.96;0.0;16.98;-55.6;0.0;193.62;141.3;0.05;0.13;0;0;0;-110.51;0.05;0.0;0.0;13.96
2021;263;365;beauce_5_sa_018;BTH;;28.25;1.23;19.52;-22.27;3.75;141.3;199.4;0.07;0.0;0;2.21;0;41.4;0.07;0.0;1.23;28.25
2021;1;211;beauce_5_sa_019;BTH;;21.65;2.3;52.94;49.12;147.04;88.67;198.58;0.26;0.03;0;88.71;0;-213.49;0.2;0.06;2.3;21.65
2021;212;304;beauce_5_sa_019;solnu;;11.3;0.0;34.75;-5.51;0.0;198.58;216.3;0.11;0.11;0;0;0;-224.93;0.09;0.02;0.0;11.3
2021;305;365;beauce_5_sa_019;BTH;;25.85;0.0;7.95;-80.07;0.0;216.46;118.31;0.03;0.0;0;0.0;0;6.21;0.03;0.0;0.0;25.85
2021;1;203;beauce_5_sa_020;BTH;;9.92;1.18;48.8;36.21;130.85;37.49;72.25;0.2;0.02;0;83.72;0;-115.9;0.14;0.05;1.18;9.92
2021;204;282;beauce_5_sa_020;solnu;;3.09;0.0;34.59;-8.2;0.0;72.25;95.42;0.06;0.07;0;0;0;-199.15;0.05;0.02;0.0;3.09
2021;283;365;beauce_5_sa_020;BTH;;9.18;0.33;12.91;-75.53;4.19;95.77;44.47;0.01;0.0;0;2.47;0;4.78;0.01;0.0;0.33;9.18
2021;1;176;beauce_5_sa_021;BTH;;5.01;0.0;34.75;-4.97;34.1;17.06;8.85;0.02;0.0;0;20.06;0;-108.48;0.0;0.02;0.0;5.01
2021;177;288;beauce_5_sa_021;solnu;;0.96;0.0;47.7;-5.79;0.0;8.85;49.57;0.04;0.03;0;0;0;-275.62;0.01;0.03;0.0;0.96
2021;289;365;beauce_5_sa_021;BTH;;2.71;0.0;11.31;-39.26;6.95;49.81;11.96;0.01;0.0;0;4.09;0;-41.61;0.01;0.0;0.0;2.71
2021;1;194;beauce_5_sa_022;BTH;;5.02;0.0;43.66;-6.79;40.98;15.96;6.83;0.02;0.0;0;24.11;0;-110.88;0.0;0.02;0.0;5.02
2021;195;291;beauce_5_sa_022;solnu;;0.67;0.0;39.33;-12.97;0.0;6.83;32.63;0.02;0.01;0;0;0;-212.39;0.0;0.02;0.0;0.67
2021;292;365;beauce_5_sa_022;BTH;;1.39;0.0;10.75;-35.91;0.0;33.11;6.14;0.01;0.0;0;0.0;0;-26.44;0.01;0.0;0.0;1.39
2021;1;212;beauce_5_sa_023;BTH;;6.28;1.11;54.19;35.99;103.66;18.97;83.32;0.24;0.02;0;63.65;0;-218.49;0.19;0.05;1.11;6.28
2021;213;257;beauce_5_sa_023;solnu;;3.56;0.0;21.32;-13.09;0.0;83.32;87.85;0.06;0.08;0;0;0;-139.26;0.05;0.01;0.0;3.56
2021;258;365;beauce_5_sa_023;BTH;;10.12;0.0;21.33;-58.07;1.35;88.57;41.17;0.0;0.0;0;0.8;0;-38.99;0.0;0.0;0.0;10.12
2021;1;193;beauce_5_sa_024;BTH;;8.99;2.51;44.5;52.17;172.29;41.68;147.12;0.36;0.03;0;118.4;0;-200.02;0.31;0.06;2.51;8.99
2021;194;274;beauce_5_sa_024;solnu;;8.68;0.0;36.24;-0.55;0.0;147.12;173.94;0.09;0.1;0;0;0;-224.37;0.07;0.02;0.0;8.68
2021;275;365;beauce_5_sa_024;BTH;;20.25;0.0;15.16;-70.86;9.0;174.35;89.0;0.0;0.0;0;5.3;0;-1.78;0.0;0.0;0.0;20.25
2021;1;185;beauce_5_sa_025;BTH;;11.97;2.02;40.13;26.74;164.83;38.95;81.81;0.2;0.02;0;98.76;0;-154.53;0.16;0.04;2.02;11.97
2021;186;290;beauce_5_sa_025;solnu;;4.99;0.0;43.72;4.07;0.0;81.81;125.27;0.08;0.08;0;0;0;-264.45;0.05;0.03;0.0;4.99
2021;291;365;beauce_5_sa_025;BTH;;12.52;0.0;10.97;-64.53;4.11;125.47;55.06;0.01;0.0;0;2.42;0;-18.22;0.01;0.0;0.0;12.52
2021;1;204;beauce_5_sa_026;BTH;;10.45;1.9;49.16;19.73;144.92;36.86;93.9;0.18;0.0;0;85.28;0;-50.85;0.13;0.04;1.9;10.45
2021;205;316;beauce_5_sa_026;solnu;;3.77;0.0;41.92;-39.08;0.0;93.9;92.88;0.13;0.1;0;0;0;-207.12;0.11;0.03;0.0;3.77
2021;317;365;beauce_5_sa_026;BTH;;10.06;0.0;5.48;-32.36;0.0;89.43;55.93;0.01;0.0;0;0.0;0;18.27;0.0;0.0;0.0;10.06
2021;1;186;beauce_5_sa_027;BTH;;3.05;0.0;40.02;8.39;47.04;9.72;8.67;0.03;0.0;0;27.68;0;-170.71;0.0;0.03;0.0;3.05
2021;187;269;beauce_5_sa_027;solnu;;0.42;0.0;37.17;-8.55;0.0;8.67;36.81;0.03;0.03;0;0;0;-241.23;0.01;0.02;0.0;0.42
2021;270;365;beauce_5_sa_027;BTH;;1.88;0.0;16.43;-41.51;1.5;37.41;8.37;0.0;0.0;0;0.88;0;-65.83;0.0;0.0;0.0;1.88
2021;1;219;beauce_5_sa_028;BTH;;3.59;0.76;57.71;13.36;114.01;12.61;24.03;0.07;0.0;0;67.09;0;-172.16;0.03;0.04;0.76;3.59
2021;220;281;beauce_5_sa_028;solnu;;0.53;0.0;25.9;-48.88;0.0;24.03;10.54;0.01;0.03;0;0;0;-247.19;0.01;0.0;0.0;0.53
2021;282;365;beauce_5_sa_028;BTH;;1.99;0.0;13.26;-13.16;0.0;10.89;8.66;0.0;0.0;0;0.0;0;44.98;0.0;0.0;0.0;1.99
2021;1;206;beauce_5_sa_029;BTH;;4.56;1.82;50.52;21.33;169.58;18.01;52.9;0.22;0.02;0;99.79;0;-136.65;0.17;0.04;1.82;4.56
2021;207;280;beauce_5_sa_029;solnu;;1.51;0.0;32.51;-7.79;0.0;52.9;75.99;0.06;0.07;0;0;0;-181.04;0.04;0.02;0.0;1.51
2021;281;365;beauce_5_sa_029;BTH;;5.94;0.0;13.42;-56.68;1.5;76.28;26.24;0.0;0.0;0;0.88;0;-14.96;0.0;0.0;0.0;5.94
2021;1;174;beauce_5_sa_030;BTH;;4.75;1.54;35.18;30.78;158.32;53.42;72.51;0.23;0.03;0;99.63;0;-40.45;0.19;0.04;1.54;4.75
2021;175;257;beauce_5_sa_030;solnu;;6.06;0.0;40.22;-2.47;0.0;72.51;103.82;0.1;0.08;0;0;0;-192.14;0.08;0.02;0.0;6.06
2021;258;365;beauce_5_sa_030;BTH;;11.94;0.57;21.82;-67.16;4.9;104.67;85.07;0.03;0.0;0;2.89;0;28.56;0.03;0.0;0.57;11.94
2021;1;182;beauce_5_sa_031;BTH;;2.97;0.0;38.23;15.7;55.97;10.46;4.63;0.03;0.0;0;32.93;0;-174.64;0.0;0.03;0.0;2.97
2021;183;280;beauce_5_sa_031;solnu;;0.53;0.0;42.88;-43.01;0.0;4.63;7.43;0.02;0.02;0;0;0;-312.63;0.01;0.01;0.0;0.53
2021;281;365;beauce_5_sa_031;BTH;;1.4;0.0;13.48;-12.46;0.0;7.47;7.04;0.0;0.0;0;0.0;0;-26.57;0.0;0.0;0.0;1.4
2021;1;206;beauce_5_sa_032;BTH;;5.3;0.0;48.81;-5.6;48.15;16.78;9.0;0.03;0.0;0;28.34;0;-231.07;0.0;0.03;0.0;5.3
2021;207;311;beauce_5_sa_032;solnu;;0.79;0.0;38.29;-7.97;0.0;9.0;38.48;0.04;0.01;0;0;0;-237.24;0.02;0.02;0.0;0.79
2021;312;365;beauce_5_sa_032;BTH;;2.08;0.0;6.37;-32.23;0.0;38.84;10.64;0.01;0.0;0;0.0;0;-29.3;0.01;0.0;0.0;2.08
2021;1;215;beauce_5_sa_033;BTH;;6.14;0.59;55.34;6.35;102.85;21.73;20.99;0.08;0.01;0;61.11;0;-101.94;0.04;0.04;0.59;6.14
2021;216;304;beauce_5_sa_033;solnu;;0.95;0.0;32.24;-42.24;0.0;20.99;11.44;0.02;0.02;0;0;0;-192.57;0.01;0.01;0.0;0.95
2021;305;365;beauce_5_sa_033;BTH;;2.14;0.16;7.91;-18.77;0.87;11.44;13.7;0.0;0.0;0;0.51;0;-49.98;0.0;0.0;0.16;2.14
2021;1;217;beauce_5_sa_034;BTH;;8.08;0.76;55.55;9.55;78.33;26.2;63.12;0.12;0.01;0;46.09;0;-211.22;0.08;0.04;0.76;8.08
2021;218;314;beauce_5_sa_034;solnu;;2.49;0.0;33.32;-6.77;0.0;63.12;87.0;0.1;0.08;0;0;0;-202.38;0.08;0.02;0.0;2.49
2021;315;365;beauce_5_sa_034;BTH;;7.01;0.0;5.78;-46.77;0.0;87.32;39.34;0.01;0.0;0;0.0;0;-21.28;0.01;0.0;0.0;7.01
2021;1;221;beauce_5_sa_035;BTH;;3.41;0.0;57.07;12.52;54.07;11.22;24.02;0.05;0.0;0;31.81;0;-237.5;0.0;0.04;0.0;3.41
2021;222;281;beauce_5_sa_035;solnu;;0.45;0.0;24.85;-41.04;0.0;24.02;11.08;0.02;0.03;0;0;0;-194.51;0.01;0.0;0.0;0.45
2021;282;365;beauce_5_sa_035;BTH;;2.08;0.0;13.24;-13.18;0.0;11.09;9.06;0.0;0.0;0;0.0;0;-11.32;0.0;0.0;0.0;2.08
2021;1;201;beauce_5_sa_036;BTH;;14.89;2.59;47.55;52.78;182.26;76.34;176.22;0.29;0.03;0;109.14;0;-199.37;0.23;0.06;2.59;14.89
2021;202;307;beauce_5_sa_036;solnu;;7.4;0.0;40.53;2.37;0.0;176.22;212.35;0.11;0.11;0;0;0;-253.19;0.08;0.03;0.0;7.4
2021;308;365;beauce_5_sa_036;BTH;;25.63;0.0;7.52;-75.88;0.0;211.77;118.33;0.04;0.0;0;0.0;0;-7.36;0.04;0.0;0.0;25.63
2021;1;224;beauce_5_sa_037;BTH;;6.92;0.53;58.47;0.61;70.6;21.94;44.76;0.11;0.01;0;41.54;0;-152.64;0.07;0.04;0.53;6.92
2021;225;307;beauce_5_sa_037;solnu;;1.11;0.0;28.62;-28.21;0.0;44.76;43.95;0.05;0.06;0;0;0;-158.31;0.04;0.01;0.0;1.11
2021;308;365;beauce_5_sa_037;BTH;;4.54;0.0;7.49;-26.94;0.0;35.74;20.52;0.0;0.0;0;0.0;0;-15.1;0.0;0.0;0.0;4.54
2021;1;224;beauce_5_sa_038;BTH;;4.58;1.26;60.44;13.62;132.32;16.86;49.28;0.2;0.02;0;77.86;0;-138.37;0.15;0.04;1.26;4.58
2021;225;299;beauce_5_sa_038;solnu;;1.42;0.0;28.1;-54.37;0.0;49.28;27.18;0.03;0.07;0;0;0;-196.03;0.03;0.01;0.0;1.42
2021;300;365;beauce_5_sa_038;BTH;;4.96;0.0;8.74;-9.03;0.0;27.18;22.3;0.0;0.0;0;0.0;0;23.31;0.0;0.0;0.0;4.96
2021;1;216;beauce_5_sa_039;BTH;;2.44;0.0;55.15;18.09;54.19;8.88;25.97;0.05;0.0;0;32.03;0;-277.18;0.0;0.04;0.0;2.44
2021;217;267;beauce_5_sa_039;solnu;;0.36;0.0;22.73;-47.72;0.0;25.97;2.81;0.0;0.0;0;0;0;-144.5;0.0;0.0;0.0;0.36
2021;268;365;beauce_5_sa_039;BTH;;0.53;0.0;17.07;-14.72;0.52;2.9;4.11;0.0;0.0;0;0.3;0;-14.36;0.0;0.0;0.0;0.53
2021;1;217;beauce_5_sa_040;BTH;;5.78;1.21;56.74;17.44;150.73;20.04;29.66;0.1;0.0;0;88.69;0;-191.03;0.05;0.05;1.21;5.78
2021;218;283;beauce_5_sa_040;solnu;;1.3;0.0;26.6;-13.28;0.0;29.66;41.63;0.03;0.03;0;0;0;-160.81;0.02;0.01;0.0;1.3
2021;284;365;beauce_5_sa_040;BTH;;3.09;0.0;12.45;-42.21;0.0;41.97;13.68;0.0;0.0;0;0.0;0;-87.6;0.0;0.0;0.0;3.09
2021;1;215;beauce_5_sa_041;BTH;;10.87;2.52;57.86;38.72;164.27;50.61;162.43;0.43;0.03;0;112.19;0;-281.61;0.38;0.06;2.52;10.87
2021;216;259;beauce_5_sa_041;solnu;;11.42;0.0;20.79;-58.62;0.0;162.43;113.61;0.07;0.09;0;0;0;-112.61;0.07;0.0;0.0;11.42
2021;260;365;beauce_5_sa_041;BTH;;22.14;0.0;21.1;-19.08;4.5;113.63;88.99;0.0;0.0;0;2.65;0;87.68;0.0;0.0;0.0;22.14
2021;1;188;beauce_5_sa_042;BTH;;7.08;1.74;41.91;14.48;113.3;24.36;90.69;0.26;0.02;0;71.06;0;-34.43;0.22;0.03;1.74;7.08
2021;189;278;beauce_5_sa_042;solnu;;4.66;0.0;39.8;-3.36;0.0;90.69;122.77;0.07;0.08;0;0;0;-190.2;0.05;0.02;0.0;4.66
2021;279;365;beauce_5_sa_042;BTH;;12.44;0.0;14.15;-64.23;6.0;123.08;54.61;0.0;0.0;0;3.53;0;10.72;0.0;0.0;0.0;12.44
2021;1;203;beauce_5_sa_043;BTH;;5.82;2.07;48.62;6.7;213.67;23.76;14.38;0.15;0.01;0;125.73;0;-64.31;0.11;0.04;2.07;5.82
2021;204;316;beauce_5_sa_043;solnu;;1.52;0.0;42.29;-6.34;0.0;14.38;48.84;0.05;0.01;0;0;0;-199.28;0.03;0.02;0.0;1.52
2021;317;365;beauce_5_sa_043;BTH;;3.36;0.0;5.46;-32.9;0.0;48.62;18.97;0.01;0.0;0;0.0;0;-23.02;0.01;0.0;0.0;3.36
2021;1;179;beauce_5_sa_044;BTH;;7.48;1.07;36.97;33.83;135.85;33.87;42.44;0.15;0.01;0;81.99;0;-162.42;0.11;0.04;1.07;7.48
2021;180;302;beauce_5_sa_044;solnu;;3.25;0.0;49.09;7.12;0.0;42.44;96.29;0.09;0.07;0;0;0;-323.38;0.06;0.04;0.0;3.25
2021;303;365;beauce_5_sa_044;BTH;;8.08;0.46;8.2;-78.27;2.75;96.53;49.73;0.03;0.0;0;1.62;0;-29.52;0.03;0.0;0.46;8.08
2021;1;179;beauce_5_sa_045;BTH;;10.48;1.81;37.16;33.94;137.15;46.86;106.77;0.17;0.02;0;81.67;0;-84.07;0.13;0.04;1.81;10.48
2021;180;311;beauce_5_sa_045;solnu;;8.79;0.0;51.29;7.87;0.0;106.77;157.96;0.15;0.09;0;0;0;-295.64;0.11;0.04;0.0;8.79
2021;312;365;beauce_5_sa_045;BTH;;17.06;0.0;6.51;-64.18;0.0;158.33;83.37;0.02;0.0;0;0.0;0;-8.89;0.02;0.0;0.0;17.06
2021;1;196;beauce_5_sa_046;BTH;;7.25;1.95;45.94;43.4;132.19;23.48;120.34;0.35;0.02;0;83.97;0;-138.96;0.29;0.05;1.95;7.25
2021;197;262;beauce_5_sa_046;solnu;;6.89;0.0;31.58;-6.58;0.0;120.34;138.25;0.08;0.09;0;0;0;-184.44;0.06;0.02;0.0;6.89
2021;263;365;beauce_5_sa_046;BTH;;16.89;0.0;19.26;-68.67;1.5;138.87;70.67;0.0;0.0;0;0.88;0;9.98;0.0;0.0;0.0;16.89
2021;1;206;beauce_5_sa_047;BTH;;3.55;0.0;48.94;18.23;54.07;11.39;21.69;0.04;0.0;0;31.82;0;-299.68;0.0;0.04;0.0;3.55
2021;207;270;beauce_5_sa_047;solnu;;0.47;0.0;28.7;-11.7;0.0;21.69;38.15;0.03;0.04;0;0;0;-212.24;0.02;0.01;0.0;0.47
2021;271;365;beauce_5_sa_047;BTH;;2.27;0.0;15.84;-41.72;0.0;38.53;10.18;0.0;0.0;0;0.0;0;-82.75;0.0;0.0;0.0;2.27
2021;1;189;beauce_5_sa_048;BTH;;8.12;0.0;41.4;16.9;70.36;30.69;11.89;0.04;0.0;0;42.68;0;-152.06;0.0;0.04;0.0;8.12
2021;190;297;beauce_5_sa_048;solnu;;1.26;0.0;43.24;-6.67;0.0;11.89;47.29;0.04;0.02;0;0;0;-275.26;0.01;0.02;0.0;1.26
2021;298;365;beauce_5_sa_048;BTH;;2.91;0.38;9.05;-56.74;2.75;47.54;23.05;0.02;0.0;0;1.62;0;-40.63;0.02;0.0;0.38;2.91
2021;1;214;beauce_5_sa_049;BTH;;7.34;0.65;56.05;22.92;148.76;65.43;38.31;0.14;0.01;0;88.13;0;-168.5;0.09;0.05;0.65;7.34
2021;215;267;beauce_5_sa_049;solnu;;1.82;0.0;24.17;-45.03;0.0;38.31;22.56;0.03;0.04;0;0;0;-208.46;0.02;0.0;0.0;1.82
2021;268;365;beauce_5_sa_049;BTH;;4.29;0.72;17.57;-20.82;1.12;22.56;69.9;0.02;0.0;0;0.66;0;19.18;0.02;0.0;0.72;4.29
2021;1;177;beauce_5_sa_050;BTH;;2.14;0.0;35.6;15.97;54.17;8.57;4.26;0.03;0.0;0;32.58;0;-153.34;0.0;0.03;0.0;2.14
2021;178;263;beauce_5_sa_050;solnu;;0.35;0.0;40.61;-39.7;0.0;4.26;7.83;0.02;0.03;0;0;0;-293.68;0.01;0.01;0.0;0.35
2021;264;365;beauce_5_sa_050;BTH;;1.52;0.0;18.96;-17.05;0.36;8.11;7.85;0.0;0.0;0;0.21;0;-35.36;0.0;0.0;0.0;1.52
2021;1;174;beauce_5_sa_051;BTH;;4.14;0.0;33.88;-4.18;32.84;15.01;7.48;0.02;0.0;0;19.32;0;-85.22;0.0;0.02;0.0;4.14
2021;175;283;beauce_5_sa_051;solnu;;1.01;0.0;47.51;-19.54;0.0;7.48;34.45;0.04;0.03;0;0;0;-263.02;0.01;0.02;0.0;1.01
2021;284;365;beauce_5_sa_051;BTH;;2.45;0.0;12.55;-32.38;1.36;31.36;10.8;0.0;0.0;0;0.8;0;-33.97;0.0;0.0;0.0;2.45
2021;1;215;beauce_5_sa_052;BTH;;24.13;2.08;56.93;53.87;173.96;161.07;234.19;0.46;0.04;0;126.21;0;-256.06;0.39;0.07;2.08;24.13
2021;216;268;beauce_5_sa_052;solnu;;17.32;0.0;23.57;-10.52;0.0;234.19;229.72;0.09;0.11;0;0;0;-151.54;0.08;0.01;0.0;17.32
2021;269;365;beauce_5_sa_052;BTH;;33.06;1.25;16.9;-73.03;10.71;229.99;223.6;0.07;0.0;0;6.3;0;31.88;0.07;0.0;1.25;33.06
2021;1;179;beauce_5_sa_053;BTH;;4.35;0.0;36.62;3.1;43.11;14.97;6.67;0.02;0.0;0;25.37;0;-176.8;0.0;0.02;0.0;4.35
2021;180;285;beauce_5_sa_053;solnu;;0.82;0.0;44.77;-4.14;0.0;6.67;46.46;0.04;0.03;0;0;0;-300.95;0.01;0.03;0.0;0.82
2021;286;365;beauce_5_sa_053;BTH;;2.33;0.0;11.91;-42.68;3.0;46.89;10.36;0.0;0.0;0;1.77;0;-54.18;0.0;0.0;0.0;2.33
2021;1;180;beauce_5_sa_054;BTH;;10.66;3.23;38.46;36.88;164.88;61.11;205.36;0.4;0.03;0;131.94;0;-132.4;0.36;0.05;3.23;10.66
2021;181;257;beauce_5_sa_054;solnu;;18.94;0.0;36.72;-3.06;0.0;205.36;219.85;0.12;0.1;0;0;0;-200.94;0.1;0.02;0.0;18.94
2021;258;365;beauce_5_sa_054;BTH;;31.33;0.0;21.67;-71.65;15.21;220.69;123.32;0.0;0.0;0;8.95;0;49.97;0.0;0.0;0.0;31.33
2021;1;212;beauce_5_sa_055;BTH;;16.41;1.19;54.36;42.27;137.24;78.19;113.24;0.26;0.03;0;87.47;0;-166.03;0.2;0.06;1.19;16.41
2021;213;270;beauce_5_sa_055;solnu;;6.1;0.0;26.15;-11.9;0.0;113.24;121.25;0.07;0.08;0;0;0;-158.3;0.05;0.01;0.0;6.1
2021;271;365;beauce_5_sa_055;BTH;;15.04;0.72;16.28;-69.67;5.01;121.62;102.3;0.04;0.0;0;2.95;0;8.83;0.04;0.0;0.72;15.04
2021;1;181;beauce_5_sa_056;BTH;;2.89;1.53;38.87;28.31;133.7;16.99;62.65;0.17;0.02;0;82.71;0;-126.53;0.13;0.04;1.53;2.89
2021;182;263;beauce_5_sa_056;solnu;;3.93;0.0;39.2;-52.25;0.0;62.65;48.39;0.07;0.07;0;0;0;-229.75;0.06;0.01;0.0;3.93
2021;264;365;beauce_5_sa_056;BTH;;9.3;0.0;19.07;-18.4;0.0;48.39;39.75;0.0;0.0;0;0.0;0;55.98;0.0;0.0;0.0;9.3
2021;1;193;beauce_5_sa_057;BTH;;4.86;0.37;43.28;-4.28;69.38;15.45;8.07;0.05;0.01;0;40.83;0;-72.42;0.03;0.02;0.37;4.86
2021;194;300;beauce_5_sa_057;solnu;;0.72;0.0;42.05;-42.52;0.0;8.07;8.11;0.02;0.01;0;0;0;-214.21;0.0;0.02;0.0;0.72
2021;301;365;beauce_5_sa_057;BTH;;1.48;0.0;8.52;-9.28;0.0;8.11;6.71;0.0;0.0;0;0.0;0;-15.1;0.0;0.0;0.0;1.48
2021;1;192;beauce_5_sa_058;BTH;;2.46;0.21;43.65;18.05;66.77;8.5;17.18;0.05;0.0;0;39.29;0;-168.81;0.01;0.04;0.21;2.46
2021;193;258;beauce_5_sa_058;solnu;;0.46;0.0;31.13;-40.06;0.0;17.18;11.71;0.02;0.03;0;0;0;-236.02;0.01;0.01;0.0;0.46
2021;259;365;beauce_5_sa_058;BTH;;2.23;0.0;21.02;-21.34;0.0;11.28;9.43;0.0;0.0;0;0.0;0;-23.9;0.0;0.0;0.0;2.23
2021;1;171;beauce_5_sa_059;BTH;;22.51;1.88;32.89;26.35;106.76;111.67;187.71;0.07;0.01;0;64.71;0;-110.33;0.04;0.04;1.88;22.51
2021;172;307;beauce_5_sa_059;solnu;;10.54;0.0;53.96;-15.85;0.0;187.71;214.95;0.21;0.12;0;0;0;-337.83;0.18;0.04;0.0;10.54
2021;308;365;beauce_5_sa_059;BTH;;25.9;0.0;7.52;-70.93;2.76;203.7;122.83;0.05;0.0;0;1.62;0;10.74;0.05;0.0;0.0;25.9
2021;1;188;beauce_5_sa_060;BTH;;4.91;0.0;40.88;-2.36;41.89;15.8;7.4;0.02;0.0;0;24.65;0;-116.53;0.0;0.02;0.0;4.91
2021;189;296;beauce_5_sa_060;solnu;;0.74;0.0;43.58;-41.68;0.0;7.4;8.68;0.02;0.02;0;0;0;-241.56;0.0;0.02;0.0;0.74
2021;297;365;beauce_5_sa_060;BTH;;1.59;0.0;9.21;-9.22;0.0;8.67;7.09;0.0;0.0;0;0.0;0;-16.14;0.0;0.0;0.0;1.59
2021;1;170;beauce_5_sa_061;BTH;;1.94;1.2;32.88;6.26;130.32;8.64;5.13;0.1;0.0;0;76.68;0;-20.73;0.07;0.02;1.2;1.94
2021;171;268;beauce_5_sa_061;solnu;;0.63;0.0;45.59;-35.89;0.0;5.13;14.13;0.04;0.04;0;0;0;-205.34;0.02;0.02;0.0;0.63
2021;269;365;beauce_5_sa_061;BTH;;2.45;0.0;17.29;-23.78;0.0;13.08;10.58;0.0;0.0;0;0.0;0;-47.64;0.0;0.0;0.0;2.45
2021;1;191;beauce_5_sa_062;BTH;;12.09;1.67;43.23;30.29;121.64;40.17;106.45;0.13;0.0;0;71.58;0;-84.49;0.09;0.04;1.67;12.09
2021;192;310;beauce_5_sa_062;solnu;;3.84;0.0;45.54;-71.65;0.0;106.45;77.28;0.11;0.11;0;0;0;-239.98;0.08;0.03;0.0;3.84
2021;311;365;beauce_5_sa_062;BTH;;12.01;0.0;6.78;-14.57;0.0;75.44;57.48;0.0;0.0;0;0.0;0;28.55;0.0;0.0;0.0;12.01
2021;1;198;beauce_5_sa_063;BTH;;6.47;0.9;45.96;23.72;81.21;20.77;71.42;0.14;0.01;0;50.43;0;-170.51;0.1;0.04;0.9;6.47
2021;199;273;beauce_5_sa_063;solnu;;2.72;0.0;33.76;-7.13;0.0;71.42;95.18;0.06;0.08;0;0;0;-212.28;0.05;0.02;0.0;2.72
2021;274;365;beauce_5_sa_063;BTH;;8.81;0.0;15.4;-58.62;4.5;95.56;38.69;0.0;0.0;0;2.65;0;-26.44;0.0;0.0;0.0;8.81
2021;1;176;beauce_5_sa_064;BTH;;5.66;0.0;34.71;-4.33;34.65;19.25;9.38;0.02;0.0;0;20.39;0;-126.67;0.0;0.02;0.0;5.66
2021;177;291;beauce_5_sa_064;solnu;;1.11;0.0;48.14;-4.46;0.0;9.38;51.88;0.04;0.03;0;0;0;-290.13;0.02;0.03;0.0;1.11
2021;292;365;beauce_5_sa_064;BTH;;2.96;0.0;10.73;-42.91;3.47;52.39;13.26;0.01;0.0;0;2.04;0;-41.87;0.01;0.0;0.0;2.96
2021;1;229;beauce_5_sa_065;BTH;;5.4;0.0;60.04;6.8;52.76;17.26;27.19;0.04;0.0;0;31.04;0;-284.21;0.0;0.04;0.0;5.4
2021;230;298;beauce_5_sa_065;solnu;;0.8;0.0;24.82;-35.54;0.0;27.19;15.6;0.03;0.04;0;0;0;-166.83;0.02;0.01;0.0;0.8
2021;299;365;beauce_5_sa_065;BTH;;2.75;0.0;8.8;-11.35;0.0;15.12;12.35;0.0;0.0;0;0.0;0;-55.01;0.0;0.0;0.0;2.75
2021;1;174;beauce_5_sa_066;BTH;;8.01;0.89;34.23;13.91;61.28;30.02;76.53;0.08;0.02;0;43.07;0;-108.89;0.05;0.03;0.89;8.01
2021;175;282;beauce_5_sa_066;solnu;;5.94;0.0;47.56;2.08;0.0;76.53;120.81;0.12;0.08;0;0;0;-286.43;0.09;0.03;0.0;5.94
2021;283;365;beauce_5_sa_066;BTH;;11.85;0.0;12.85;-61.59;8.04;121.17;52.18;0.0;0.0;0;4.73;0;-25.86;0.0;0.0;0.0;11.85
2021;1;177;beauce_5_sa_067;BTH;;5.97;1.27;35.41;2.92;135.44;22.08;15.77;0.09;0.0;0;79.7;0;-38.37;0.06;0.02;1.27;5.97
2021;178;313;beauce_5_sa_067;solnu;;2.19;0.0;53.09;-50.05;0.0;15.77;20.24;0.04;0.03;0;0;0;-277.78;0.02;0.03;0.0;2.19
2021;314;365;beauce_5_sa_067;BTH;;3.48;0.0;6.06;-6.58;0.0;19.7;16.8;0.0;0.0;0;0.0;0;4.89;0.0;0.0;0.0;3.48
2021;1;208;beauce_5_sa_068;BTH;;7.19;0.76;50.56;-0.32;83.74;22.91;40.64;0.11;0.01;0;49.28;0;-117.46;0.08;0.03;0.76;7.19
2021;209;305;beauce_5_sa_068;solnu;;1.16;0.0;36.53;-7.24;0.0;40.64;68.65;0.06;0.06;0;0;0;-194.6;0.04;0.02;0.0;1.16
2021;306;365;beauce_5_sa_068;BTH;;4.75;0.0;7.85;-50.27;0.0;68.85;21.84;0.01;0.0;0;0.0;0;-12.55;0.01;0.0;0.0;4.75
2021;1;224;beauce_5_sa_069;BTH;;8.75;0.91;59.94;22.09;152.58;55.41;46.77;0.21;0.02;0;90.1;0;-234.29;0.16;0.05;0.91;8.75
2021;225;290;beauce_5_sa_069;solnu;;1.88;0.0;25.22;-13.82;0.0;46.77;56.2;0.03;0.06;0;0;0;-159.77;0.02;0.01;0.0;1.88
2021;291;365;beauce_5_sa_069;BTH;;5.26;0.5;10.85;-42.33;0.0;56.36;23.21;0.01;0.0;0;0.0;0;-77.59;0.0;0.0;0.5;5.26
2021;1;192;beauce_5_sa_070;BTH;;16.67;1.15;44.16;51.36;158.1;109.52;119.09;0.31;0.03;0;101.86;0;-209.25;0.25;0.06;1.15;16.67
2021;193;266;beauce_5_sa_070;solnu;;7.71;0.0;34.23;-2.19;0.0;119.09;143.26;0.07;0.09;0;0;0;-221.61;0.05;0.02;0.0;7.71
2021;267;365;beauce_5_sa_070;BTH;;18.47;1.13;17.38;-70.13;6.81;143.63;149.63;0.07;0.0;0;4.01;0;-19.57;0.07;0.0;1.13;18.47
2021;1;224;beauce_5_sa_071;BTH;;6.91;1.71;60.35;9.65;167.3;25.15;50.19;0.22;0.02;0;98.45;0;-116.53;0.17;0.05;1.71;6.91
2021;225;305;beauce_5_sa_071;solnu;;1.9;0.0;28.69;-31.82;0.0;50.19;45.06;0.04;0.06;0;0;0;-155.47;0.03;0.01;0.0;1.9
2021;306;365;beauce_5_sa_071;BTH;;5.48;0.0;7.91;-26.13;0.0;40.98;24.61;0.0;0.0;0;0.0;0;-36.59;0.0;0.0;0.0;5.48
2021;1;226;beauce_5_sa_072;BTH;;4.85;0.0;59.06;2.11;49.07;15.51;23.76;0.04;0.0;0;28.88;0;-196.01;0.0;0.04;0.0;4.85
2021;227;297;beauce_5_sa_072;solnu;;0.7;0.0;25.99;-37.91;0.0;23.76;12.17;0.02;0.03;0;0;0;-168.6;0.01;0.01;0.0;0.7
2021;298;365;beauce_5_sa_072;BTH;;2.23;0.0;9.04;-10.01;0.0;12.17;10.03;0.0;0.0;0;0.0;0;-28.35;0.0;0.0;0.0;2.23
2021;1;217;beauce_5_sa_073;BTH;;10.98;1.16;55.82;5.48;140.86;29.17;27.79;0.09;0.0;0;82.89;0;-200.13;0.04;0.05;1.16;10.98
2021;218;316;beauce_5_sa_073;solnu;;2.47;0.0;33.77;-9.72;0.0;27.79;49.3;0.05;0.02;0;0;0;-200.28;0.03;0.02;0.0;2.47
2021;317;365;beauce_5_sa_073;BTH;;3.83;0.0;5.35;-32.84;0.0;49.01;21.5;0.01;0.0;0;0.0;0;-73.98;0.0;0.0;0.0;3.83
2021;1;227;beauce_5_sa_074;BTH;;5.45;0.0;59.15;-3.74;44.72;17.19;24.0;0.04;0.0;0;26.32;0;-210.76;0.0;0.03;0.0;5.45
2021;228;302;beauce_5_sa_074;solnu;;0.78;0.0;26.53;-15.45;0.0;24.0;34.25;0.03;0.03;0;0;0;-158.5;0.02;0.01;0.0;0.78
2021;303;365;beauce_5_sa_074;BTH;;2.42;0.0;8.14;-29.6;0.0;34.44;11.04;0.0;0.0;0;0.0;0;-32.43;0.0;0.0;0.0;2.42
2021;1;177;beauce_5_sa_075;BTH;;2.25;0.27;35.45;14.26;66.91;7.17;8.09;0.04;0.0;0;39.37;0;-135.29;0.01;0.03;0.27;2.25
2021;178;257;beauce_5_sa_075;solnu;;0.42;0.0;37.88;-6.81;0.0;8.09;38.65;0.04;0.04;0;0;0;-233.88;0.02;0.02;0.0;0.42
2021;258;365;beauce_5_sa_075;BTH;;2.58;0.0;21.22;-47.38;0.0;39.46;10.67;0.0;0.0;0;0.0;0;-83.26;0.0;0.0;0.0;2.58
2021;1;202;beauce_5_sa_076;BTH;;2.44;0.0;47.16;10.16;43.18;7.6;19.79;0.04;0.0;0;25.41;0;-163.02;0.0;0.03;0.0;2.44
2021;203;265;beauce_5_sa_076;solnu;;0.36;0.0;29.72;-13.99;0.0;19.79;35.09;0.03;0.04;0;0;0;-184.26;0.02;0.01;0.0;0.36
2021;266;365;beauce_5_sa_076;BTH;;2.09;0.0;17.56;-41.42;0.0;35.36;9.14;0.0;0.0;0;0.0;0;-52.42;0.0;0.0;0.0;2.09
2021;1;206;beauce_5_sa_077;BTH;;13.64;3.03;51.05;49.49;167.99;62.41;211.16;0.44;0.03;0;130.38;0;-231.17;0.38;0.06;3.03;13.64
2021;207;265;beauce_5_sa_077;solnu;;13.78;0.0;28.34;-7.98;0.0;211.16;217.54;0.09;0.11;0;0;0;-176.0;0.08;0.01;0.0;13.78
2021;266;365;beauce_5_sa_077;BTH;;28.87;0.0;17.74;-74.53;8.05;217.84;123.83;0.0;0.0;0;4.73;0;32.55;0.0;0.0;0.0;28.87
2021;1;201;beauce_5_sa_078;BTH;;3.27;1.04;47.54;9.28;133.84;12.55;10.74;0.09;0.0;0;78.76;0;-85.29;0.06;0.03;1.04;3.27
2021;202;287;beauce_5_sa_078;solnu;;0.58;0.0;37.14;-45.06;0.0;10.74;7.85;0.02;0.02;0;0;0;-254.96;0.01;0.01;0.0;0.58
2021;288;365;beauce_5_sa_078;BTH;;1.46;0.0;11.64;-12.58;0.0;7.73;6.33;0.0;0.0;0;0.0;0;15.75;0.0;0.0;0.0;1.46
2021;1;216;beauce_5_sa_079;BTH;;3.25;0.0;54.79;7.31;45.88;10.58;24.24;0.04;0.0;0;27.0;0;-189.24;0.0;0.04;0.0;3.25
2021;217;276;beauce_5_sa_079;solnu;;0.41;0.0;25.24;-38.08;0.0;24.24;11.12;0.02;0.03;0;0;0;-155.67;0.02;0.01;0.0;0.41
2021;277;365;beauce_5_sa_079;BTH;;2.07;0.0;14.45;-14.87;0.0;11.12;9.12;0.0;0.0;0;0.0;0;-37.39;0.0;0.0;0.0;2.07
2021;1;230;beauce_5_sa_080;BTH;;5.46;1.12;62.91;21.76;104.13;17.4;76.99;0.23;0.02;0;61.28;0;-158.44;0.18;0.05;1.12;5.46
2021;231;273;beauce_5_sa_080;solnu;;2.36;0.0;18.72;-49.51;0.0;76.99;47.08;0.04;0.1;0;0;0;-141.44;0.04;0.0;0.0;2.36
2021;274;365;beauce_5_sa_080;BTH;;8.84;0.0;15.89;-17.66;0.0;46.84;38.11;0.0;0.0;0;0.0;0;10.59;0.0;0.0;0.0;8.84
2021;1;202;beauce_5_sa_081;BTH;;5.84;1.11;47.89;38.19;85.96;17.83;96.37;0.17;0.02;0;55.88;0;-188.13;0.12;0.05;1.11;5.84
2021;203;262;beauce_5_sa_081;solnu;;4.26;0.0;28.85;-9.7;0.0;96.37;111.11;0.06;0.09;0;0;0;-185.59;0.05;0.01;0.0;4.26
2021;263;365;beauce_5_sa_081;BTH;;12.41;0.0;19.15;-63.11;3.0;111.7;52.03;0.0;0.0;0;1.77;0;-17.19;0.0;0.0;0.0;12.41
2021;1;215;beauce_5_sa_082;BTH;;10.6;2.21;56.77;35.14;124.37;37.04;161.89;0.35;0.02;0;82.85;0;-112.52;0.29;0.06;2.21;10.6
2021;216;274;beauce_5_sa_082;solnu;;9.31;0.0;25.5;-11.38;0.0;161.89;166.52;0.08;0.1;0;0;0;-143.43;0.07;0.01;0.0;9.31
2021;275;365;beauce_5_sa_082;BTH;;20.23;0.0;15.35;-68.63;4.5;166.88;88.73;0.0;0.0;0;2.65;0;35.04;0.0;0.0;0.0;20.23
2021;1;199;beauce_5_sa_083;BTH;;8.01;1.48;46.62;42.58;129.75;27.22;91.07;0.16;0.0;0;82.48;0;-261.49;0.11;0.05;1.48;8.01
2021;200;275;beauce_5_sa_083;solnu;;2.08;0.0;33.67;-2.67;0.0;91.07;119.82;0.08;0.1;0;0;0;-234.59;0.06;0.02;0.0;2.08
2021;276;365;beauce_5_sa_083;BTH;;10.39;0.0;14.72;-70.79;7.5;120.41;45.86;0.0;0.0;0;4.41;0;-37.8;0.0;0.0;0.0;10.39
2021;1;192;beauce_5_sa_084;BTH;;2.34;0.0;43.13;14.81;47.14;7.2;16.1;0.04;0.0;0;27.74;0;-193.7;0.0;0.04;0.0;2.34
2021;193;262;beauce_5_sa_084;solnu;;0.39;0.0;32.19;-11.55;0.0;16.1;36.29;0.03;0.04;0;0;0;-215.45;0.02;0.01;0.0;0.39
2021;263;365;beauce_5_sa_084;BTH;;2.25;0.0;18.93;-43.43;0.0;36.85;9.55;0.0;0.0;0;0.0;0;-71.06;0.0;0.0;0.0;2.25
2021;1;200;beauce_5_sa_085;BTH;;2.45;0.0;46.22;24.45;51.9;7.7;24.43;0.05;0.0;0;30.54;0;-279.35;0.01;0.04;0.0;2.45
2021;201;260;beauce_5_sa_085;solnu;;0.46;0.0;28.22;-11.69;0.0;24.43;40.43;0.03;0.04;0;0;0;-207.45;0.02;0.01;0.0;0.46
2021;261;365;beauce_5_sa_085;BTH;;2.89;0.0;19.55;-44.97;0.0;41.06;12.12;0.0;0.0;0;0.0;0;-94.52;0.0;0.0;0.0;2.89
2021;1;198;beauce_5_sa_086;BTH;;8.0;1.12;46.04;30.3;85.63;26.07;94.0;0.16;0.02;0;58.29;0;-189.21;0.12;0.05;1.12;8.0
2021;199;275;beauce_5_sa_086;solnu;;4.13;0.0;34.34;-6.04;0.0;94.0;118.01;0.07;0.09;0;0;0;-221.93;0.05;0.02;0.0;4.13
2021;276;365;beauce_5_sa_086;BTH;;11.86;0.0;14.84;-62.93;6.0;118.58;52.06;0.0;0.0;0;3.53;0;-19.05;0.0;0.0;0.0;11.86
2021;1;221;beauce_5_sa_087;BTH;;5.35;0.0;56.54;4.13;53.55;17.14;20.43;0.04;0.0;0;31.51;0;-301.52;0.0;0.04;0.0;5.35
2021;222;306;beauce_5_sa_087;solnu;;0.75;0.0;29.4;-12.0;0.0;20.43;37.03;0.03;0.02;0;0;0;-200.15;0.01;0.01;0.0;0.75
2021;307;365;beauce_5_sa_087;BTH;;2.23;0.0;7.57;-32.77;0.0;37.31;10.29;0.01;0.0;0;0.0;0;-44.13;0.01;0.0;0.0;2.23
2021;1;182;beauce_5_sa_088;BTH;;4.03;0.0;38.23;2.25;43.78;13.88;7.5;0.02;0.0;0;25.76;0;-107.94;0.0;0.02;0.0;4.03
2021;183;293;beauce_5_sa_088;solnu;;0.81;0.0;45.89;-42.78;0.0;7.5;9.8;0.03;0.02;0;0;0;-257.04;0.01;0.02;0.0;0.81
2021;294;365;beauce_5_sa_088;BTH;;1.78;0.0;10.14;-10.13;0.0;9.68;8.02;0.0;0.0;0;0.0;0;-16.04;0.0;0.0;0.0;1.78
2021;1;226;beauce_5_sa_089;BTH;;14.88;0.0;60.99;22.45;117.43;98.19;51.59;0.13;0.01;0;70.38;0;-212.9;0.08;0.05;0.0;14.88
2021;227;269;beauce_5_sa_089;solnu;;2.75;0.0;19.19;-41.85;0.0;51.59;33.18;0.02;0.05;0;0;0;-211.77;0.02;0.0;0.0;2.75
2021;270;365;beauce_5_sa_089;BTH;;6.95;1.08;16.99;-20.87;2.75;33.18;102.19;0.05;0.0;0;1.62;0;10.12;0.05;0.0;1.08;6.95
2021;1;180;beauce_5_sa_090;BTH;;6.02;0.0;36.99;-7.0;34.43;20.45;10.3;0.02;0.0;0;20.26;0;-134.51;0.0;0.02;0.0;6.02
2021;181;307;beauce_5_sa_090;solnu;;1.26;0.0;49.18;-18.66;0.0;10.3;39.62;0.05;0.03;0;0;0;-290.05;0.02;0.03;0.0;1.26
2021;308;365;beauce_5_sa_090;BTH;;3.1;0.0;7.46;-29.57;0.0;34.81;14.39;0.01;0.0;0;0.0;0;-24.08;0.01;0.0;0.0;3.1
2021;1;176;beauce_5_sa_091;BTH;;10.15;2.71;35.47;41.5;175.8;50.66;146.13;0.25;0.03;0;115.58;0;-90.31;0.2;0.05;2.71;10.15
2021;177;285;beauce_5_sa_091;solnu;;10.11;0.0;47.78;6.42;0.0;146.13;183.56;0.13;0.1;0;0;0;-264.08;0.09;0.03;0.0;10.11
2021;286;365;beauce_5_sa_091;BTH;;20.58;0.0;12.24;-75.14;9.59;184.0;90.48;0.01;0.0;0;5.65;0;14.55;0.01;0.0;0.0;20.58
2021;1;217;beauce_5_sa_092;BTH;;3.46;0.47;55.53;16.05;71.08;10.73;43.83;0.1;0.01;0;41.83;0;-166.68;0.05;0.04;0.47;3.46
2021;218;265;beauce_5_sa_092;solnu;;0.63;0.0;21.88;-40.11;0.0;43.83;24.87;0.04;0.06;0;0;0;-132.35;0.03;0.01;0.0;0.63
2021;266;365;beauce_5_sa_092;BTH;;4.15;0.0;17.87;-22.32;0.0;24.08;17.71;0.0;0.0;0;0.0;0;-32.12;0.0;0.0;0.0;4.15
2021;1;201;beauce_5_sa_093;BTH;;11.2;1.37;48.68;31.18;124.02;82.95;131.5;0.29;0.03;0;105.44;0;-311.12;0.25;0.05;1.37;11.2
2021;202;258;beauce_5_sa_093;solnu;;7.9;0.0;28.26;-95.98;0.0;131.5;55.87;0.01;0.0;0;0;0;-76.02;0.01;0.0;0.0;7.9
2021;259;365;beauce_5_sa_093;BTH;;11.17;0.63;21.17;9.06;18.22;55.86;104.0;0.07;0.01;0;10.72;0;61.96;0.05;0.02;0.63;11.17
2021;1;190;beauce_5_sa_094;BTH;;26.28;2.93;42.94;33.59;161.21;140.2;252.09;0.3;0.04;0;109.65;0;-229.28;0.26;0.05;2.93;26.28
2021;191;282;beauce_5_sa_094;solnu;;16.09;0.0;40.52;-89.74;0.0;252.09;187.53;0.09;0.12;0;0;0;-178.04;0.07;0.01;0.0;16.09
2021;283;365;beauce_5_sa_094;BTH;;35.38;0.0;13.25;-6.66;2.64;187.52;156.09;0.0;0.0;0;1.55;0;59.78;0.0;0.0;0.0;35.38
2021;1;188;beauce_5_sa_095;BTH;;6.95;0.81;41.48;19.76;102.79;24.16;36.69;0.12;0.02;0;61.84;0;-64.53;0.08;0.04;0.81;6.95
2021;189;296;beauce_5_sa_095;solnu;;1.58;0.0;44.18;-51.51;0.0;36.69;28.36;0.05;0.06;0;0;0;-229.64;0.03;0.02;0.0;1.58
2021;297;365;beauce_5_sa_095;BTH;;5.24;0.23;9.34;-21.95;2.49;27.92;26.85;0.01;0.0;0;1.47;0;-2.31;0.01;0.0;0.23;5.24
2021;1;193;beauce_5_sa_096;BTH;;7.33;1.96;44.72;39.19;131.38;32.57;125.34;0.29;0.03;0;90.07;0;-166.77;0.24;0.05;1.96;7.33
2021;194;270;beauce_5_sa_096;solnu;;6.81;0.0;35.44;-64.39;0.0;125.34;89.54;0.07;0.09;0;0;0;-200.44;0.06;0.02;0.0;6.81
2021;271;365;beauce_5_sa_096;BTH;;16.87;0.0;16.85;-16.88;0.0;89.54;72.71;0.0;0.0;0;0.0;0;54.15;0.0;0.0;0.0;16.87
2021;1;191;beauce_5_sa_097;BTH;;5.64;0.2;42.39;-8.34;53.0;18.41;8.6;0.03;0.0;0;31.19;0;-104.47;0.0;0.02;0.2;5.64
2021;192;312;beauce_5_sa_097;solnu;;0.99;0.0;45.21;-42.78;0.0;8.6;10.1;0.03;0.01;0;0;0;-232.47;0.01;0.02;0.0;0.99
2021;313;365;beauce_5_sa_097;BTH;;1.73;0.0;6.19;-6.63;0.0;10.03;8.33;0.0;0.0;0;0.0;0;-12.52;0.0;0.0;0.0;1.73
2021;1;210;beauce_5_sa_098;BTH;;13.35;1.81;52.03;57.11;129.06;46.37;150.72;0.23;0.02;0;85.49;0;-300.5;0.16;0.07;1.81;13.35
2021;211;288;beauce_5_sa_098;solnu;;7.41;0.0;31.84;-6.16;0.0;150.72;168.8;0.08;0.1;0;0;0;-228.29;0.07;0.02;0.0;7.41
2021;289;365;beauce_5_sa_098;BTH;;18.73;0.0;11.27;-72.16;6.95;169.05;82.23;0.01;0.0;0;4.09;0;-18.01;0.01;0.0;0.0;18.73
2021;1;221;beauce_5_sa_099;BTH;;7.89;1.18;58.29;9.56;140.67;21.27;30.31;0.09;0.0;0;82.78;0;-141.39;0.05;0.04;1.18;7.89
2021;222;292;beauce_5_sa_099;solnu;;1.46;0.0;27.22;-38.21;0.0;30.31;17.81;0.02;0.03;0;0;0;-151.54;0.01;0.01;0.0;1.46
2021;293;365;beauce_5_sa_099;BTH;;3.31;0.0;10.41;-17.94;0.0;17.76;14.56;0.0;0.0;0;0.0;0;-91.81;0.0;0.0;0.0;3.31
