sortie,parametre_1,parametre_2,R2_interaction,R2_cellules,R2_additif,n,n_cellules
N_lixi,Jours_semis_F1,Dose_F1_1,0.34444743081120643,0.4750774792368423,0.13063004842563586,60,16
N_lixi,has_prepa,Dose_F3_1,0.2788060379624212,0.33095354687508083,0.052147508912659624,60,12
N_lixi,Jours_semis_F1,Dose_F3_1,0.27267075818256314,0.3707836390153958,0.09811288083283265,60,16
N_lixi,Dose_F1_2,Dose_F2_2,0.26342710897877364,0.3714893713527595,0.10806226237398586,60,16
N_lixi,n_ferti,Dose_F2_1,0.26016728614244355,0.29600071845373643,0.03583343231129288,60,12
N_lixi,Dose_F1_1,Dose_F2_2,0.25936283899335677,0.35397518085908886,0.09461234186573209,60,15
N_lixi,Jours_F2_F3,Dose_F2_2,0.25123554707142626,0.39323719704453175,0.1420016499731055,60,16
N_lixi,type_f3_1,Jours_semis_F1,0.2347497852517897,0.3214986503690125,0.0867488651172228,60,12
N_lixi,Jours_semis_F1,Jours_op_recolte,0.23284006330594975,0.3293818531655207,0.09654178985957096,60,16
N_lixi,Jours_F1_F2,Dose_F2_1,0.22675321166221774,0.3162102074555375,0.08945699579331978,60,16
N_lixi,nb_f2,Dose_F3_2,0.22395852143436124,0.2671499461580926,0.043191424723731386,60,12
N_lixi,Jours_op_recolte,Dose_F2_1,0.22117647290518183,0.2589989806798637,0.03782250777468188,60,16
N_lixi,Dose_F2_2,Dose_F3_1,0.21532856529963074,0.31381716268385607,0.09848859738422533,60,16
N_lixi,Jours_F1_F2,Jours_F2_F3,0.2146445850395695,0.373946830286499,0.15930224524692949,60,16
N_lixi,prepa_1,prepa_2,0.20650516695308674,0.256872627764708,0.050367460811621245,60,9
N_lixi,Dose_F2_1,Dose_F2_2,0.20560846156793755,0.2972107830174274,0.09160232144948988,60,16
N_lixi,Jours_av_PREPA,Dose_F2_2,0.204861665580364,0.33787439461059143,0.13301272903022743,60,16
N_lixi,has_prepa,Dose_F3_2,0.20235533897506364,0.24601206825349808,0.04365672927843445,60,12
N_lixi,nb_prepa,type_f3_2,0.2021755482189027,0.23302013452822123,0.030844586309318522,60,9
N_lixi,Dose_F2_2,Dose_F3_2,0.19570221506843088,0.3164456677486672,0.12074345268023634,60,16
N_lixi,type_f3_1,Dose_F2_2,0.19547149340053882,0.26886696195814364,0.07339546855760481,60,12
N_lixi,type_f1_2,Dose_F2_1,0.19543926526539934,0.22404636608866324,0.028607100823263898,60,12
N_lixi,type_f1_2,Jours_F2_F3,0.1954224565855448,0.3007683670768252,0.10534591049128039,60,12
N_lixi,Jours_semis_F1,Dose_F2_2,0.18952932561257185,0.3292622399121783,0.13973291429960644,60,16
N_lixi,nb_f1,type_f2_2,0.18754818744347768,0.27107832570398394,0.08353013826050626,60,9
N_lixi,has_prepa,Dose_F2_1,0.18671245547298498,0.22110051478106818,0.034388059308083196,60,12
N_lixi,type_f2_2,type_f3_1,0.18528993750892286,0.2802277595736671,0.09493782206474422,60,9
N_lixi,prepa_2,type_f3_2,0.1805400489781207,0.21922126947116505,0.038681220493044344,60,9
N_lixi,nb_f1,nb_f3,0.1805041499713399,0.2042359659559534,0.02373181598461349,60,9
N_lixi,Dose_F1_2,Dose_F2_1,0.17953993875741325,0.24335392359795216,0.0638139848405389,60,16
N_lixi,Jours_F1_F2,Dose_F1_2,0.17871202914528783,0.2871158463161606,0.10840381717087277,60,16
N_lixi,type_f2_1,Jours_semis_F1,0.17805014041185707,0.2671723450676954,0.08912220465583831,60,12
N_lixi,type_f2_1,Dose_F3_1,0.17800269640300903,0.2685932976842639,0.09059060128125485,60,12
N_lixi,n_ferti,Jours_F2_F3,0.17768661228854687,0.2903806953793766,0.11269408309082973,60,12
N_lixi,nb_prepa,prepa_2,0.1774645678046114,0.21047239170312793,0.03300782389851653,60,9
N_lixi,nb_prepa,Dose_F1_1,0.1773936428090186,0.23102402069063765,0.05363037788161906,60,12
N_lixi,type_f2_2,Dose_F2_2,0.17682489572003235,0.3021914384846299,0.12536654276459758,60,12
N_lixi,Dose_F3_1,Dose_F3_2,0.1750886837668435,0.2710216912640949,0.09593300749725142,60,16
N_lixi,nb_f2,Jours_op_recolte,0.17361275853873392,0.2144287785521628,0.04081602001342888,60,12
N_lixi,type_f3_2,Jours_F1_F2,0.17271724597674842,0.24033359905486384,0.06761635307811542,60,12
N_lixi,nb_f2,nb_f3,0.1725676106657671,0.21331022524987708,0.04074261458410999,60,9
N_lixi,Jours_av_PREPA,Dose_F3_2,0.17153585756332834,0.26242467446742157,0.09088881690409323,60,16
N_lixi,Jours_op_recolte,Dose_F3_1,0.17148474039466877,0.25872358599773093,0.08723884560306217,60,16
N_lixi,Jours_av_PREPA,Dose_F3_1,0.1707013217443093,0.27846991007914956,0.10776858833484027,60,16
N_lixi,Jours_av_PREPA,Dose_F1_1,0.17063057310236107,0.28687864808310715,0.11624807498074607,60,16
N_lixi,Jours_av_PREPA,Jours_op_recolte,0.17058946180085965,0.25890712840547503,0.08831766660461537,60,16
N_lixi,n_ferti,Jours_F1_F2,0.16865378978893342,0.24601268818701072,0.0773588983980773,60,12
N_lixi,nb_f3,Jours_semis_F1,0.16827709251913348,0.24283699359935373,0.07455990108022026,60,12
N_lixi,type_f3_2,Dose_F2_2,0.1656151719879959,0.24147007776314633,0.07585490577515042,60,12
N_lixi,has_prepa,Jours_op_recolte,0.16548271759245659,0.1878961580274574,0.02241344043500082,60,12
N_lixi,type_f2_1,nb_f3,0.16367486187489344,0.20510443944316825,0.04142957756827481,60,9
N_lixi,prepa_1,Dose_F3_1,0.16360581728400891,0.237504800462514,0.07389898317850507,60,12
N_lixi,prepa_1,Dose_F2_1,0.15990445315840895,0.20965343367512002,0.04974898051671106,60,12
N_lixi,prepa_1,type_f3_2,0.1598108407979686,0.19315717737759797,0.033346336579629376,60,9
N_lixi,Jours_av_PREPA,Dose_F2_1,0.1577766670138805,0.2475453535916572,0.0897686865777767,60,16
N_lixi,nb_f2,Jours_av_PREPA,0.15719348042354375,0.23579917830627573,0.07860569788273197,60,12
N_lixi,nb_prepa,Jours_av_PREPA,0.15631892451919005,0.23490592497078755,0.0785870004515975,60,12
N_lixi,Dose_F1_1,Dose_F2_1,0.1554135406436571,0.2422806837785766,0.0868671431349195,60,16
N_lixi,type_f1_2,Jours_F1_F2,0.1550263414021642,0.2191629258652954,0.0641365844631312,60,12
N_lixi,has_prepa,prepa_2,0.15497391651199555,0.18225936339863424,0.027285446886638698,60,9
N_lixi,type_f3_1,Jours_F2_F3,0.15481024572562097,0.30799556255700467,0.1531853168313837,60,12
N_lixi,type_f3_1,Dose_F2_1,0.15445306540770065,0.21041905556360796,0.05596599015590731,60,12
N_lixi,type_f2_1,Jours_F1_F2,0.1539510802420193,0.2554439369751351,0.10149285673311581,60,12
N_lixi,type_f1_1,Dose_F2_1,0.15269435277947907,0.19337082240526138,0.04067646962578231,60,12
N_lixi,Jours_av_PREPA,Jours_F2_F3,0.1513001218098431,0.3289289804242017,0.17762885861435862,60,16
N_lixi,Jours_F2_F3,Dose_F1_2,0.14914152899933297,0.2580540257741669,0.10891249677483394,60,15
N_lixi,prepa_2,Jours_op_recolte,0.14837480750123078,0.1895407345325525,0.041165927031321714,60,12
N_lixi,nb_f3,type_f3_1,0.14540130400906903,0.18123083087634984,0.0358295268672808,60,9
N_lixi,prepa_2,Dose_F2_1,0.14442383688968907,0.20923069357146595,0.06480685668177688,60,12
N_lixi,Jours_F1_F2,Dose_F1_1,0.14384887573279448,0.25337722511366234,0.10952834938086786,60,16
N_lixi,prepa_1,type_f1_1,0.1417184646663271,0.18832612455134534,0.04660765988501825,60,9
N_lixi,type_f1_1,nb_f2,0.14142113866000094,0.17912236592652875,0.037701227266527804,60,9
N_lixi,nb_f2,Jours_semis_F1,0.14138642294022796,0.2488988907442028,0.10751246780397483,60,12
N_lixi,type_f1_1,Jours_op_recolte,0.14129839493720464,0.175163202106434,0.03386480716922935,60,12
N_lixi,Dose_F1_1,Dose_F3_1,0.1403176561057754,0.2130688447934871,0.07275118868771169,60,16
N_lixi,Jours_op_recolte,Dose_F2_2,0.13955865935545375,0.22865789395417857,0.08909923459872482,60,16
N_lixi,n_ferti,Dose_F1_2,0.139345078163283,0.1790913561992057,0.03974627803592268,60,12
N_lixi,Jours_F2_F3,Dose_F3_2,0.1370818469749291,0.26927014072696753,0.13218829375203844,60,16
N_lixi,prepa_2,type_f1_1,0.1346626006786078,0.1787468430919651,0.04408424241335729,60,9
N_lixi,type_f3_2,Dose_F2_1,0.13450042657652928,0.17559895191901398,0.041098525342484704,60,12
N_lixi,prepa_2,Jours_semis_F1,0.13288968127861955,0.22746802971345048,0.09457834843483093,60,12
N_lixi,nb_f2,Jours_F2_F3,0.13222191789338167,0.26808197509153975,0.13586005719815808,60,12
N_lixi,type_f1_1,Dose_F1_1,0.1321417125972142,0.18577511832665472,0.05363340572944053,60,12
N_lixi,Jours_semis_F1,Dose_F3_2,0.1320781317834312,0.210032366000366,0.07795423421693481,60,16
N_lixi,prepa_2,Dose_F1_2,0.13188025798808534,0.1775089405131659,0.045628682525080566,60,12
N_lixi,has_prepa,nb_f2,0.13002896726515,0.16180816266285125,0.03177919539770124,60,9
N_lixi,prepa_1,type_f2_1,0.12986947917427794,0.18883915336205315,0.05896967418777521,60,9
N_lixi,has_prepa,nb_f3,0.1297304660966926,0.14534529346821567,0.015614827371523088,60,9
N_lixi,prepa_2,Dose_F2_2,0.1296363090028495,0.22418846301144535,0.09455215400859585,60,12
N_lixi,type_f3_2,Jours_semis_F1,0.12929877532720313,0.2148531215683206,0.08555434624111746,60,12
N_lixi,type_f1_2,nb_f3,0.1279712720729621,0.1412908300754755,0.013319558002513388,60,9
N_lixi,nb_f1,Jours_av_PREPA,0.12708757684471694,0.19561787612267534,0.0685302992779584,60,12
N_lixi,nb_f2,Jours_F1_F2,0.12631927977357016,0.21414377484441016,0.08782449507084,60,12
N_lixi,Jours_semis_F1,Jours_F1_F2,0.12512950192073502,0.26310483312302824,0.13797533120229322,60,16
N_lixi,type_f2_1,Jours_op_recolte,0.1250586250397463,0.1755160994690197,0.0504574744292734,60,12
N_lixi,Jours_F2_F3,Dose_F2_1,0.12503742417337316,0.24335933109591856,0.1183219069225454,60,16
N_lixi,nb_prepa,Dose_F2_2,0.12479230002582775,0.20191094753874628,0.07711864751291853,60,12
N_lixi,Jours_semis_F1,Dose_F1_2,0.12409225973980109,0.22782744023066193,0.10373518049086083,60,16
N_lixi,n_ferti,nb_prepa,0.12241359726628598,0.14231900560383748,0.0199054083375515,60,9
N_lixi,nb_f2,Dose_F2_1,0.12197747976629691,0.17814145834319894,0.05616397857690203,60,12
N_lixi,Jours_F1_F2,Dose_F3_2,0.12179732894331696,0.2318617825809305,0.11006445363761352,60,16
N_lixi,Jours_semis_F1,Jours_F2_F3,0.12166978135152662,0.2973426738337507,0.17567289248222406,60,16
N_lixi,type_f1_1,Dose_F2_2,0.12086123182033026,0.20200680942681992,0.08114557760648966,60,12
N_lixi,type_f3_1,Jours_av_PREPA,0.12074151697888935,0.20359032669085164,0.08284880971196229,60,12
N_lixi,type_f1_1,Jours_F2_F3,0.1202946648187675,0.22587717871815682,0.10558251389938933,60,12
N_lixi,type_f3_2,Dose_F3_1,0.11984508429056195,0.17242791862238138,0.05258283433181943,60,12
N_lixi,type_f2_1,Dose_F2_2,0.11794624531634346,0.21570018020326776,0.0977539348869243,60,12
N_lixi,nb_prepa,Jours_F2_F3,0.11771665596053538,0.24605993563011197,0.1283432796695766,60,12
N_lixi,Jours_F2_F3,Dose_F3_1,0.11739874112691473,0.29055168801669284,0.17315294688977811,60,16
N_lixi,nb_f3,Dose_F2_2,0.11604261763116719,0.19038053420097478,0.0743379165698076,60,12
N_lixi,type_f3_1,Jours_op_recolte,0.11594220187941584,0.1674369510515945,0.05149474917217867,60,12
N_lixi,nb_f1,Jours_semis_F1,0.11485820611974507,0.21384054499473582,0.09898233887499075,60,12
N_lixi,nb_f1,Dose_F1_2,0.11375232223654597,0.16765422948829733,0.05390190725175137,60,12
N_lixi,has_prepa,Jours_av_PREPA,0.11312793683034639,0.17893769202340548,0.0658097551930591,60,12
N_lixi,type_f2_1,Dose_F2_1,0.11256368142967266,0.1742124047404675,0.06164872331079485,60,12
N_lixi,Jours_op_recolte,Dose_F3_2,0.11236994230206787,0.15916919427208331,0.04679925197001544,60,16
N_lixi,Jours_F2_F3,Jours_op_recolte,0.11110642008285787,0.22628006461357808,0.11517364453072021,60,16
N_lixi,prepa_2,nb_f3,0.11024012109708092,0.14794131755546813,0.03770119645838721,60,9
N_lixi,prepa_1,nb_f1,0.11022880064226559,0.1546593987636642,0.0444305981213986,60,9
N_lixi,type_f2_1,Dose_F1_1,0.10949309025985632,0.1898189889181482,0.08032589865829187,60,12
N_lixi,has_prepa,Dose_F1_1,0.10900241556023982,0.15666674733879027,0.04766433177855045,60,12
N_lixi,type_f2_1,Dose_F1_2,0.10846294929945666,0.1725772532803983,0.06411430398094164,60,12
N_lixi,type_f1_2,Jours_av_PREPA,0.10846045228783374,0.17715733100661435,0.06869687871878061,60,12
N_lixi,nb_f2,Dose_F2_2,0.10841020440138727,0.214658171457215,0.10624796705582773,60,12
N_lixi,n_ferti,has_prepa,0.10781147282777948,0.12114795909321385,0.013336486265434377,60,9
N_lixi,nb_f1,Jours_F2_F3,0.1076039866606463,0.22473007342989249,0.11712608676924618,60,12
N_lixi,type_f1_2,Jours_semis_F1,0.10690531304111173,0.18123869723929986,0.07433338419818813,60,12
N_lixi,Jours_F1_F2,Jours_op_recolte,0.105815591171737,0.19056453365009962,0.08474894247836262,60,16
N_lixi,type_f1_1,Jours_av_PREPA,0.10546779822907193,0.19047817845481174,0.08501038022573981,60,12
N_lixi,prepa_2,Dose_F3_2,0.10486552972790064,0.1625217780546001,0.057656248326699466,60,12
N_lixi,prepa_1,type_f1_2,0.10404898219989,0.1306380662471306,0.026589084047240585,60,9
N_lixi,nb_f2,Dose_F1_1,0.10376231638272615,0.20058632226745055,0.0968240058847244,60,11
N_lixi,Jours_F1_F2,Dose_F3_1,0.10316135399643267,0.2265768190736992,0.12341546507726653,60,16
N_lixi,nb_f1,Jours_F1_F2,0.10214356962878068,0.18561492640948973,0.08347135678070905,60,12
N_lixi,nb_f3,Dose_F1_1,0.10199793815714131,0.1538634856382909,0.051865547481149576,60,12
N_lixi,n_ferti,type_f1_2,0.10140645438596152,0.10779078446836843,0.006384330082406908,60,9
N_lixi,Jours_F1_F2,Dose_F2_2,0.10064406367012813,0.2076034241359992,0.10695936046587107,60,16
N_lixi,Jours_op_recolte,Dose_F1_1,0.0997343287897795,0.17192004365026337,0.07218571486048386,60,16
N_lixi,type_f2_2,Jours_F1_F2,0.0996510520666456,0.2226579293399431,0.12300687727329751,60,12
N_lixi,n_ferti,Dose_F1_1,0.09931737368717386,0.14948380542463158,0.05016643173745772,60,12
N_lixi,nb_f3,Dose_F2_1,0.09909243405094292,0.13945486522274209,0.04036243117179916,60,12
N_lixi,nb_f1,nb_f2,0.0986480463885423,0.14484701625623797,0.04619896986769567,60,9
N_lixi,nb_f3,Dose_F1_2,0.09833300965537872,0.13377666066830063,0.035443651012921906,60,12
N_lixi,type_f1_2,Dose_F3_1,0.09728096725839297,0.14236525886859352,0.045084291610200555,60,12
N_lixi,Dose_F1_1,Dose_F1_2,0.09667080263473193,0.17492412565567572,0.07825332302094379,60,16
N_lixi,Dose_F1_1,Dose_F3_2,0.09588862514234453,0.17408713356373295,0.07819850842138842,60,16
N_lixi,type_f1_1,Dose_F1_2,0.09551002986779533,0.14154921833224343,0.0460391884644481,60,12
N_lixi,type_f3_1,Dose_F1_1,0.09538653456935975,0.1558320241756016,0.06044548960624185,60,12
N_lixi,nb_prepa,Jours_F1_F2,0.09509634309499504,0.17138186468480232,0.07628552158980728,60,12
N_lixi,prepa_2,Dose_F3_1,0.09482212675382362,0.16679520791074054,0.07197308115691692,60,12
N_lixi,type_f2_2,nb_f3,0.09412561904855554,0.18778151655793884,0.0936558975093833,60,9
N_lixi,type_f1_1,Dose_F3_1,0.09391067626010041,0.15013765214618802,0.056226975886087605,60,12
N_lixi,type_f2_2,type_f3_2,0.09334067492755205,0.19832269354102028,0.10498201861346823,60,9
N_lixi,type_f1_2,Dose_F3_2,0.09304076677761564,0.1299981250065635,0.036957358228947856,60,12
N_lixi,prepa_1,Jours_F1_F2,0.09292713140348352,0.1765973095157366,0.08367017811225308,60,12
N_lixi,type_f1_2,Dose_F1_1,0.09282813905729392,0.13941155004911943,0.0465834109918255,60,12
N_lixi,nb_f2,Jour_Semis,0.09235554082386599,0.9079867318090041,0.8156311909851381,60,12
N_lixi,type_f1_1,Jours_F1_F2,0.09113074025925161,0.17495693238109666,0.08382619212184506,60,12
N_lixi,Jour_Semis,Jours_F2_F3,0.09101459791532007,0.9030062547309885,0.8119916568156684,60,16
N_lixi,prepa_1,Dose_F3_2,0.0905078788757766,0.14667262258919223,0.05616474371341562,60,12
N_lixi,prepa_1,Dose_F2_2,0.09029710519859047,0.18457190833370207,0.0942748031351116,60,12
N_lixi,nb_f1,Dose_F1_1,0.0896711381032409,0.13986095733584514,0.05018981923260424,60,12
N_lixi,type_f2_2,Dose_F3_1,0.0879527623547095,0.2367082175822589,0.1487554552275494,60,12
N_lixi,Jour_Semis,Dose_F3_2,0.08778662597806519,0.8943253541387295,0.8065387281606643,60,15
N_lixi,type_f2_2,Dose_F1_1,0.08771913425002242,0.1754409498500047,0.08772181559998227,60,12
N_lixi,Jour_Semis,Dose_F1_2,0.08696412191355996,0.8890134613825142,0.8020493394689543,60,16
N_lixi,type_f3_1,Dose_F3_2,0.08547481357036213,0.1640483975441327,0.07857358397377057,60,12
N_lixi,n_ferti,Dose_F3_2,0.08540433930934865,0.12769708662669943,0.042292747317350776,60,12
N_lixi,nb_prepa,Dose_F1_2,0.08404085910506087,0.13438639253051343,0.05034553342545256,60,12
N_lixi,prepa_1,Jours_F2_F3,0.08316006157195943,0.19734313360176314,0.11418307202980371,60,12
N_lixi,type_f1_2,type_f3_2,0.083134442589195,0.09507639090525766,0.011941948316062656,60,9
N_lixi,has_prepa,Dose_F1_2,0.0830628973829397,0.12240847569112667,0.03934557830818697,60,12
N_lixi,has_prepa,type_f1_1,0.0827373485236429,0.10504584830040653,0.022308499776763635,60,9
N_lixi,nb_prepa,Jours_semis_F1,0.08178910154015984,0.16506367962742607,0.08327457808726624,60,12
N_lixi,Jours_F2_F3,Dose_F1_1,0.08153171240667034,0.2082247485043046,0.12669303609763427,60,15
N_lixi,type_f2_2,Jours_av_PREPA,0.08048699843510887,0.2236047605796081,0.14311776214449923,60,12
N_lixi,nb_f3,Jours_av_PREPA,0.08011849181812603,0.15136335051925853,0.07124485870113251,60,12
N_lixi,Dose_F1_2,Dose_F3_2,0.07937605510458923,0.13849411774415943,0.0591180626395702,60,16
N_lixi,nb_f1,Dose_F2_1,0.0791378651148682,0.1185545365884988,0.03941667147363059,60,12
N_lixi,Jour_Semis,Jours_av_PREPA,0.07898905838731385,0.9037219401111493,0.8247328817238354,60,16
N_lixi,type_f1_1,Jours_semis_F1,0.07892114776794235,0.16323616474409985,0.08431501697615751,60,12
N_lixi,prepa_1,Jours_av_PREPA,0.07786980720942849,0.17990911189872616,0.10203930468929767,60,11
N_lixi,type_f1_2,type_f2_2,0.07684749339874908,0.16354335379962426,0.08669586040087518,60,9
N_lixi,type_f1_2,Jours_op_recolte,0.07677978786406248,0.09531964223005807,0.01853985436599559,60,12
N_lixi,nb_prepa,Dose_F3_1,0.0764502072561829,0.143238747219959,0.0667885399637761,60,12
N_lixi,n_ferti,type_f3_1,0.07599442622352115,0.10969332160027168,0.033698895376750526,60,9
N_lixi,prepa_2,type_f2_2,0.07559445718560687,0.2049002100784536,0.12930575289284674,60,9
N_lixi,type_f2_1,type_f2_2,0.07540501140502975,0.21907661788395894,0.14367160647892918,60,9
N_lixi,nb_f2,type_f2_1,0.07522843125706069,0.1500096258251894,0.0747811945681287,60,9
N_lixi,Dose_F2_1,Dose_F3_2,0.07518270105320801,0.1348379423592837,0.05965524130607569,60,15
N_lixi,type_f3_2,Jours_op_recolte,0.07462057362075813,0.10372527037011559,0.02910469674935745,60,12
N_lixi,prepa_1,Dose_F1_1,0.0740068483804085,0.14735441728655407,0.07334756890614558,60,12
N_lixi,prepa_2,Jours_F1_F2,0.07381859146552672,0.16696111303101724,0.09314252156549052,60,12
N_lixi,type_f1_2,nb_f2,0.07347464623280708,0.1024593435214809,0.02898469728867381,60,9
N_lixi,nb_f3,Dose_F3_1,0.07307007622441941,0.1373135257853072,0.06424344956088779,60,12
N_lixi,type_f2_2,Jour_Semis,0.07297290230651043,0.8964010255447117,0.8234281232382012,60,12
N_lixi,Jours_av_PREPA,Jours_semis_F1,0.07276318234325718,0.23743092452567705,0.16466774218241986,60,16
N_lixi,nb_f1,Dose_F2_2,0.07233218331440083,0.15202146654698512,0.07968928323258428,60,12
N_lixi,nb_f2,Dose_F3_1,0.07229421347346976,0.157409327505437,0.08511511403196725,60,12
N_lixi,type_f2_2,Jours_semis_F1,0.07228050010936116,0.2376610717285772,0.16538057161921604,60,12
N_lixi,Jour_Semis,Dose_F1_1,0.07093971096465723,0.8947326726273878,0.8237929616627305,60,16
N_lixi,Jour_Semis,Dose_F3_1,0.07089984126549087,0.9106220917307746,0.8397222504652837,60,16
N_lixi,n_ferti,Jours_op_recolte,0.07075897131824915,0.09613481203463159,0.025375840716382436,60,12
N_lixi,Jours_op_recolte,Dose_F1_2,0.07072413310884218,0.11553016392778648,0.0448060308189443,60,15
N_lixi,type_f3_2,Dose_F1_2,0.07061978155567517,0.12290338444709537,0.0522836028914202,60,12
N_lixi,nb_prepa,type_f3_1,0.07038524300051985,0.11556305272726441,0.04517780972674457,60,9
N_lixi,nb_prepa,type_f1_1,0.07012638585715103,0.10355551406369601,0.03342912820654498,60,9
N_lixi,type_f3_1,Jours_F1_F2,0.06999301849018202,0.1506218638565875,0.08062884536640547,60,12
N_lixi,prepa_1,nb_f2,0.06975249148962825,0.1256006322072557,0.05584814071762745,60,9
N_lixi,nb_f3,Jours_op_recolte,0.06886091442337039,0.09520984489961826,0.026348930476247867,60,12
N_lixi,prepa_2,type_f2_1,0.06831837167879395,0.13192370603993575,0.0636053343611418,60,9
N_lixi,nb_f1,Dose_F3_2,0.06807948333092173,0.12337123541370443,0.0552917520827827,60,12
N_lixi,Dose_F2_1,Dose_F3_1,0.06560137213296724,0.12371176236593173,0.05811039023296449,60,15
N_lixi,nb_prepa,type_f2_1,0.06528334160767457,0.11111955290076636,0.04583621129309179,60,9
N_lixi,type_f3_2,Jours_F2_F3,0.06489755456757496,0.1862328207916859,0.12133526622411095,60,12
N_lixi,type_f3_2,Dose_F3_2,0.06428795989618552,0.11038833830275585,0.04610037840657033,60,12
N_lixi,n_ferti,Jours_semis_F1,0.06208441462543679,0.14344662424791532,0.08136220962247853,60,12
N_lixi,type_f3_2,Jours_av_PREPA,0.0618575886223387,0.14203531658894775,0.08017772796660905,60,12
N_lixi,nb_f2,type_f3_1,0.06082644726947195,0.13646551584148958,0.07563906857201763,60,9
N_lixi,type_f3_1,Dose_F3_1,0.060360108213740826,0.12172361923484609,0.061363511021105266,60,12
N_lixi,prepa_1,type_f3_1,0.06026610567598989,0.10210983703349596,0.041843731357506075,60,9
N_lixi,type_f1_2,type_f3_1,0.05992764486054747,0.08895822710300416,0.029030582242456693,60,9
N_lixi,type_f2_2,Dose_F1_2,0.05959018682877659,0.19099277516119795,0.13140258833242136,60,12
N_lixi,has_prepa,type_f2_1,0.05925166067038312,0.10036813935397548,0.04111647868359236,60,9
N_lixi,n_ferti,Dose_F2_2,0.05903718566820626,0.14343515012340557,0.08439796445519931,60,12
N_lixi,nb_prepa,Jours_op_recolte,0.05858386846851682,0.08630133254164019,0.027717464073123366,60,12
N_lixi,Dose_F1_2,Dose_F3_1,0.05793204299543531,0.14056240098103945,0.08263035798560414,60,16
N_lixi,prepa_1,Dose_F1_2,0.05779454320775512,0.10314351616733686,0.045348972959581735,60,12
N_lixi,n_ferti,type_f1_1,0.05746855502267967,0.07541909538361902,0.01795054036093935,60,9
N_lixi,nb_prepa,nb_f1,0.057334406307773755,0.09156463082779309,0.03423022452001934,60,9
N_lixi,nb_f2,type_f2_2,0.05733318682614019,0.18627881342441366,0.12894562659827347,60,9
N_lixi,type_f2_1,type_f3_2,0.05606091322488993,0.10588282613014577,0.04982191290525584,60,9
N_lixi,nb_prepa,Dose_F3_2,0.055851959701737064,0.09577556678850274,0.03992360708676568,60,12
N_lixi,type_f1_2,type_f2_1,0.05567237446380913,0.0957167648588041,0.040044390394994966,60,9
N_lixi,Jour_Semis,Dose_F2_2,0.05557558927782513,0.8973364912882392,0.8417609020104141,60,16
N_lixi,Jours_semis_F1,Dose_F2_1,0.055493566724780674,0.14087835198923548,0.08538478526445481,60,16
N_lixi,Jour_Semis,Jours_op_recolte,0.05548520784513633,0.8970579756046179,0.8415727677594815,60,16
N_lixi,nb_f2,type_f3_2,0.055227550196848774,0.08402653972280294,0.028798989525954166,60,9
N_lixi,type_f3_2,Dose_F1_1,0.05501517092963726,0.11960752043480283,0.06459234950516557,60,12
N_lixi,nb_prepa,type_f1_2,0.05488993710435164,0.07116318429364721,0.01627324718929557,60,9
N_lixi,Jour_Semis,Jours_semis_F1,0.05452920577551568,0.8866701409355655,0.8321409351600498,60,16
N_lixi,type_f2_1,Dose_F3_2,0.05433123820519259,0.13148312564179887,0.07715188743660628,60,12
N_lixi,type_f1_1,type_f3_2,0.05396317561126396,0.07449504397708029,0.02053186836581633,60,9
N_lixi,nb_f1,type_f1_2,0.05380260805107839,0.07058171744482955,0.016779109393751157,60,9
N_lixi,has_prepa,Jours_F2_F3,0.05312783905104623,0.1776165164719936,0.12448867742094738,60,12
N_lixi,prepa_2,nb_f2,0.052937766082126414,0.10354877244745808,0.05061100636533167,60,9
N_lixi,nb_f1,type_f3_2,0.051556182389224214,0.07145816078249467,0.01990197839327046,60,9
N_lixi,prepa_1,Jours_op_recolte,0.05153844090699078,0.09296871983515187,0.04143027892816109,60,12
N_lixi,type_f2_2,Jours_op_recolte,0.050937599441149284,0.14550717373839195,0.09456957429724266,60,12
N_lixi,has_prepa,prepa_1,0.050210942026610916,0.08360234624841434,0.03339140422180342,60,9
N_lixi,has_prepa,Dose_F2_2,0.049831143259697064,0.12660745006392082,0.07677630680422376,60,12
N_lixi,Jours_av_PREPA,Dose_F1_2,0.04936676233582571,0.15792892331082964,0.10856216097500393,60,16
N_lixi,type_f2_1,Jours_F2_F3,0.04923934828021381,0.1977459242508971,0.14850657597068329,60,12
N_lixi,Jours_av_PREPA,Jours_F1_F2,0.04919477218367807,0.19767273161924015,0.14847795943556208,60,16
N_lixi,type_f1_1,type_f3_1,0.04908051681826975,0.09472579405512627,0.04564527723685652,60,9
N_lixi,nb_f3,Jours_F1_F2,0.04899636740986102,0.12979815334405576,0.08080178593419474,60,12
N_lixi,Jour_Semis,Jours_F1_F2,0.04885045934967802,0.8933411309285285,0.8444906715788505,60,16
N_lixi,has_prepa,Jours_F1_F2,0.04854016886731316,0.1287016112074243,0.08016144234011113,60,12
N_lixi,type_f2_2,Dose_F3_2,0.048249191563304095,0.15990614836551553,0.11165695680221144,60,12
N_lixi,n_ferti,type_f3_2,0.04759814501149939,0.06453670773459086,0.016938562723091466,60,9
N_lixi,n_ferti,prepa_1,0.04651518115193454,0.08096169889747118,0.03444651774553664,60,9
N_lixi,prepa_1,Jours_semis_F1,0.04627227442459325,0.1122403281280544,0.06596805370346115,60,12
N_lixi,nb_prepa,nb_f3,0.046037843480491225,0.0669842143621151,0.020946370881623877,60,9
N_lixi,nb_prepa,Dose_F2_1,0.0456099176534267,0.09081247956411265,0.045202561910685946,60,12
N_lixi,nb_prepa,nb_f2,0.04549621158041561,0.08801415610462204,0.04251794452420643,60,9
N_lixi,prepa_1,type_f2_2,0.04472416131705115,0.16026249379002688,0.11553833247297574,60,9
N_lixi,prepa_2,type_f3_1,0.04463562312666047,0.10667665800679882,0.062041034880138346,60,9
N_lixi,nb_f3,Jours_F2_F3,0.04423883103585835,0.16788789622696387,0.12364906519110552,60,12
N_lixi,has_prepa,type_f3_2,0.044207105155308235,0.0631247578293066,0.018917652673998364,60,9
N_lixi,n_ferti,nb_f3,0.043974867169849996,0.06190644049493865,0.017931573325088657,60,9
N_lixi,type_f2_1,Jour_Semis,0.04306355533198747,0.8744807802879386,0.8314172249559512,60,12
N_lixi,nb_prepa,Jour_Semis,0.04227527727428004,0.8867801857391626,0.8445049084648826,60,12
N_lixi,nb_f3,Dose_F3_2,0.04209208089150174,0.08628596944580103,0.04419388855429929,60,12
N_lixi,type_f1_2,Dose_F2_2,0.04195060404641093,0.11118842555408492,0.06923782150767399,60,12
N_lixi,has_prepa,Jour_Semis,0.04065572226917091,0.894712431440266,0.8540567091710951,60,12
N_lixi,prepa_1,nb_f3,0.04039648951538988,0.06819492404159422,0.02779843452620434,60,9
N_lixi,nb_f1,type_f1_1,0.039457713371865766,0.06366728145022615,0.02420956807836039,60,9
N_lixi,has_prepa,type_f1_2,0.039162740502674875,0.04743095176869783,0.008268211266022951,60,9
N_lixi,type_f2_2,Jours_F2_F3,0.03880872910751865,0.18785383062817096,0.1490451015206523,60,12
N_lixi,type_f3_1,type_f3_2,0.03864247427036416,0.08059748418902568,0.04195500991866152,60,9
N_lixi,nb_prepa,prepa_1,0.03822957122037163,0.0790074391839789,0.04077786796360727,60,9
N_lixi,type_f3_2,Jour_Semis,0.038146861926329434,0.8865918017072338,0.8484449397809044,60,12
N_lixi,has_prepa,type_f2_2,0.03762843578117947,0.1320035942944895,0.09437515851331002,60,9
N_lixi,has_prepa,nb_prepa,0.0375232518770936,0.06221434865936504,0.024691096782271438,60,9
N_lixi,prepa_2,Jours_F2_F3,0.036746538479059176,0.16913902259349578,0.1323924841144366,60,11
N_lixi,prepa_2,type_f1_2,0.035927889060859974,0.06656567572333416,0.030637786662474187,60,9
N_lixi,n_ferti,Jours_av_PREPA,0.03544510922141508,0.10231305273989788,0.0668679435184828,60,12
N_lixi,n_ferti,prepa_2,0.03520351081174977,0.06707325767454875,0.031869746862798976,60,9
N_lixi,has_prepa,nb_f1,0.03493452495124949,0.05950941828659306,0.024574893335343573,60,9
N_lixi,nb_f1,Dose_F3_1,0.03344477646397659,0.08745794359213344,0.05401316712815685,60,12
N_lixi,prepa_1,Jour_Semis,0.033341298593275726,0.8754350472795651,0.8420937486862894,60,12
N_lixi,nb_prepa,type_f2_2,0.03258841625424791,0.13469960923989888,0.10211119298565097,60,9
N_lixi,has_prepa,Jours_semis_F1,0.03257632409824418,0.11647131748685402,0.08389499338860984,60,12
N_lixi,prepa_2,Dose_F1_1,0.03234196126275091,0.09296629818183122,0.06062433691908031,60,12
N_lixi,n_ferti,nb_f1,0.03195681418089469,0.05244618441440185,0.020489370233507165,60,9
N_lixi,prepa_2,Jour_Semis,0.031921323368679144,0.8761366211701349,0.8442152978014558,60,12
N_lixi,nb_f3,type_f3_2,0.03130586153178572,0.0537812033436359,0.02247534181185018,60,9
N_lixi,type_f1_1,nb_f3,0.03122605840517778,0.0622263086690632,0.03100025026388542,60,9
N_lixi,n_ferti,Dose_F3_1,0.031168117124661165,0.07947995197656388,0.04831183485190271,60,12
N_lixi,nb_f1,Jours_op_recolte,0.031026387795255794,0.06680979887413052,0.03578341107887473,60,12
N_lixi,Jour_Semis,Dose_F2_1,0.03016714150940847,0.9073618600158782,0.8771947185064697,60,16
N_lixi,nb_f3,Jour_Semis,0.029947935457852015,0.8805906191341784,0.8506426836763263,60,12
N_lixi,n_ferti,nb_f2,0.027061465129063156,0.06067231630545966,0.033610851176396506,60,9
N_lixi,prepa_2,nb_f1,0.02669846571910295,0.0695811387443499,0.04288267302524695,60,9
N_lixi,type_f2_2,Dose_F2_1,0.026316175142680365,0.12966880577273376,0.1033526306300534,60,12
N_lixi,prepa_2,Jours_av_PREPA,0.026278462383422574,0.11555110985398964,0.08927264747056707,60,12
N_lixi,n_ferti,type_f2_1,0.025233500576714474,0.07465724652410599,0.04942374594739152,60,9
N_lixi,n_ferti,type_f2_2,0.02506815297981968,0.11579596153876959,0.09072780855894991,60,9
N_lixi,nb_f1,type_f3_1,0.02492108987083419,0.06761252969229425,0.042691439821460064,60,9
N_lixi,type_f1_1,type_f1_2,0.02367995748145968,0.03767407655418664,0.013994119072726963,60,9
N_lixi,type_f1_1,Dose_F3_2,0.02342635407418936,0.06574568165022554,0.04231932757603618,60,12
N_lixi,type_f3_1,Jour_Semis,0.02103922162154337,0.869518421549029,0.8484791999274857,60,12
N_lixi,nb_f1,type_f2_1,0.020630389842838603,0.08100286436766946,0.060372474524830855,60,9
N_lixi,type_f2_1,Jours_av_PREPA,0.020545753246271392,0.12115888176419931,0.10061312851792792,60,12
N_lixi,has_prepa,type_f3_1,0.019770589377777092,0.05600860574973521,0.036238016371958115,60,9
N_lixi,type_f3_1,Dose_F1_2,0.019645525258680574,0.09139975319191251,0.07175422793323194,60,12
N_lixi,type_f1_2,Jour_Semis,0.01572252128572882,0.8790928179408171,0.8633702966550882,60,12
N_lixi,type_f1_2,Dose_F1_2,0.01470822582100495,0.04807593704234159,0.03336771122133664,60,12
N_lixi,nb_f2,Dose_F1_2,0.014290768303486301,0.061232371510112515,0.046941603206626215,60,12
N_lixi,type_f2_1,type_f3_1,0.013094945538169589,0.07100668385496645,0.05791173831679686,60,9
N_lixi,type_f1_1,type_f2_2,0.013007415230428365,0.10496342736789888,0.09195601213747051,60,9
N_lixi,type_f1_1,Jour_Semis,0.011914793535562018,0.8848853605095006,0.8729705669739386,60,12
N_lixi,n_ferti,Jour_Semis,0.006849121231645494,0.8695930119022073,0.8627438906705618,60,12
N_lixi,nb_f1,Jour_Semis,0.006823282325195579,0.8735588591860369,0.8667355768608414,60,12
N_lixi,type_f1_1,type_f2_1,0.00552693692640005,0.058437309926369085,0.052910372999969035,60,9
