annee;jourDebut;jourFin;parcelle;couvert;itk;evaporation[mm];transpiration[mm];percolation[mm];capilarite[mm];ruissellement[mm];Hr_debut[mm];Hm_debut[mm];Hr_fin[mm];Hm_fin[mm];Hr_1erJanv[mm];Hm_1erJanv[mm];satisfactionHydrique[%];pluie[mm];irrigation[mm];sommeDegresJourCulture[°C]
2019;213;269;beauce_5_sa_000;solnu;;91.42;0.0;0.0;0.01;0.0;45.53;248.32;19.18;221.97;-1.0;-1.0;0.0;65.07;0.0;0.0
2019;270;365;beauce_5_sa_000;BTH;BTH;46.67;0.68;14.25;0.76;0.0;17.96;220.75;63.24;310.4;-1.0;-1.0;85.55;150.83;0.0;800.34
2019;213;259;beauce_5_sa_001;solnu;;80.86;0.0;0.0;0.01;0.0;45.53;248.32;12.37;215.16;-1.0;-1.0;0.0;47.7;0.0;0.0
2019;260;365;beauce_5_sa_001;BTH;BTH;54.35;2.14;15.66;0.59;0.0;11.56;214.35;82.16;310.4;-1.0;-1.0;81.98;168.21;0.0;968.3
2019;213;317;beauce_5_sa_002;solnu;;122.65;0.0;0.0;0.1;0.0;45.53;248.32;56.91;278.98;-1.0;-1.0;0.0;153.32;0.0;0.0
2019;318;365;beauce_5_sa_002;BTH;BTH;18.21;0.0;12.15;0.18;0.0;56.36;278.44;56.91;310.4;-1.0;-1.0;97.92;62.59;0.0;276.42
2019;213;277;beauce_5_sa_003;solnu;;98.32;0.0;0.0;0.01;0.0;45.53;248.32;16.74;219.52;-1.0;-1.0;0.0;69.83;0.0;0.0
2019;278;365;beauce_5_sa_003;BTH;BTH;41.1;0.24;13.34;0.84;0.0;16.48;219.27;56.91;310.4;-1.0;-1.0;88.63;146.07;0.0;686.34
2019;213;302;beauce_5_sa_004;solnu;;113.37;0.0;0.0;0.01;0.0;45.53;248.32;45.95;248.74;-1.0;-1.0;0.0;117.49;0.0;0.0
2019;303;365;beauce_5_sa_004;BTH;BTH;27.54;0.0;12.09;0.73;0.0;49.13;251.91;56.91;310.4;-1.0;-1.0;98.38;98.41;0.0;412.94
2019;213;265;beauce_5_sa_005;solnu;;86.32;0.0;0.0;0.01;0.0;45.53;248.32;24.28;227.07;-1.0;-1.0;0.0;65.07;0.0;0.0
2019;266;365;beauce_5_sa_005;BTH;BTH;50.81;1.13;14.75;0.68;0.0;23.37;226.16;71.36;310.4;-1.0;-1.0;83.54;150.83;0.0;871.06
2019;213;258;beauce_5_sa_006;solnu;;80.32;0.0;0.0;0.01;0.0;45.53;248.32;12.22;215.01;-1.0;-1.0;0.0;47.7;0.0;0.0
2019;259;365;beauce_5_sa_006;BTH;BTH;54.84;2.27;15.59;0.57;0.0;12.25;215.04;83.86;310.4;-1.0;-1.0;80.98;168.21;0.0;989.01
2019;213;305;beauce_5_sa_007;solnu;;115.44;0.0;0.0;0.01;0.0;45.53;248.32;48.28;251.07;-1.0;-1.0;0.0;132.58;0.0;0.0
2019;306;365;beauce_5_sa_007;BTH;BTH;25.45;0.0;12.13;0.67;0.0;56.91;264.88;56.91;310.4;-1.0;-1.0;98.33;83.32;0.0;384.84
2019;213;258;beauce_5_sa_008;solnu;;80.2;0.0;0.0;0.01;0.0;45.53;248.32;12.34;215.13;-1.0;-1.0;0.0;47.7;0.0;0.0
2019;259;365;beauce_5_sa_008;BTH;BTH;54.66;2.34;15.82;0.57;0.0;12.38;215.17;83.86;310.4;-1.0;-1.0;82.07;168.21;0.0;989.01
2019;213;296;beauce_5_sa_009;solnu;;109.14;0.0;0.0;0.01;0.0;45.53;248.32;38.07;240.86;-1.0;-1.0;0.0;102.44;0.0;0.0
2019;297;365;beauce_5_sa_009;BTH;BTH;31.74;0.01;12.11;0.81;0.0;37.7;240.49;56.91;310.4;-1.0;-1.0;96.9;113.47;0.0;464.28
2019;213;303;beauce_5_sa_010;solnu;;113.88;0.0;0.0;0.01;0.0;45.53;248.32;49.14;251.93;-1.0;-1.0;0.0;118.19;0.0;0.0
2019;304;365;beauce_5_sa_010;BTH;BTH;27.04;0.0;12.09;0.68;0.0;49.01;251.8;56.91;310.4;-1.0;-1.0;98.36;97.72;0.0;406.45
2019;213;282;beauce_5_sa_011;solnu;;101.41;0.0;0.0;0.01;0.0;45.53;248.32;15.78;218.57;-1.0;-1.0;0.0;71.67;0.0;0.0
2019;283;365;beauce_5_sa_011;BTH;BTH;38.73;0.13;12.74;0.84;0.0;15.08;217.87;56.91;310.4;-1.0;-1.0;89.26;144.24;0.0;624.32
2019;213;275;beauce_5_sa_012;solnu;;96.85;0.0;0.0;0.01;0.0;45.53;248.32;17.9;220.68;-1.0;-1.0;0.0;69.21;0.0;0.0
2019;276;365;beauce_5_sa_012;BTH;BTH;42.31;0.32;13.53;0.83;0.0;17.14;219.93;56.91;310.4;-1.0;-1.0;87.82;146.69;0.0;709.47
2019;213;310;beauce_5_sa_013;solnu;;118.65;0.0;0.0;0.02;0.0;45.53;248.32;55.86;268.92;-1.0;-1.0;0.0;142.56;0.0;0.0
2019;311;365;beauce_5_sa_013;BTH;BTH;22.4;0.0;11.97;0.44;0.0;56.91;271.73;56.91;310.4;-1.0;-1.0;98.18;73.35;0.0;345.3
2019;213;315;beauce_5_sa_014;solnu;;121.69;0.0;0.0;0.09;0.0;45.53;248.32;56.74;277.14;-1.0;-1.0;0.0;150.51;0.0;0.0
2019;316;365;beauce_5_sa_014;BTH;BTH;19.18;0.0;12.14;0.23;0.0;56.25;276.65;56.91;310.4;-1.0;-1.0;98.0;65.4;0.0;294.39
2019;213;261;beauce_5_sa_015;solnu;;82.45;0.0;0.0;0.01;0.0;45.53;248.32;10.78;213.57;-1.0;-1.0;0.0;62.33;0.0;0.0
2019;262;365;beauce_5_sa_015;BTH;BTH;53.39;1.76;15.42;0.63;0.0;25.19;227.97;78.25;310.4;-1.0;-1.0;82.6;153.57;0.0;934.6
2019;213;308;beauce_5_sa_016;solnu;;117.54;0.0;0.0;0.01;0.0;45.53;248.32;56.91;270.02;-1.0;-1.0;0.0;139.25;0.0;0.0
2019;309;365;beauce_5_sa_016;BTH;BTH;23.44;0.0;12.03;0.43;0.0;56.48;269.59;56.91;310.4;-1.0;-1.0;98.25;76.66;0.0;366.39
2019;213;266;beauce_5_sa_017;solnu;;87.24;0.0;0.0;0.01;0.0;45.53;248.32;23.37;226.16;-1.0;-1.0;0.0;65.07;0.0;0.0
2019;267;365;beauce_5_sa_017;BTH;BTH;50.18;0.99;14.62;0.7;0.0;21.36;224.15;69.05;310.4;-1.0;-1.0;84.12;150.83;0.0;852.98
2019;213;282;beauce_5_sa_018;solnu;;101.45;0.0;0.0;0.01;0.0;45.53;248.32;15.75;218.54;-1.0;-1.0;0.0;71.67;0.0;0.0
2019;283;365;beauce_5_sa_018;BTH;BTH;38.67;0.13;12.77;0.84;0.0;15.06;217.85;56.91;310.4;-1.0;-1.0;89.58;144.24;0.0;624.32
2019;213;272;beauce_5_sa_019;solnu;;95.13;0.0;0.0;0.01;0.0;45.53;248.32;15.48;218.27;-1.0;-1.0;0.0;65.07;0.0;0.0
2019;273;365;beauce_5_sa_019;BTH;BTH;43.64;0.43;13.81;0.76;0.0;14.89;217.68;57.4;310.4;-1.0;-1.0;85.92;150.83;0.0;751.07
2019;213;265;beauce_5_sa_020;solnu;;86.32;0.0;0.0;0.01;0.0;45.53;248.32;24.28;227.07;-1.0;-1.0;0.0;65.07;0.0;0.0
2019;266;365;beauce_5_sa_020;BTH;BTH;50.81;1.13;14.75;0.68;0.0;23.37;226.16;71.36;310.4;-1.0;-1.0;83.54;150.83;0.0;871.06
2019;213;278;beauce_5_sa_021;solnu;;98.88;0.0;0.0;0.01;0.0;45.53;248.32;16.48;219.27;-1.0;-1.0;0.0;70.52;0.0;0.0
2019;279;365;beauce_5_sa_021;BTH;BTH;40.66;0.22;13.25;0.86;0.0;16.58;219.37;56.91;310.4;-1.0;-1.0;89.0;145.39;0.0;669.87
2019;213;310;beauce_5_sa_022;solnu;;118.46;0.0;0.0;0.02;0.0;45.53;248.32;55.86;269.11;-1.0;-1.0;0.0;142.56;0.0;0.0
2019;311;365;beauce_5_sa_022;BTH;BTH;22.4;0.0;12.15;0.45;0.0;56.91;271.92;56.91;310.4;-1.0;-1.0;98.18;73.35;0.0;345.3
2019;213;266;beauce_5_sa_023;solnu;;87.24;0.0;0.0;0.01;0.0;45.53;248.32;23.37;226.16;-1.0;-1.0;0.0;65.07;0.0;0.0
2019;267;365;beauce_5_sa_023;BTH;BTH;50.18;0.99;14.62;0.7;0.0;21.36;224.15;69.05;310.4;-1.0;-1.0;84.12;150.83;0.0;852.98
2019;213;317;beauce_5_sa_024;solnu;;122.65;0.0;0.0;0.1;0.0;45.53;248.32;56.91;278.98;-1.0;-1.0;0.0;153.32;0.0;0.0
2019;318;365;beauce_5_sa_024;BTH;BTH;18.21;0.0;12.15;0.18;0.0;56.36;278.44;56.91;310.4;-1.0;-1.0;97.92;62.59;0.0;276.42
2019;213;313;beauce_5_sa_025;solnu;;121.03;0.0;0.0;0.05;0.0;45.53;248.32;55.03;269.84;-1.0;-1.0;0.0;150.2;0.0;0.0
2019;314;365;beauce_5_sa_025;BTH;BTH;20.02;0.0;11.96;0.4;0.0;56.91;277.13;56.91;310.4;-1.0;-1.0;98.08;65.7;0.0;314.44
2019;213;263;beauce_5_sa_026;solnu;;84.62;0.0;0.0;0.01;0.0;45.53;248.32;23.24;226.03;-1.0;-1.0;0.0;62.33;0.0;0.0
2019;264;365;beauce_5_sa_026;BTH;BTH;51.9;1.39;15.1;0.63;0.0;22.23;225.02;74.73;310.4;-1.0;-1.0;82.77;153.57;0.0;906.2
2019;213;283;beauce_5_sa_027;solnu;;101.98;0.0;0.0;0.01;0.0;45.53;248.32;15.22;218.01;-1.0;-1.0;0.0;74.9;0.0;0.0
2019;284;365;beauce_5_sa_027;BTH;BTH;38.05;0.12;12.87;0.89;0.0;18.29;221.08;56.91;310.4;-1.0;-1.0;90.98;141.0;0.0;613.66
2019;213;286;beauce_5_sa_028;solnu;;103.36;0.0;0.0;0.01;0.0;45.53;248.32;19.57;222.36;-1.0;-1.0;0.0;77.4;0.0;0.0
2019;287;365;beauce_5_sa_028;BTH;BTH;37.17;0.08;12.41;0.88;0.0;19.1;221.88;56.91;310.4;-1.0;-1.0;91.54;138.51;0.0;578.34
2019;213;298;beauce_5_sa_029;solnu;;110.65;0.0;0.0;0.01;0.0;45.53;248.32;37.69;240.48;-1.0;-1.0;0.0;102.81;0.0;0.0
2019;299;365;beauce_5_sa_029;BTH;BTH;30.2;0.01;12.16;0.76;0.0;37.11;239.9;56.91;310.4;-1.0;-1.0;97.81;113.09;0.0;445.8
2019;213;314;beauce_5_sa_030;solnu;;121.2;0.0;0.0;0.09;0.0;45.53;248.32;56.91;277.32;-1.0;-1.0;0.0;150.51;0.0;0.0
2019;315;365;beauce_5_sa_030;BTH;BTH;19.65;0.0;12.16;0.24;0.0;56.74;277.14;56.91;310.4;-1.0;-1.0;98.04;65.4;0.0;308.01
2019;213;282;beauce_5_sa_031;solnu;;101.3;0.0;0.0;0.01;0.0;45.53;248.32;15.9;218.69;-1.0;-1.0;0.0;71.67;0.0;0.0
2019;283;365;beauce_5_sa_031;BTH;BTH;38.61;0.13;12.97;0.86;0.0;15.22;218.01;56.91;310.4;-1.0;-1.0;90.58;144.24;0.0;624.32
2019;213;288;beauce_5_sa_032;solnu;;103.99;0.0;0.0;0.01;0.0;45.53;248.32;19.56;222.35;-1.0;-1.0;0.0;78.02;0.0;0.0
2019;289;365;beauce_5_sa_032;BTH;BTH;36.38;0.06;12.58;0.89;0.0;18.98;221.77;56.91;310.4;-1.0;-1.0;93.2;137.88;0.0;556.92
2019;213;266;beauce_5_sa_033;solnu;;87.24;0.0;0.0;0.01;0.0;45.53;248.32;23.37;226.16;-1.0;-1.0;0.0;65.07;0.0;0.0
2019;267;365;beauce_5_sa_033;BTH;BTH;50.18;0.99;14.62;0.7;0.0;21.36;224.15;69.05;310.4;-1.0;-1.0;84.12;150.83;0.0;852.98
2019;213;316;beauce_5_sa_034;solnu;;122.29;0.0;0.0;0.08;0.0;45.53;248.32;56.25;276.54;-1.0;-1.0;0.0;153.32;0.0;0.0
2019;317;365;beauce_5_sa_034;BTH;BTH;18.69;0.0;12.03;0.24;0.0;56.91;278.87;56.91;310.4;-1.0;-1.0;97.96;62.59;0.0;290.57
2019;213;264;beauce_5_sa_035;solnu;;85.63;0.0;0.0;0.01;0.0;45.53;248.32;22.23;225.02;-1.0;-1.0;0.0;65.07;0.0;0.0
2019;265;365;beauce_5_sa_035;BTH;BTH;51.26;1.25;14.87;0.67;0.0;24.28;227.07;72.95;310.4;-1.0;-1.0;83.12;150.83;0.0;891.87
2019;213;262;beauce_5_sa_036;solnu;;82.68;0.0;0.0;0.01;0.0;45.53;248.32;25.19;227.97;-1.0;-1.0;0.0;62.33;0.0;0.0
2019;263;365;beauce_5_sa_036;BTH;BTH;53.83;1.48;15.02;0.64;0.0;23.24;226.03;76.11;310.4;-1.0;-1.0;81.98;153.57;0.0;922.18
2019;213;257;beauce_5_sa_037;solnu;;79.5;0.0;0.0;0.01;0.0;45.53;248.32;12.69;215.48;-1.0;-1.0;0.0;47.01;0.0;0.0
2019;258;365;beauce_5_sa_037;BTH;BTH;55.25;2.48;15.79;0.55;0.0;12.25;215.04;85.6;310.4;-1.0;-1.0;81.18;168.9;0.0;1004.32
2019;213;271;beauce_5_sa_038;solnu;;94.36;0.0;0.0;0.01;0.0;45.53;248.32;16.25;219.04;-1.0;-1.0;0.0;65.07;0.0;0.0
2019;272;365;beauce_5_sa_038;BTH;BTH;44.46;0.5;13.7;0.79;0.0;15.36;218.14;59.38;310.4;-1.0;-1.0;85.33;150.83;0.0;766.17
2019;213;269;beauce_5_sa_039;solnu;;91.48;0.0;0.0;0.01;0.0;45.53;248.32;19.12;221.91;-1.0;-1.0;0.0;65.07;0.0;0.0
2019;270;365;beauce_5_sa_039;BTH;BTH;46.87;0.66;14.0;0.76;0.0;17.89;220.68;63.24;310.4;-1.0;-1.0;84.47;150.83;0.0;800.34
2019;213;272;beauce_5_sa_040;solnu;;95.13;0.0;0.0;0.01;0.0;45.53;248.32;15.48;218.27;-1.0;-1.0;0.0;65.07;0.0;0.0
2019;273;365;beauce_5_sa_040;BTH;BTH;43.64;0.43;13.81;0.76;0.0;14.89;217.68;57.4;310.4;-1.0;-1.0;85.92;150.83;0.0;751.07
2019;213;300;beauce_5_sa_041;solnu;;111.97;0.0;0.0;0.01;0.0;45.53;248.32;44.42;247.21;-1.0;-1.0;0.0;111.67;0.0;0.0
2019;301;365;beauce_5_sa_041;BTH;BTH;28.95;0.0;12.09;0.74;0.0;44.19;246.98;56.91;310.4;-1.0;-1.0;98.28;104.24;0.0;429.33
2019;213;267;beauce_5_sa_042;solnu;;89.24;0.0;0.0;0.01;0.0;45.53;248.32;21.36;224.15;-1.0;-1.0;0.0;65.07;0.0;0.0
2019;268;365;beauce_5_sa_042;BTH;BTH;48.41;0.87;14.49;0.72;0.0;20.21;223.0;67.04;310.4;-1.0;-1.0;84.63;150.83;0.0;836.54
2019;213;300;beauce_5_sa_043;solnu;;112.09;0.0;0.0;0.01;0.0;45.53;248.32;44.3;247.09;-1.0;-1.0;0.0;111.67;0.0;0.0
2019;301;365;beauce_5_sa_043;BTH;BTH;28.95;0.0;11.97;0.74;0.0;44.07;246.86;56.91;310.4;-1.0;-1.0;98.27;104.24;0.0;429.33
2019;213;313;beauce_5_sa_044;solnu;;120.86;0.0;0.0;0.04;0.0;45.53;248.32;55.02;270.02;-1.0;-1.0;0.0;150.2;0.0;0.0
2019;314;365;beauce_5_sa_044;BTH;BTH;20.02;0.0;12.13;0.39;0.0;56.91;277.31;56.91;310.4;-1.0;-1.0;98.08;65.7;0.0;314.44
2019;213;297;beauce_5_sa_045;solnu;;110.17;0.0;0.0;0.01;0.0;45.53;248.32;37.8;240.59;-1.0;-1.0;0.0;102.81;0.0;0.0
2019;298;365;beauce_5_sa_045;BTH;BTH;30.62;0.01;12.21;0.81;0.0;37.69;240.48;56.91;310.4;-1.0;-1.0;97.47;113.09;0.0;455.91
2019;213;307;beauce_5_sa_046;solnu;;116.81;0.0;0.0;0.01;0.0;45.53;248.32;56.91;269.04;-1.0;-1.0;0.0;139.25;0.0;0.0
2019;308;365;beauce_5_sa_046;BTH;BTH;24.04;0.0;12.16;0.45;0.0;56.91;270.16;56.91;310.4;-1.0;-1.0;98.28;76.66;0.0;374.6
2019;213;264;beauce_5_sa_047;solnu;;85.63;0.0;0.0;0.01;0.0;45.53;248.32;22.23;225.02;-1.0;-1.0;0.0;65.07;0.0;0.0
2019;265;365;beauce_5_sa_047;BTH;BTH;51.26;1.25;14.87;0.67;0.0;24.28;227.07;72.95;310.4;-1.0;-1.0;83.12;150.83;0.0;891.87
2019;213;315;beauce_5_sa_048;solnu;;121.62;0.0;0.0;0.07;0.0;45.53;248.32;56.74;277.21;-1.0;-1.0;0.0;150.51;0.0;0.0
2019;316;365;beauce_5_sa_048;BTH;BTH;19.23;0.0;12.17;0.21;0.0;56.25;276.72;56.91;310.4;-1.0;-1.0;98.0;65.4;0.0;294.39
2019;213;282;beauce_5_sa_049;solnu;;101.3;0.0;0.0;0.01;0.0;45.53;248.32;15.9;218.69;-1.0;-1.0;0.0;71.67;0.0;0.0
2019;283;365;beauce_5_sa_049;BTH;BTH;38.61;0.13;12.97;0.86;0.0;15.22;218.01;56.91;310.4;-1.0;-1.0;90.58;144.24;0.0;624.32
2019;213;272;beauce_5_sa_050;solnu;;95.07;0.0;0.0;0.01;0.0;45.53;248.32;15.53;218.32;-1.0;-1.0;0.0;65.07;0.0;0.0
2019;273;365;beauce_5_sa_050;BTH;BTH;43.54;0.44;13.96;0.78;0.0;14.95;217.74;57.4;310.4;-1.0;-1.0;86.89;150.83;0.0;751.07
2019;213;286;beauce_5_sa_051;solnu;;103.15;0.0;0.0;0.01;0.0;45.53;248.32;19.78;222.57;-1.0;-1.0;0.0;77.4;0.0;0.0
2019;287;365;beauce_5_sa_051;BTH;BTH;37.1;0.08;12.69;0.88;0.0;19.32;222.1;56.91;310.4;-1.0;-1.0;92.26;138.51;0.0;578.34
2019;213;303;beauce_5_sa_052;solnu;;113.93;0.0;0.0;0.01;0.0;45.53;248.32;49.1;251.89;-1.0;-1.0;0.0;118.19;0.0;0.0
2019;304;365;beauce_5_sa_052;BTH;BTH;27.02;0.0;12.06;0.71;0.0;48.96;251.75;56.91;310.4;-1.0;-1.0;98.36;97.72;0.0;406.45
2019;213;316;beauce_5_sa_053;solnu;;122.17;0.0;0.0;0.09;0.0;45.53;248.32;56.25;276.65;-1.0;-1.0;0.0;153.32;0.0;0.0
2019;317;365;beauce_5_sa_053;BTH;BTH;18.69;0.0;12.15;0.24;0.0;56.91;278.98;56.91;310.4;-1.0;-1.0;97.96;62.59;0.0;290.57
2019;213;284;beauce_5_sa_054;solnu;;102.16;0.0;0.0;0.01;0.0;45.53;248.32;18.28;221.06;-1.0;-1.0;0.0;74.9;0.0;0.0
2019;285;365;beauce_5_sa_054;BTH;BTH;37.98;0.11;12.76;0.86;0.0;17.58;220.37;56.91;310.4;-1.0;-1.0;90.95;141.0;0.0;598.71
2019;213;296;beauce_5_sa_055;solnu;;109.05;0.0;0.0;0.01;0.0;45.53;248.32;38.16;240.95;-1.0;-1.0;0.0;102.44;0.0;0.0
2019;297;365;beauce_5_sa_055;BTH;BTH;31.72;0.01;12.23;0.81;0.0;37.8;240.59;56.91;310.4;-1.0;-1.0;97.04;113.47;0.0;464.28
2019;213;264;beauce_5_sa_056;solnu;;85.63;0.0;0.0;0.01;0.0;45.53;248.32;22.23;225.02;-1.0;-1.0;0.0;65.07;0.0;0.0
2019;265;365;beauce_5_sa_056;BTH;BTH;51.26;1.25;14.87;0.67;0.0;24.28;227.07;72.95;310.4;-1.0;-1.0;83.12;150.83;0.0;891.87
2019;213;291;beauce_5_sa_057;solnu;;105.58;0.0;0.0;0.01;0.0;45.53;248.32;26.38;229.16;-1.0;-1.0;0.0;95.68;0.0;0.0
2019;292;365;beauce_5_sa_057;BTH;BTH;34.99;0.04;12.41;0.84;0.0;35.34;238.13;56.91;310.4;-1.0;-1.0;94.12;120.22;0.0;518.09
2019;213;310;beauce_5_sa_058;solnu;;118.49;0.0;0.0;0.02;0.0;45.53;248.32;55.86;269.07;-1.0;-1.0;0.0;142.56;0.0;0.0
2019;311;365;beauce_5_sa_058;BTH;BTH;22.42;0.0;12.1;0.43;0.0;56.91;271.88;56.91;310.4;-1.0;-1.0;98.18;73.35;0.0;345.3
2019;213;292;beauce_5_sa_059;solnu;;105.88;0.0;0.0;0.01;0.0;45.53;248.32;35.33;238.12;-1.0;-1.0;0.0;97.32;0.0;0.0
2019;293;365;beauce_5_sa_059;BTH;BTH;34.74;0.03;12.36;0.83;0.0;35.98;238.77;56.91;310.4;-1.0;-1.0;95.07;118.58;0.0;507.81
2019;213;309;beauce_5_sa_060;solnu;;117.97;0.0;0.0;0.01;0.0;45.53;248.32;56.48;269.59;-1.0;-1.0;0.0;139.25;0.0;0.0
2019;310;365;beauce_5_sa_060;BTH;BTH;23.03;0.0;12.01;0.42;0.0;55.86;268.97;56.91;310.4;-1.0;-1.0;98.21;76.66;0.0;355.2
2019;213;265;beauce_5_sa_061;solnu;;86.33;0.0;0.0;0.01;0.0;45.53;248.32;24.27;227.06;-1.0;-1.0;0.0;65.07;0.0;0.0
2019;266;365;beauce_5_sa_061;BTH;BTH;50.98;1.1;14.6;0.68;0.0;23.35;226.14;71.36;310.4;-1.0;-1.0;82.81;150.83;0.0;871.06
2019;213;263;beauce_5_sa_062;solnu;;84.62;0.0;0.0;0.01;0.0;45.53;248.32;23.24;226.03;-1.0;-1.0;0.0;62.33;0.0;0.0
2019;264;365;beauce_5_sa_062;BTH;BTH;51.9;1.39;15.1;0.63;0.0;22.23;225.02;74.73;310.4;-1.0;-1.0;82.77;153.57;0.0;906.2
2019;213;260;beauce_5_sa_063;solnu;;81.77;0.0;0.0;0.01;0.0;45.53;248.32;11.45;214.24;-1.0;-1.0;0.0;47.7;0.0;0.0
2019;261;365;beauce_5_sa_063;BTH;BTH;53.26;1.91;16.07;0.52;0.0;10.66;213.45;79.86;310.4;-1.0;-1.0;82.46;168.21;0.0;953.86
2019;213;304;beauce_5_sa_064;solnu;;114.67;0.0;0.0;0.01;0.0;45.53;248.32;49.05;251.84;-1.0;-1.0;0.0;118.19;0.0;0.0
2019;305;365;beauce_5_sa_064;BTH;BTH;26.26;0.0;12.09;0.61;0.0;48.28;251.07;56.91;310.4;-1.0;-1.0;98.35;97.72;0.0;398.57
2019;213;275;beauce_5_sa_065;solnu;;96.94;0.0;0.0;0.01;0.0;45.53;248.32;17.8;220.59;-1.0;-1.0;0.0;69.21;0.0;0.0
2019;276;365;beauce_5_sa_065;BTH;BTH;42.45;0.31;13.3;0.83;0.0;17.03;219.82;56.91;310.4;-1.0;-1.0;86.78;146.69;0.0;709.47
2019;213;266;beauce_5_sa_066;solnu;;87.33;0.0;0.0;0.01;0.0;45.53;248.32;23.28;226.07;-1.0;-1.0;0.0;65.07;0.0;0.0
2019;267;365;beauce_5_sa_066;BTH;BTH;50.45;0.94;14.3;0.71;0.0;21.25;224.04;69.05;310.4;-1.0;-1.0;82.73;150.83;0.0;852.98
2019;213;276;beauce_5_sa_067;solnu;;97.6;0.0;0.0;0.01;0.0;45.53;248.32;17.14;219.93;-1.0;-1.0;0.0;69.53;0.0;0.0
2019;277;365;beauce_5_sa_067;BTH;BTH;41.73;0.27;13.41;0.84;0.0;16.74;219.52;56.91;310.4;-1.0;-1.0;88.22;146.38;0.0;697.57
2019;213;314;beauce_5_sa_068;solnu;;121.2;0.0;0.0;0.09;0.0;45.53;248.32;56.91;277.32;-1.0;-1.0;0.0;150.51;0.0;0.0
2019;315;365;beauce_5_sa_068;BTH;BTH;19.65;0.0;12.16;0.24;0.0;56.74;277.14;56.91;310.4;-1.0;-1.0;98.04;65.4;0.0;308.01
2019;213;299;beauce_5_sa_069;solnu;;111.29;0.0;0.0;0.01;0.0;45.53;248.32;37.05;239.84;-1.0;-1.0;0.0;110.85;0.0;0.0
2019;300;365;beauce_5_sa_069;BTH;BTH;29.62;0.01;12.1;0.81;0.0;44.4;247.19;56.91;310.4;-1.0;-1.0;98.22;105.05;0.0;436.35
2019;213;289;beauce_5_sa_070;solnu;;104.8;0.0;0.0;0.01;0.0;45.53;248.32;18.75;221.54;-1.0;-1.0;0.0;78.02;0.0;0.0
2019;290;365;beauce_5_sa_070;BTH;BTH;35.83;0.05;12.33;0.83;0.0;18.22;221.01;56.91;310.4;-1.0;-1.0;92.61;137.88;0.0;543.42
2019;213;264;beauce_5_sa_071;solnu;;85.63;0.0;0.0;0.01;0.0;45.53;248.32;22.23;225.02;-1.0;-1.0;0.0;65.07;0.0;0.0
2019;265;365;beauce_5_sa_071;BTH;BTH;51.26;1.25;14.87;0.67;0.0;24.28;227.07;72.95;310.4;-1.0;-1.0;83.12;150.83;0.0;891.87
2019;213;289;beauce_5_sa_072;solnu;;104.58;0.0;0.0;0.01;0.0;45.53;248.32;18.98;221.77;-1.0;-1.0;0.0;78.02;0.0;0.0
2019;290;365;beauce_5_sa_072;BTH;BTH;35.78;0.05;12.6;0.83;0.0;18.46;221.25;56.91;310.4;-1.0;-1.0;93.27;137.88;0.0;543.42
2019;213;260;beauce_5_sa_073;solnu;;81.66;0.0;0.0;0.01;0.0;45.53;248.32;11.57;214.36;-1.0;-1.0;0.0;47.7;0.0;0.0
2019;261;365;beauce_5_sa_073;BTH;BTH;53.1;1.97;16.28;0.52;0.0;10.78;213.57;79.86;310.4;-1.0;-1.0;83.4;168.21;0.0;953.86
2019;213;309;beauce_5_sa_074;solnu;;117.87;0.0;0.0;0.01;0.0;45.53;248.32;56.48;269.7;-1.0;-1.0;0.0;139.25;0.0;0.0
2019;310;365;beauce_5_sa_074;BTH;BTH;23.05;0.0;12.09;0.41;0.0;55.86;269.07;56.91;310.4;-1.0;-1.0;98.21;76.66;0.0;355.2
2019;213;282;beauce_5_sa_075;solnu;;101.49;0.0;0.0;0.01;0.0;45.53;248.32;15.7;218.49;-1.0;-1.0;0.0;71.67;0.0;0.0
2019;283;365;beauce_5_sa_075;BTH;BTH;38.7;0.13;12.69;0.86;0.0;15.01;217.8;56.91;310.4;-1.0;-1.0;89.64;144.24;0.0;624.32
2019;213;294;beauce_5_sa_076;solnu;;107.94;0.0;0.0;0.01;0.0;45.53;248.32;34.91;237.7;-1.0;-1.0;0.0;101.68;0.0;0.0
2019;295;365;beauce_5_sa_076;BTH;BTH;32.91;0.02;12.14;0.83;0.0;38.85;241.64;56.91;310.4;-1.0;-1.0;95.96;114.22;0.0;487.09
2019;213;299;beauce_5_sa_077;solnu;;111.23;0.0;0.0;0.01;0.0;45.53;248.32;37.11;239.9;-1.0;-1.0;0.0;110.85;0.0;0.0
2019;300;365;beauce_5_sa_077;BTH;BTH;29.61;0.01;12.17;0.81;0.0;44.48;247.27;56.91;310.4;-1.0;-1.0;98.23;105.05;0.0;436.35
2019;213;271;beauce_5_sa_078;solnu;;94.37;0.0;0.0;0.01;0.0;45.53;248.32;16.23;219.02;-1.0;-1.0;0.0;65.07;0.0;0.0
2019;272;365;beauce_5_sa_078;BTH;BTH;44.46;0.5;13.69;0.79;0.0;15.34;218.13;59.38;310.4;-1.0;-1.0;85.31;150.83;0.0;766.17
2019;213;270;beauce_5_sa_079;solnu;;92.64;0.0;0.0;0.01;0.0;45.53;248.32;17.96;220.75;-1.0;-1.0;0.0;65.07;0.0;0.0
2019;271;365;beauce_5_sa_079;BTH;BTH;45.68;0.59;14.1;0.77;0.0;16.42;219.21;61.19;310.4;-1.0;-1.0;85.97;150.83;0.0;783.98
2019;213;309;beauce_5_sa_080;solnu;;117.84;0.0;0.0;0.01;0.0;45.53;248.32;56.48;269.73;-1.0;-1.0;0.0;139.25;0.0;0.0
2019;310;365;beauce_5_sa_080;BTH;BTH;23.03;0.0;12.14;0.42;0.0;55.86;269.11;56.91;310.4;-1.0;-1.0;98.21;76.66;0.0;355.2
2019;213;257;beauce_5_sa_081;solnu;;79.51;0.0;0.0;0.01;0.0;45.53;248.32;12.68;215.47;-1.0;-1.0;0.0;47.01;0.0;0.0
2019;258;365;beauce_5_sa_081;BTH;BTH;55.17;2.54;15.79;0.54;0.0;12.24;215.03;85.6;310.4;-1.0;-1.0;81.03;168.9;0.0;1004.32
2019;213;269;beauce_5_sa_082;solnu;;91.42;0.0;0.0;0.01;0.0;45.53;248.32;19.18;221.97;-1.0;-1.0;0.0;65.07;0.0;0.0
2019;270;365;beauce_5_sa_082;BTH;BTH;46.67;0.68;14.25;0.76;0.0;17.96;220.75;63.24;310.4;-1.0;-1.0;85.55;150.83;0.0;800.34
2019;213;302;beauce_5_sa_083;solnu;;113.31;0.0;0.0;0.01;0.0;45.53;248.32;46.01;248.8;-1.0;-1.0;0.0;117.49;0.0;0.0
2019;303;365;beauce_5_sa_083;BTH;BTH;27.54;0.0;12.15;0.73;0.0;49.19;251.97;56.91;310.4;-1.0;-1.0;98.38;98.41;0.0;412.94
2019;213;271;beauce_5_sa_084;solnu;;94.23;0.0;0.0;0.01;0.0;45.53;248.32;16.38;219.17;-1.0;-1.0;0.0;65.07;0.0;0.0
2019;272;365;beauce_5_sa_084;BTH;BTH;44.46;0.5;13.82;0.78;0.0;15.48;218.27;59.38;310.4;-1.0;-1.0;85.36;150.83;0.0;766.17
2019;213;308;beauce_5_sa_085;solnu;;117.41;0.0;0.0;0.01;0.0;45.53;248.32;56.91;270.16;-1.0;-1.0;0.0;139.25;0.0;0.0
2019;309;365;beauce_5_sa_085;BTH;BTH;23.44;0.0;12.16;0.43;0.0;56.48;269.73;56.91;310.4;-1.0;-1.0;98.25;76.66;0.0;366.39
2019;213;284;beauce_5_sa_086;solnu;;102.2;0.0;0.0;0.01;0.0;45.53;248.32;18.24;221.03;-1.0;-1.0;0.0;74.9;0.0;0.0
2019;285;365;beauce_5_sa_086;BTH;BTH;37.98;0.1;12.74;0.83;0.0;17.54;220.33;56.91;310.4;-1.0;-1.0;90.45;141.0;0.0;598.71
2019;213;262;beauce_5_sa_087;solnu;;82.68;0.0;0.0;0.01;0.0;45.53;248.32;25.19;227.97;-1.0;-1.0;0.0;62.33;0.0;0.0
2019;263;365;beauce_5_sa_087;BTH;BTH;53.83;1.48;15.02;0.64;0.0;23.24;226.03;76.11;310.4;-1.0;-1.0;81.98;153.57;0.0;922.18
2019;213;300;beauce_5_sa_088;solnu;;111.91;0.0;0.0;0.01;0.0;45.53;248.32;44.48;247.27;-1.0;-1.0;0.0;111.67;0.0;0.0
2019;301;365;beauce_5_sa_088;BTH;BTH;28.95;0.0;12.15;0.74;0.0;44.25;247.04;56.91;310.4;-1.0;-1.0;98.29;104.24;0.0;429.33
2019;213;306;beauce_5_sa_089;solnu;;116.32;0.0;0.0;0.01;0.0;45.53;248.32;56.91;264.59;-1.0;-1.0;0.0;137.53;0.0;0.0
2019;307;365;beauce_5_sa_089;BTH;BTH;24.85;0.0;11.85;0.5;0.0;56.91;268.75;56.91;310.4;-1.0;-1.0;98.31;78.38;0.0;378.84
2019;213;279;beauce_5_sa_090;solnu;;99.48;0.0;0.0;0.01;0.0;45.53;248.32;16.57;219.36;-1.0;-1.0;0.0;70.52;0.0;0.0
2019;280;365;beauce_5_sa_090;BTH;BTH;40.26;0.19;13.09;0.86;0.0;15.62;218.41;56.91;310.4;-1.0;-1.0;88.99;145.39;0.0;661.43
2019;213;313;beauce_5_sa_091;solnu;;120.85;0.0;0.0;0.03;0.0;45.53;248.32;55.02;270.02;-1.0;-1.0;0.0;150.2;0.0;0.0
2019;314;365;beauce_5_sa_091;BTH;BTH;20.09;0.0;12.07;0.34;0.0;56.91;277.31;56.91;310.4;-1.0;-1.0;98.08;65.7;0.0;314.44
2019;213;264;beauce_5_sa_092;solnu;;85.64;0.0;0.0;0.01;0.0;45.53;248.32;22.22;225.01;-1.0;-1.0;0.0;65.07;0.0;0.0
2019;265;365;beauce_5_sa_092;BTH;BTH;51.41;1.22;14.75;0.67;0.0;24.27;227.06;72.95;310.4;-1.0;-1.0;82.44;150.83;0.0;891.87
2019;213;291;beauce_5_sa_093;solnu;;105.94;0.0;0.0;0.01;0.0;45.53;248.32;26.01;228.8;-1.0;-1.0;0.0;95.68;0.0;0.0
2019;292;365;beauce_5_sa_093;BTH;BTH;35.01;0.04;12.03;0.86;0.0;34.98;237.77;56.91;310.4;-1.0;-1.0;93.96;120.22;0.0;518.09
2019;213;283;beauce_5_sa_094;solnu;;101.98;0.0;0.0;0.01;0.0;45.53;248.32;15.22;218.01;-1.0;-1.0;0.0;74.9;0.0;0.0
2019;284;365;beauce_5_sa_094;BTH;BTH;38.05;0.12;12.87;0.89;0.0;18.29;221.08;56.91;310.4;-1.0;-1.0;90.98;141.0;0.0;613.66
2019;213;302;beauce_5_sa_095;solnu;;113.31;0.0;0.0;0.01;0.0;45.53;248.32;46.01;248.8;-1.0;-1.0;0.0;117.49;0.0;0.0
2019;303;365;beauce_5_sa_095;BTH;BTH;27.54;0.0;12.15;0.73;0.0;49.19;251.97;56.91;310.4;-1.0;-1.0;98.38;98.41;0.0;412.94
2019;213;273;beauce_5_sa_096;solnu;;95.77;0.0;0.0;0.01;0.0;45.53;248.32;14.83;217.62;-1.0;-1.0;0.0;69.21;0.0;0.0
2019;274;365;beauce_5_sa_096;BTH;BTH;43.4;0.38;13.45;0.82;0.0;18.66;221.44;56.91;310.4;-1.0;-1.0;85.96;146.69;0.0;736.61
2019;213;289;beauce_5_sa_097;solnu;;104.58;0.0;0.0;0.01;0.0;45.53;248.32;18.98;221.77;-1.0;-1.0;0.0;78.02;0.0;0.0
2019;290;365;beauce_5_sa_097;BTH;BTH;35.78;0.05;12.6;0.83;0.0;18.46;221.25;56.91;310.4;-1.0;-1.0;93.27;137.88;0.0;543.42
2019;213;294;beauce_5_sa_098;solnu;;107.82;0.0;0.0;0.01;0.0;45.53;248.32;35.03;237.82;-1.0;-1.0;0.0;101.68;0.0;0.0
2019;295;365;beauce_5_sa_098;BTH;BTH;32.9;0.02;12.27;0.83;0.0;38.98;241.77;56.91;310.4;-1.0;-1.0;96.06;114.22;0.0;487.09
2019;213;315;beauce_5_sa_099;solnu;;121.69;0.0;0.0;0.09;0.0;45.53;248.32;56.74;277.14;-1.0;-1.0;0.0;150.51;0.0;0.0
2019;316;365;beauce_5_sa_099;BTH;BTH;19.18;0.0;12.14;0.23;0.0;56.25;276.65;56.91;310.4;-1.0;-1.0;98.0;65.4;0.0;294.39
2020;1;171;beauce_5_sa_000;BTH;BTH;144.51;61.63;93.09;19.54;0.0;63.34;310.4;158.86;288.37;63.34;310.4;99.41;276.93;0.0;2270.4
2020;172;270;beauce_5_sa_000;solnu;;136.24;0.0;10.34;38.15;0.0;158.86;288.37;42.21;295.69;63.34;310.4;0.0;153.36;0.0;0.0
2020;271;366;beauce_5_sa_000;BTH;BTH;49.69;0.34;94.72;8.84;0.0;40.98;294.47;57.88;310.35;63.34;310.4;98.96;182.05;0.0;738.74
2020;1;203;beauce_5_sa_001;BTH;BTH;149.76;88.81;87.38;24.58;0.0;82.25;310.4;198.87;285.35;82.25;310.4;99.5;302.75;0.0;3035.19
2020;204;260;beauce_5_sa_001;solnu;;91.3;0.0;21.38;15.74;0.0;198.87;285.35;45.58;299.07;82.25;310.4;0.0;123.87;0.0;0.0
2020;261;366;beauce_5_sa_001;BTH;BTH;54.27;0.05;97.63;9.19;0.0;45.44;298.92;75.66;310.34;82.25;310.4;99.06;185.72;0.0;894.86
2020;1;180;beauce_5_sa_002;BTH;BTH;160.44;88.22;94.07;25.42;0.0;56.91;310.4;108.58;253.31;56.91;310.4;99.39;284.83;0.0;1914.14
2020;181;318;beauce_5_sa_002;solnu;;160.42;0.0;9.97;38.7;0.0;108.58;253.31;54.8;308.28;56.91;310.4;0.0;225.84;0.0;0.0
2020;319;366;beauce_5_sa_002;BTH;BTH;16.81;0.0;60.64;0.91;0.0;54.97;308.45;56.85;310.34;56.91;310.4;97.92;101.67;0.0;257.58
2020;1;180;beauce_5_sa_003;BTH;BTH;164.67;47.28;94.6;28.83;0.0;56.91;310.4;162.76;289.49;56.91;310.4;99.44;284.83;0.0;2324.05
2020;181;278;beauce_5_sa_003;solnu;;138.68;0.0;27.12;34.17;0.0;162.76;289.49;54.62;308.11;56.91;310.4;0.0;184.42;0.0;0.0
2020;279;366;beauce_5_sa_003;BTH;BTH;38.78;0.01;79.42;3.56;0.0;53.56;307.04;56.85;310.34;56.91;310.4;98.86;143.08;0.0;631.3
2020;1;209;beauce_5_sa_004;BTH;BTH;183.15;114.12;93.45;27.92;0.0;56.91;310.4;121.61;232.84;56.91;310.4;99.03;321.31;0.0;2591.46
2020;210;303;beauce_5_sa_004;solnu;;117.07;0.0;0.0;28.27;0.0;121.61;232.84;53.98;302.83;56.91;310.4;0.0;178.56;0.0;0.0
2020;304;366;beauce_5_sa_004;BTH;BTH;24.43;0.0;58.34;1.28;0.0;54.06;302.91;56.85;310.34;56.91;310.4;98.41;112.47;0.0;365.29
2020;1;175;beauce_5_sa_005;BTH;BTH;136.75;75.47;90.98;19.33;0.0;71.46;310.4;164.47;284.93;71.46;310.4;99.42;277.74;0.0;2421.38
2020;176;266;beauce_5_sa_005;solnu;;129.36;0.0;10.03;35.0;0.0;164.47;284.93;43.46;296.95;71.46;310.4;0.0;152.24;0.0;0.0
2020;267;366;beauce_5_sa_005;BTH;BTH;52.16;0.59;95.21;8.92;0.0;44.29;297.78;65.09;310.35;71.46;310.4;98.99;182.36;0.0;804.16
2020;1;212;beauce_5_sa_006;BTH;BTH;154.06;92.87;86.47;25.52;0.0;83.96;310.4;223.28;299.13;83.96;310.4;99.52;321.31;0.0;3216.94
2020;213;259;beauce_5_sa_006;solnu;;78.9;0.0;25.64;11.26;0.0;223.28;299.13;46.28;299.76;83.96;310.4;0.0;105.17;0.0;0.0
2020;260;366;beauce_5_sa_006;BTH;BTH;54.79;0.05;97.79;9.57;0.0;45.74;299.23;77.21;310.34;83.96;310.4;99.06;185.86;0.0;911.25
2020;1;222;beauce_5_sa_007;BTH;BTH;189.48;124.9;92.76;25.77;0.0;56.91;310.4;158.97;257.64;56.91;310.4;98.86;353.71;0.0;2803.76
2020;223;306;beauce_5_sa_007;solnu;;97.91;0.0;0.0;27.67;0.0;158.97;257.64;55.91;309.07;56.91;310.4;0.0;149.2;0.0;0.0
2020;307;366;beauce_5_sa_007;BTH;BTH;23.31;0.0;62.2;1.1;0.0;54.99;308.15;56.85;310.34;56.91;310.4;98.33;109.43;0.0;336.27
2020;1;192;beauce_5_sa_008;BTH;BTH;109.33;131.01;78.88;14.18;0.0;83.96;310.4;193.19;289.32;83.96;310.4;99.46;297.69;0.0;2855.04
2020;193;259;beauce_5_sa_008;solnu;;106.45;0.0;13.3;25.81;0.0;193.19;289.32;45.23;298.72;83.96;310.4;0.0;128.79;0.0;0.0
2020;260;366;beauce_5_sa_008;BTH;BTH;53.24;1.0;97.33;9.47;0.0;44.53;298.02;77.23;310.36;83.96;310.4;99.06;185.86;0.0;911.25
2020;1;195;beauce_5_sa_009;BTH;BTH;196.29;53.42;94.3;34.64;0.0;56.91;310.4;142.27;265.48;56.91;310.4;99.47;298.28;0.0;2388.44
2020;196;297;beauce_5_sa_009;solnu;;124.83;0.0;31.57;28.43;0.0;142.27;265.48;54.61;308.09;56.91;310.4;0.0;200.23;0.0;0.0
2020;298;366;beauce_5_sa_009;BTH;BTH;27.27;0.0;62.89;1.53;0.0;55.41;308.9;56.85;310.34;56.91;310.4;98.55;113.83;0.0;424.97
2020;1;224;beauce_5_sa_010;BTH;BTH;168.47;167.3;94.23;19.86;0.0;56.91;310.4;138.76;234.93;56.91;310.4;97.28;353.71;0.0;2863.9
2020;225;304;beauce_5_sa_010;solnu;;92.19;0.0;0.0;20.78;0.0;138.76;234.93;53.9;288.89;56.91;310.4;0.0;146.15;0.0;0.0
2020;305;366;beauce_5_sa_010;BTH;BTH;24.21;0.0;44.17;1.36;0.0;53.23;288.23;56.85;310.34;56.91;310.4;98.39;112.47;0.0;355.75
2020;1;206;beauce_5_sa_011;BTH;BTH;139.01;168.01;88.05;15.22;0.0;56.91;310.4;115.94;218.88;56.91;310.4;98.72;303.45;0.0;2746.85
2020;207;283;beauce_5_sa_011;solnu;;108.36;0.0;0.0;22.31;0.0;115.94;218.88;50.45;277.28;56.91;310.4;0.0;166.22;0.0;0.0
2020;284;366;beauce_5_sa_011;BTH;BTH;35.2;0.0;51.93;3.6;0.0;50.1;276.93;56.85;310.34;56.91;310.4;98.8;142.67;0.0;563.98
2020;1;213;beauce_5_sa_012;BTH;BTH;199.8;51.75;94.26;37.2;0.0;56.91;310.4;195.78;286.72;56.91;310.4;99.52;321.31;0.0;2956.77
2020;214;276;beauce_5_sa_012;solnu;;92.77;0.0;28.12;22.19;0.0;195.78;286.72;51.29;304.78;56.91;310.4;0.0;147.95;0.0;0.0
2020;277;366;beauce_5_sa_012;BTH;BTH;42.02;0.02;81.84;5.53;0.0;56.91;310.4;56.85;310.34;56.91;310.4;98.89;143.08;0.0;653.48
2020;1;213;beauce_5_sa_013;BTH;BTH;222.44;34.28;94.15;43.21;0.0;56.91;310.4;172.88;281.64;56.91;310.4;99.52;321.31;0.0;2592.6
2020;214;311;beauce_5_sa_013;solnu;;114.36;0.0;43.27;24.68;0.0;172.88;281.64;55.31;308.79;56.91;310.4;0.0;188.68;0.0;0.0
2020;312;366;beauce_5_sa_013;BTH;BTH;19.35;0.0;62.7;1.04;0.0;56.91;310.4;56.85;310.34;56.91;310.4;98.18;102.35;0.0;302.33
2020;1;173;beauce_5_sa_014;BTH;BTH;147.29;88.48;93.65;19.81;0.0;56.91;310.4;106.52;258.72;56.91;310.4;99.38;276.93;0.0;1808.45
2020;174;316;beauce_5_sa_014;solnu;;167.69;0.0;15.53;43.47;0.0;106.52;258.72;55.28;308.77;56.91;310.4;0.0;233.27;0.0;0.0
2020;317;366;beauce_5_sa_014;BTH;BTH;17.19;0.0;60.74;0.9;0.0;55.02;308.5;56.85;310.34;56.91;310.4;98.0;102.14;0.0;271.49
2020;1;179;beauce_5_sa_015;BTH;BTH;130.54;81.33;89.33;19.86;0.0;78.35;310.4;173.55;287.87;78.35;310.4;99.44;284.83;0.0;2553.44
2020;180;262;beauce_5_sa_015;solnu;;125.17;0.0;14.48;30.89;0.0;173.55;287.87;43.5;296.99;78.35;310.4;0.0;141.99;0.0;0.0
2020;263;366;beauce_5_sa_015;BTH;BTH;54.29;0.05;95.4;9.75;0.0;43.5;296.99;72.43;310.34;78.35;310.4;99.03;185.52;0.0;864.86
2020;1;173;beauce_5_sa_016;BTH;BTH;176.61;26.55;94.18;29.33;0.0;56.91;310.4;140.34;290.79;56.91;310.4;99.42;276.93;0.0;1880.45
2020;174;309;beauce_5_sa_016;solnu;;161.6;0.0;47.5;39.76;0.0;140.34;290.79;55.86;309.34;56.91;310.4;0.0;229.17;0.0;0.0
2020;310;366;beauce_5_sa_016;BTH;BTH;21.37;0.0;62.75;1.07;0.0;56.37;309.86;56.85;310.34;56.91;310.4;98.25;106.25;0.0;310.54
2020;1;185;beauce_5_sa_017;BTH;BTH;153.46;69.93;91.82;24.51;0.0;69.15;310.4;176.45;286.99;69.15;310.4;99.45;290.99;0.0;2592.81
2020;186;267;beauce_5_sa_017;solnu;;115.17;0.0;13.03;30.79;0.0;176.45;286.99;44.29;297.78;69.15;310.4;0.0;139.29;0.0;0.0
2020;268;366;beauce_5_sa_017;BTH;BTH;52.49;0.28;94.38;8.83;0.0;44.13;297.61;63.77;310.34;69.15;310.4;98.98;182.05;0.0;786.7
2020;1;188;beauce_5_sa_018;BTH;BTH;162.35;96.67;94.82;24.11;0.0;56.91;310.4;127.9;249.45;56.91;310.4;99.4;292.09;0.0;2415.18
2020;189;283;beauce_5_sa_018;solnu;;123.34;0.0;0.0;23.13;0.0;127.9;249.45;50.37;303.53;56.91;310.4;0.0;177.58;0.0;0.0
2020;284;366;beauce_5_sa_018;BTH;BTH;34.49;0.14;78.74;3.56;0.0;50.0;303.16;56.86;310.35;56.91;310.4;98.8;142.67;0.0;563.98
2020;1;196;beauce_5_sa_019;BTH;BTH;137.45;130.11;86.36;16.91;0.0;57.49;310.4;149.09;255.57;57.49;310.4;99.4;298.51;0.0;2694.14
2020;197;273;beauce_5_sa_019;solnu;;105.05;0.0;2.1;23.51;0.0;149.09;255.57;56.91;310.4;57.49;310.4;0.0;161.75;0.0;0.0
2020;274;366;beauce_5_sa_019;BTH;BTH;47.23;0.04;82.21;4.98;0.0;54.25;307.74;56.86;310.35;57.49;310.4;98.92;152.08;0.0;693.54
2020;1;200;beauce_5_sa_020;BTH;BTH;131.13;125.32;83.23;17.79;0.0;71.46;310.4;176.72;270.88;71.46;310.4;99.47;300.08;0.0;2887.77
2020;201;266;beauce_5_sa_020;solnu;;98.91;0.0;4.01;25.41;0.0;176.72;270.88;43.46;296.95;71.46;310.4;0.0;129.9;0.0;0.0
2020;267;366;beauce_5_sa_020;BTH;BTH;52.73;0.44;94.78;9.03;0.0;44.29;297.78;65.08;310.35;71.46;310.4;98.99;182.36;0.0;804.16
2020;1;214;beauce_5_sa_021;BTH;BTH;206.75;46.16;94.69;39.19;0.0;56.91;310.4;193.11;284.92;56.91;310.4;99.53;326.34;0.0;2936.62
2020;215;279;beauce_5_sa_021;solnu;;94.62;0.0;31.2;22.42;0.0;193.11;284.92;53.56;307.04;56.91;310.4;0.0;142.91;0.0;0.0
2020;280;366;beauce_5_sa_021;BTH;BTH;37.98;0.01;79.16;3.64;0.0;52.86;306.34;56.85;310.34;56.91;310.4;98.85;143.08;0.0;618.75
2020;1;222;beauce_5_sa_022;BTH;BTH;235.77;34.28;94.15;44.92;0.0;56.91;310.4;201.54;300.59;56.91;310.4;99.54;353.71;0.0;2764.22
2020;223;311;beauce_5_sa_022;solnu;;101.87;0.0;42.62;27.83;0.0;201.54;300.59;55.14;308.62;56.91;310.4;0.0;156.28;0.0;0.0
2020;312;366;beauce_5_sa_022;BTH;BTH;19.36;0.0;62.53;1.08;0.0;56.91;310.4;56.85;310.34;56.91;310.4;98.18;102.35;0.0;302.33
2020;1;209;beauce_5_sa_023;BTH;BTH;125.44;146.53;83.42;16.57;0.0;69.15;310.4;182.05;268.17;69.15;310.4;99.42;321.31;0.0;3031.51
2020;210;267;beauce_5_sa_023;solnu;;89.81;0.0;0.0;21.84;0.0;182.05;268.17;44.29;295.99;69.15;310.4;0.0;108.98;0.0;0.0
2020;268;366;beauce_5_sa_023;BTH;BTH;53.04;0.04;92.29;8.95;0.0;44.13;295.82;63.76;310.34;69.15;310.4;98.98;182.05;0.0;786.7
2020;1;206;beauce_5_sa_024;BTH;BTH;168.61;145.13;93.49;22.59;0.0;56.91;310.4;89.64;206.72;56.91;310.4;98.42;303.45;0.0;2398.95
2020;207;318;beauce_5_sa_024;solnu;;127.01;0.0;0.0;29.94;0.0;89.64;206.72;54.8;287.16;56.91;310.4;0.0;207.22;0.0;0.0
2020;319;366;beauce_5_sa_024;BTH;BTH;16.81;0.0;39.51;0.91;0.0;54.97;287.33;56.85;310.34;56.91;310.4;97.92;101.67;0.0;257.58
2020;1;216;beauce_5_sa_025;BTH;BTH;129.91;220.22;93.67;14.51;0.0;56.91;310.4;87.66;194.18;56.91;310.4;93.97;326.77;0.0;2620.47
2020;217;314;beauce_5_sa_025;solnu;;113.36;0.0;0.0;23.36;0.0;87.66;194.18;56.09;264.04;56.91;310.4;0.0;183.43;0.0;0.0
2020;315;366;beauce_5_sa_025;BTH;BTH;18.08;0.0;15.32;0.83;0.0;55.69;263.64;56.85;310.34;56.91;310.4;98.08;102.14;0.0;279.17
2020;1;219;beauce_5_sa_026;BTH;BTH;178.2;78.83;90.05;30.96;0.0;74.83;310.4;223.73;296.8;74.83;310.4;99.54;332.67;0.0;3272.96
2020;220;264;beauce_5_sa_026;solnu;;71.79;0.0;22.85;16.64;0.0;223.73;296.8;42.84;296.32;74.83;310.4;0.0;94.15;0.0;0.0
2020;265;366;beauce_5_sa_026;BTH;BTH;54.17;0.04;94.65;9.62;0.0;42.34;295.82;68.67;310.34;74.83;310.4;99.01;185.52;0.0;832.76
2020;1;207;beauce_5_sa_027;BTH;BTH;151.91;140.76;88.98;19.28;0.0;56.91;310.4;130.01;233.01;56.91;310.4;99.14;303.45;0.0;2757.4
2020;208;284;beauce_5_sa_027;solnu;;109.07;0.0;0.0;26.16;0.0;130.01;233.01;49.87;290.16;56.91;310.4;0.0;166.22;0.0;0.0
2020;285;366;beauce_5_sa_027;BTH;BTH;35.24;0.0;64.6;3.7;0.0;49.42;289.7;56.85;310.34;56.91;310.4;98.78;142.67;0.0;555.77
2020;1;223;beauce_5_sa_028;BTH;BTH;193.45;104.32;95.02;28.79;0.0;56.91;310.4;184.22;272.13;56.91;310.4;99.28;353.71;0.0;3019.26
2020;224;287;beauce_5_sa_028;solnu;;81.46;0.0;4.29;14.09;0.0;184.22;272.13;49.83;303.32;56.91;310.4;0.0;116.93;0.0;0.0
2020;288;366;beauce_5_sa_028;BTH;BTH;34.02;0.0;78.02;3.43;0.0;49.08;302.57;56.85;310.34;56.91;310.4;98.73;141.7;0.0;526.47
2020;1;211;beauce_5_sa_029;BTH;BTH;156.44;169.25;94.1;19.34;0.0;56.91;310.4;104.36;212.73;56.91;310.4;97.36;321.31;0.0;2656.62
2020;212;299;beauce_5_sa_029;solnu;;113.15;0.0;0.0;28.52;0.0;104.36;212.73;54.93;276.97;56.91;310.4;0.0;178.1;0.0;0.0
2020;300;366;beauce_5_sa_029;BTH;BTH;26.43;0.0;31.19;1.44;0.0;55.2;277.23;56.85;310.34;56.91;310.4;98.51;112.93;0.0;405.75
2020;1;226;beauce_5_sa_030;BTH;BTH;162.2;182.51;94.48;18.85;0.0;56.91;310.4;129.47;226.08;56.91;310.4;96.21;356.58;0.0;2798.11
2020;227;315;beauce_5_sa_030;solnu;;98.24;0.0;0.0;26.27;0.0;129.47;226.08;55.69;283.99;56.91;310.4;0.0;153.62;0.0;0.0
2020;316;366;beauce_5_sa_030;BTH;BTH;17.54;0.0;35.6;0.88;0.0;55.28;283.58;56.85;310.34;56.91;310.4;98.04;102.14;0.0;275.37
2020;1;176;beauce_5_sa_031;BTH;BTH;169.0;38.49;94.89;28.42;0.0;56.91;310.4;152.09;286.57;56.91;310.4;99.43;277.74;0.0;2196.65
2020;177;283;beauce_5_sa_031;solnu;;145.8;0.0;28.77;38.11;0.0;152.09;286.57;50.28;303.76;56.91;310.4;0.0;191.93;0.0;0.0
2020;284;366;beauce_5_sa_031;BTH;BTH;35.57;0.0;78.04;3.74;0.0;49.87;303.36;56.85;310.34;56.91;310.4;98.8;142.67;0.0;563.98
2020;1;213;beauce_5_sa_032;BTH;BTH;185.62;95.57;91.23;29.38;0.0;56.91;310.4;160.57;260.09;56.91;310.4;99.4;321.31;0.0;2804.22
2020;214;289;beauce_5_sa_032;solnu;;103.8;0.0;4.04;26.85;0.0;160.57;260.09;48.27;301.76;56.91;310.4;0.0;149.51;0.0;0.0
2020;290;366;beauce_5_sa_032;BTH;BTH;33.21;0.0;77.08;3.51;0.0;47.52;301.01;56.85;310.34;56.91;310.4;98.7;141.52;0.0;507.89
2020;1;209;beauce_5_sa_033;BTH;BTH;175.3;69.93;91.82;31.57;0.0;69.15;310.4;200.39;286.52;69.15;310.4;99.52;321.31;0.0;3031.51
2020;210;267;beauce_5_sa_033;solnu;;89.3;0.0;17.07;21.31;0.0;200.39;286.52;44.29;297.78;69.15;310.4;0.0;108.98;0.0;0.0
2020;268;366;beauce_5_sa_033;BTH;BTH;53.04;0.04;94.07;8.95;0.0;44.13;297.61;63.76;310.34;69.15;310.4;98.98;182.05;0.0;786.7
2020;1;208;beauce_5_sa_034;BTH;BTH;182.92;113.74;93.52;27.62;0.0;56.91;310.4;109.51;224.48;56.91;310.4;99.05;312.35;0.0;2452.31
2020;209;317;beauce_5_sa_034;solnu;;123.63;0.0;0.0;25.15;0.0;109.51;224.48;55.02;307.6;56.91;310.4;0.0;197.84;0.0;0.0
2020;318;366;beauce_5_sa_034;BTH;BTH;16.91;0.0;59.84;0.86;0.0;54.81;307.38;56.85;310.34;56.91;310.4;97.96;102.14;0.0;265.67
2020;1;213;beauce_5_sa_035;BTH;BTH;173.5;75.19;90.69;30.38;0.0;73.05;310.4;212.1;293.15;73.05;310.4;99.52;321.31;0.0;3139.17
2020;214;265;beauce_5_sa_035;solnu;;82.61;0.0;20.23;19.55;0.0;212.1;293.15;42.34;295.82;73.05;310.4;0.0;107.03;0.0;0.0
2020;266;366;beauce_5_sa_035;BTH;BTH;52.43;0.64;95.28;9.26;0.0;43.46;296.95;66.95;310.35;73.05;310.4;99.0;184.0;0.0;815.93
2020;1;219;beauce_5_sa_036;BTH;BTH;176.49;79.72;89.76;30.7;0.0;76.21;310.4;225.51;297.9;76.21;310.4;99.54;332.67;0.0;3288.94
2020;220;263;beauce_5_sa_036;solnu;;71.13;0.0;23.94;16.1;0.0;225.51;297.9;43.5;296.99;76.21;310.4;0.0;94.15;0.0;0.0
2020;264;366;beauce_5_sa_036;BTH;BTH;53.5;0.52;95.49;9.41;0.0;42.84;296.32;70.51;310.34;76.21;310.4;99.02;185.52;0.0;848.37
2020;1;206;beauce_5_sa_037;BTH;BTH;122.02;126.13;78.93;17.62;0.0;85.7;310.4;205.9;286.88;85.7;310.4;99.5;303.45;0.0;3126.85
2020;207;258;beauce_5_sa_037;solnu;;86.73;0.0;23.7;13.95;0.0;205.9;286.88;46.69;300.18;85.7;310.4;0.0;123.03;0.0;0.0
2020;259;366;beauce_5_sa_037;BTH;BTH;55.58;0.06;97.42;9.68;0.0;45.93;299.42;78.84;310.34;85.7;310.4;99.07;185.86;0.0;925.2
2020;1;214;beauce_5_sa_038;BTH;BTH;193.82;59.37;93.48;35.36;0.0;59.47;310.4;199.13;285.85;59.47;310.4;99.53;326.34;0.0;3032.92
2020;215;272;beauce_5_sa_038;solnu;;81.99;0.0;18.32;16.26;0.0;199.13;285.85;56.91;310.4;59.47;310.4;0.0;133.92;0.0;0.0
2020;273;366;beauce_5_sa_038;BTH;BTH;47.96;0.15;95.46;7.08;0.0;56.91;310.4;56.87;310.35;59.47;310.4;98.94;152.08;0.0;706.85
2020;1;218;beauce_5_sa_039;BTH;BTH;195.06;63.59;92.9;34.93;0.0;63.34;310.4;206.41;286.42;63.34;310.4;99.53;332.67;0.0;3145.11
2020;219;270;beauce_5_sa_039;solnu;;73.25;0.0;18.01;11.2;0.0;206.41;286.42;45.19;298.68;63.34;310.4;0.0;97.62;0.0;0.0
2020;271;366;beauce_5_sa_039;BTH;BTH;50.34;0.02;97.39;8.75;0.0;44.42;297.9;57.87;310.34;63.34;310.4;98.96;182.05;0.0;738.74
2020;1;171;beauce_5_sa_040;BTH;BTH;128.83;99.62;93.02;14.97;0.0;57.49;310.4;132.57;266.12;57.49;310.4;99.4;276.93;0.0;2221.12
2020;172;273;beauce_5_sa_040;solnu;;136.17;0.0;3.43;33.01;0.0;132.57;266.12;56.91;310.4;57.49;310.4;0.0;183.33;0.0;0.0
2020;274;366;beauce_5_sa_040;BTH;BTH;46.53;0.16;82.79;4.9;0.0;54.25;307.74;56.87;310.35;57.49;310.4;98.92;152.08;0.0;693.54
2020;1;180;beauce_5_sa_041;BTH;BTH;181.49;31.42;94.14;33.5;0.0;56.91;310.4;147.58;288.99;56.91;310.4;99.44;284.83;0.0;2067.05
2020;181;301;beauce_5_sa_041;solnu;;153.13;0.0;41.95;39.07;0.0;147.58;288.99;55.01;308.5;56.91;310.4;0.0;214.58;0.0;0.0
2020;302;366;beauce_5_sa_041;BTH;BTH;25.5;0.0;62.94;1.31;0.0;54.46;307.94;56.85;310.34;56.91;310.4;98.46;112.93;0.0;383.87
2020;1;185;beauce_5_sa_042;BTH;BTH;152.43;75.31;92.26;23.86;0.0;67.14;310.4;170.64;282.21;67.14;310.4;99.45;290.99;0.0;2576.37
2020;186;268;beauce_5_sa_042;solnu;;115.68;0.0;8.21;30.87;0.0;170.64;282.21;44.13;297.61;67.14;310.4;0.0;139.29;0.0;0.0
2020;269;366;beauce_5_sa_042;BTH;BTH;52.68;0.03;93.98;8.91;0.0;43.23;296.72;61.82;310.34;67.14;310.4;98.98;182.05;0.0;769.82
2020;1;229;beauce_5_sa_043;BTH;BTH;222.2;79.2;94.14;36.56;0.0;56.91;310.4;188.01;278.09;56.91;310.4;99.39;362.42;0.0;2978.94
2020;230;301;beauce_5_sa_043;solnu;;82.58;0.0;24.06;19.17;0.0;188.01;278.09;54.95;308.44;56.91;310.4;0.0;136.99;0.0;0.0
2020;302;366;beauce_5_sa_043;BTH;BTH;25.59;0.0;62.79;1.34;0.0;54.37;307.86;56.85;310.34;56.91;310.4;98.46;112.93;0.0;383.87
2020;1;197;beauce_5_sa_044;BTH;BTH;148.47;183.1;94.28;18.95;0.0;56.91;310.4;58.29;183.87;56.91;310.4;97.53;298.51;0.0;2277.75
2020;198;314;beauce_5_sa_044;solnu;;132.61;0.0;0.0;28.39;0.0;58.29;183.87;56.09;262.74;56.91;310.4;0.0;211.68;0.0;0.0
2020;315;366;beauce_5_sa_044;BTH;BTH;18.06;0.0;14.05;0.79;0.0;55.69;262.34;56.85;310.34;56.91;310.4;98.08;102.14;0.0;279.17
2020;1;173;beauce_5_sa_045;BTH;BTH;136.03;107.86;92.11;17.25;0.0;56.91;310.4;105.11;252.14;56.91;310.4;99.37;276.93;0.0;1969.96
2020;174;298;beauce_5_sa_045;solnu;;157.73;0.0;7.11;41.49;0.0;105.11;252.14;55.4;308.88;56.91;310.4;0.0;221.77;0.0;0.0
2020;299;366;beauce_5_sa_045;BTH;BTH;26.91;0.01;62.81;1.41;0.0;54.93;308.42;56.85;310.34;56.91;310.4;98.53;113.64;0.0;415.15
2020;1;202;beauce_5_sa_046;BTH;BTH;177.48;116.92;93.1;26.08;0.0;56.91;310.4;104.19;223.79;56.91;310.4;99.09;300.08;0.0;2425.48
2020;203;308;beauce_5_sa_046;solnu;;125.41;0.0;0.0;30.84;0.0;104.19;223.79;56.38;302.87;56.91;310.4;0.0;204.49;0.0;0.0
2020;309;366;beauce_5_sa_046;BTH;BTH;22.11;0.0;55.54;1.03;0.0;55.64;302.13;56.85;310.34;56.91;310.4;98.28;107.77;0.0;322.77
2020;1;211;beauce_5_sa_047;BTH;BTH;171.39;75.19;90.69;29.93;0.0;73.05;310.4;212.05;295.26;73.05;310.4;99.52;321.31;0.0;3102.7
2020;212;265;beauce_5_sa_047;solnu;;85.07;0.0;19.87;20.35;0.0;212.05;295.26;42.34;295.82;73.05;310.4;0.0;107.03;0.0;0.0
2020;266;366;beauce_5_sa_047;BTH;BTH;49.75;1.67;96.91;8.88;0.0;43.46;296.95;66.98;310.37;73.05;310.4;99.0;184.0;0.0;815.93
2020;1;189;beauce_5_sa_048;BTH;BTH;194.27;45.44;93.18;33.81;0.0;56.91;310.4;135.66;270.41;56.91;310.4;99.46;292.09;0.0;2104.01
2020;190;316;beauce_5_sa_048;solnu;;144.15;0.0;35.58;36.77;0.0;135.66;270.41;55.29;308.77;56.91;310.4;0.0;218.1;0.0;0.0
2020;317;366;beauce_5_sa_048;BTH;BTH;17.14;0.0;60.79;0.85;0.0;55.02;308.51;56.85;310.34;56.91;310.4;98.0;102.14;0.0;271.49
2020;1;171;beauce_5_sa_049;BTH;BTH;127.81;106.43;89.06;14.08;0.0;56.91;310.4;124.25;264.3;56.91;310.4;99.39;276.93;0.0;2094.38
2020;172;283;beauce_5_sa_049;solnu;;151.09;0.0;2.56;40.09;0.0;124.25;264.3;50.28;303.76;56.91;310.4;0.0;192.74;0.0;0.0
2020;284;366;beauce_5_sa_049;BTH;BTH;35.27;0.05;78.29;3.7;0.0;49.87;303.36;56.85;310.34;56.91;310.4;98.8;142.67;0.0;563.98
2020;1;231;beauce_5_sa_050;BTH;BTH;186.41;103.24;93.24;28.08;0.0;57.49;310.4;222.52;293.42;57.49;310.4;99.49;365.34;0.0;3339.6
2020;232;273;beauce_5_sa_050;solnu;;58.09;0.0;20.09;16.04;0.0;222.52;293.42;56.91;310.4;57.49;310.4;0.0;94.92;0.0;0.0
2020;274;366;beauce_5_sa_050;BTH;BTH;47.14;0.12;82.23;4.95;0.0;54.25;307.74;56.85;310.34;57.49;310.4;98.92;152.08;0.0;693.54
2020;1;225;beauce_5_sa_051;BTH;BTH;169.47;145.43;89.6;20.68;0.0;56.91;310.4;174.33;260.43;56.91;310.4;98.96;354.05;0.0;3051.89
2020;226;287;beauce_5_sa_051;solnu;;82.35;0.0;0.0;22.82;0.0;174.33;260.43;49.41;295.0;56.91;310.4;0.0;116.59;0.0;0.0
2020;288;366;beauce_5_sa_051;BTH;BTH;34.16;0.03;69.53;3.46;0.0;48.54;294.13;56.85;310.34;56.91;310.4;98.73;141.7;0.0;526.47
2020;1;203;beauce_5_sa_052;BTH;BTH;197.8;63.95;93.26;35.42;0.0;56.91;310.4;138.4;256.29;56.91;310.4;99.46;302.75;0.0;2473.34
2020;204;304;beauce_5_sa_052;solnu;;122.67;0.0;25.98;29.05;0.0;138.4;256.29;53.94;307.42;56.91;310.4;0.0;197.12;0.0;0.0
2020;305;366;beauce_5_sa_052;BTH;BTH;24.16;0.0;62.74;1.35;0.0;53.28;306.76;56.85;310.34;56.91;310.4;98.39;112.47;0.0;355.75
2020;1;227;beauce_5_sa_053;BTH;BTH;182.0;154.73;93.49;22.66;0.0;56.91;310.4;142.27;237.57;56.91;310.4;97.8;361.97;0.0;2800.2
2020;228;317;beauce_5_sa_053;solnu;;96.88;0.0;0.0;26.3;0.0;142.27;237.57;55.02;294.31;56.91;310.4;0.0;148.23;0.0;0.0
2020;318;366;beauce_5_sa_053;BTH;BTH;16.98;0.0;46.5;0.91;0.0;54.8;294.1;56.85;310.34;56.91;310.4;97.96;102.14;0.0;265.67
2020;1;185;beauce_5_sa_054;BTH;BTH;132.09;158.06;89.39;15.73;0.0;56.91;310.4;97.28;222.67;56.91;310.4;99.17;290.99;0.0;2338.53
2020;186;285;beauce_5_sa_054;solnu;;130.23;0.0;0.0;28.87;0.0;97.28;222.67;50.07;271.12;56.91;310.4;0.0;178.68;0.0;0.0
2020;286;366;beauce_5_sa_054;BTH;BTH;33.84;0.02;46.94;3.35;0.0;49.77;270.82;56.86;310.34;56.91;310.4;98.77;142.67;0.0;544.43
2020;1;219;beauce_5_sa_055;BTH;BTH;226.5;38.51;94.32;43.64;0.0;56.91;310.4;185.87;284.55;56.91;310.4;99.53;332.67;0.0;2831.05
2020;220;297;beauce_5_sa_055;solnu;;99.8;0.0;41.29;26.48;0.0;185.87;284.55;54.6;308.09;56.91;310.4;0.0;165.84;0.0;0.0
2020;298;366;beauce_5_sa_055;BTH;BTH;27.41;0.0;62.74;1.62;0.0;55.4;308.88;56.85;310.34;56.91;310.4;98.55;113.83;0.0;424.97
2020;1;180;beauce_5_sa_056;BTH;BTH;110.75;123.36;85.27;14.49;0.0;73.05;310.4;161.13;276.66;73.05;310.4;99.42;284.83;0.0;2529.59
2020;181;265;beauce_5_sa_056;solnu;;126.72;0.0;0.0;33.0;0.0;161.13;276.66;42.34;291.93;73.05;310.4;0.0;143.5;0.0;0.0
2020;266;366;beauce_5_sa_056;BTH;BTH;51.13;1.04;92.26;9.08;0.0;43.46;293.05;66.97;310.37;73.05;310.4;99.0;184.0;0.0;815.93
2020;1;171;beauce_5_sa_057;BTH;BTH;119.75;133.63;90.84;13.28;0.0;56.91;310.4;97.43;243.37;56.91;310.4;99.32;276.93;0.0;1988.14
2020;172;292;beauce_5_sa_057;solnu;;154.48;0.0;0.0;38.41;0.0;97.43;243.37;56.91;300.66;56.91;310.4;0.0;211.23;0.0;0.0
2020;293;366;beauce_5_sa_057;BTH;BTH;31.48;0.0;60.38;2.15;0.0;55.97;299.72;56.85;310.34;56.91;310.4;98.65;124.19;0.0;475.7
2020;1;196;beauce_5_sa_058;BTH;BTH;163.21;143.29;93.08;21.58;0.0;56.91;310.4;84.29;209.91;56.91;310.4;98.81;298.51;0.0;2288.37
2020;197;311;beauce_5_sa_058;solnu;;131.49;0.0;0.0;27.52;0.0;84.29;209.91;55.35;286.23;56.91;310.4;0.0;211.48;0.0;0.0
2020;312;366;beauce_5_sa_058;BTH;BTH;19.35;0.0;40.14;1.03;0.0;56.91;289.7;56.85;310.34;56.91;310.4;98.18;102.35;0.0;302.33
2020;1;188;beauce_5_sa_059;BTH;BTH;192.78;34.11;94.57;34.95;0.0;56.91;310.4;153.73;281.85;56.91;310.4;99.46;292.09;0.0;2298.67
2020;189;293;beauce_5_sa_059;solnu;;132.78;0.0;35.66;36.72;0.0;153.73;281.85;55.97;309.46;56.91;310.4;0.0;205.17;0.0;0.0
2020;294;366;beauce_5_sa_059;BTH;BTH;30.55;0.0;70.11;2.25;0.0;56.91;310.4;56.85;310.34;56.91;310.4;98.63;115.07;0.0;463.96
2020;1;214;beauce_5_sa_060;BTH;BTH;216.15;50.45;93.39;40.13;0.0;56.91;310.4;164.49;272.53;56.91;310.4;99.5;326.34;0.0;2621.95
2020;215;310;beauce_5_sa_060;solnu;;111.61;0.0;35.85;23.75;0.0;164.49;272.53;56.37;309.86;56.91;310.4;0.0;179.75;0.0;0.0
2020;311;366;beauce_5_sa_060;BTH;BTH;20.37;0.0;62.75;0.97;0.0;55.35;308.84;56.85;310.34;56.91;310.4;98.21;106.25;0.0;304.91
2020;1;194;beauce_5_sa_061;BTH;BTH;138.96;105.15;86.35;19.76;0.0;71.46;310.4;178.08;278.44;71.46;310.4;99.47;298.28;0.0;2776.03
2020;195;266;beauce_5_sa_061;solnu;;103.24;0.0;7.24;21.53;0.0;178.08;278.44;45.11;298.6;71.46;310.4;0.0;131.7;0.0;0.0
2020;267;366;beauce_5_sa_061;BTH;BTH;52.34;0.04;97.24;8.95;0.0;46.27;299.76;65.07;310.34;71.46;310.4;99.0;182.36;0.0;804.16
2020;1;205;beauce_5_sa_062;BTH;BTH;163.61;78.83;90.05;27.95;0.0;74.83;310.4;193.83;281.47;74.83;310.4;99.51;302.75;0.0;3008.82
2020;206;264;beauce_5_sa_062;solnu;;91.7;0.0;17.52;21.28;0.0;193.83;281.47;42.84;296.32;74.83;310.4;0.0;124.07;0.0;0.0
2020;265;366;beauce_5_sa_062;BTH;BTH;49.84;1.73;97.25;8.89;0.0;42.34;295.82;68.71;310.37;74.83;310.4;99.01;185.52;0.0;832.76
2020;1;170;beauce_5_sa_063;BTH;BTH;115.22;92.91;86.95;12.12;0.0;79.95;310.4;170.04;292.52;79.95;310.4;99.4;276.39;0.0;2405.96
2020;171;261;beauce_5_sa_063;solnu;;132.33;0.0;11.76;31.91;0.0;170.04;292.52;45.18;298.66;79.95;310.4;0.0;150.23;0.0;0.0
2020;262;366;beauce_5_sa_063;BTH;BTH;54.14;0.04;97.22;9.64;0.0;44.55;298.04;73.84;310.34;79.95;310.4;99.05;185.72;0.0;882.14
2020;1;191;beauce_5_sa_064;BTH;BTH;200.33;33.66;93.57;36.34;0.0;56.91;310.4;145.87;276.2;56.91;310.4;99.47;297.33;0.0;2246.36
2020;192;305;beauce_5_sa_064;solnu;;136.4;0.0;40.56;36.53;0.0;145.87;276.2;53.08;306.56;56.91;310.4;0.0;205.58;0.0;0.0
2020;306;366;beauce_5_sa_064;BTH;BTH;23.55;0.0;62.5;1.46;0.0;55.91;309.4;56.85;310.34;56.91;310.4;98.36;109.43;0.0;346.53
2020;1;193;beauce_5_sa_065;BTH;BTH;179.88;52.4;94.19;31.37;0.0;56.91;310.4;171.4;282.44;56.91;310.4;99.48;297.69;0.0;2592.45
2020;194;276;beauce_5_sa_065;solnu;;112.08;0.0;28.09;22.44;0.0;171.4;282.44;51.35;304.83;56.91;310.4;0.0;171.56;0.0;0.0
2020;277;366;beauce_5_sa_065;BTH;BTH;40.35;0.36;83.2;5.09;0.0;56.91;310.4;56.87;310.36;56.91;310.4;98.89;143.08;0.0;653.48
2020;1;203;beauce_5_sa_066;BTH;BTH;169.87;71.84;91.53;29.49;0.0;69.15;310.4;185.68;278.05;69.15;310.4;99.5;302.75;0.0;2919.87
2020;204;267;beauce_5_sa_066;solnu;;92.22;0.0;15.11;15.67;0.0;185.68;278.05;47.13;300.61;69.15;310.4;0.0;127.54;0.0;0.0
2020;268;366;beauce_5_sa_066;BTH;BTH;51.98;0.04;97.97;8.85;0.0;47.12;300.6;63.76;310.34;69.15;310.4;98.99;182.05;0.0;786.7
2020;1;226;beauce_5_sa_067;BTH;BTH;197.72;86.11;90.98;31.91;0.0;56.91;310.4;212.52;290.45;56.91;310.4;99.52;356.58;0.0;3187.67
2020;227;277;beauce_5_sa_067;solnu;;71.22;0.0;24.04;18.78;0.0;212.52;290.45;56.91;310.4;56.91;310.4;0.0;112.68;0.0;0.0
2020;278;366;beauce_5_sa_067;BTH;BTH;40.4;0.1;79.99;3.25;0.0;54.62;308.11;56.85;310.34;56.91;310.4;98.88;143.08;0.0;639.11
2020;1;191;beauce_5_sa_068;BTH;BTH;173.88;100.24;93.42;26.62;0.0;56.91;310.4;103.76;236.21;56.91;310.4;99.34;297.33;0.0;2155.8
2020;192;315;beauce_5_sa_068;solnu;;141.22;0.0;3.47;34.59;0.0;103.76;236.21;55.69;309.17;56.91;310.4;0.0;212.86;0.0;0.0
2020;316;366;beauce_5_sa_068;BTH;BTH;17.54;0.0;60.79;0.88;0.0;55.28;308.77;56.85;310.34;56.91;310.4;98.04;102.14;0.0;275.37
2020;1;203;beauce_5_sa_069;BTH;BTH;210.88;33.95;94.19;40.89;0.0;56.91;310.4;155.63;272.27;56.91;310.4;99.5;302.75;0.0;2503.24
2020;204;300;beauce_5_sa_069;solnu;;121.18;0.0;41.68;29.8;0.0;155.63;272.27;55.26;308.74;56.91;310.4;0.0;196.66;0.0;0.0
2020;301;366;beauce_5_sa_069;BTH;BTH;25.86;0.0;62.82;1.33;0.0;54.97;308.45;56.85;310.34;56.91;310.4;98.48;112.93;0.0;394.92
2020;1;188;beauce_5_sa_070;BTH;BTH;175.08;79.82;94.49;27.97;0.0;56.91;310.4;128.14;253.91;56.91;310.4;99.43;292.09;0.0;2334.28
2020;189;290;beauce_5_sa_070;solnu;;125.99;0.0;4.93;22.67;0.0;128.14;253.91;48.23;301.71;56.91;310.4;0.0;178.73;0.0;0.0
2020;291;366;beauce_5_sa_070;BTH;BTH;32.29;0.01;77.95;3.45;0.0;47.73;301.22;56.85;310.34;56.91;310.4;98.68;141.52;0.0;495.65
2020;1;228;beauce_5_sa_071;BTH;BTH;140.89;139.64;82.24;19.69;0.0;73.05;310.4;245.12;310.4;73.05;310.4;99.51;362.42;0.0;3423.5
2020;229;265;beauce_5_sa_071;solnu;;56.73;0.0;22.7;14.59;0.0;245.12;310.4;42.34;295.82;73.05;310.4;0.0;65.91;0.0;0.0
2020;266;366;beauce_5_sa_071;BTH;BTH;52.56;0.57;95.21;9.32;0.0;43.46;296.95;66.96;310.36;73.05;310.4;99.0;184.0;0.0;815.93
2020;1;198;beauce_5_sa_072;BTH;BTH;202.94;35.52;94.52;37.36;0.0;56.91;310.4;161.54;276.74;56.91;310.4;99.49;299.34;0.0;2523.93
2020;199;290;beauce_5_sa_072;solnu;;118.98;0.0;29.06;32.29;0.0;161.54;276.74;47.52;301.01;56.91;310.4;0.0;171.48;0.0;0.0
2020;291;366;beauce_5_sa_072;BTH;BTH;32.47;0.0;77.07;3.54;0.0;46.94;300.43;56.85;310.34;56.91;310.4;98.68;141.52;0.0;495.65
2020;1;200;beauce_5_sa_073;BTH;BTH;128.7;117.65;82.02;17.69;0.0;79.95;310.4;192.15;282.18;79.95;310.4;99.49;300.08;0.0;2970.57
2020;201;261;beauce_5_sa_073;solnu;;96.48;0.0;15.19;22.69;0.0;192.15;282.18;44.3;297.79;79.95;310.4;0.0;126.53;0.0;0.0
2020;262;366;beauce_5_sa_073;BTH;BTH;54.63;0.04;95.85;9.77;0.0;43.5;296.99;73.84;310.34;79.95;310.4;99.04;185.72;0.0;882.14
2020;1;173;beauce_5_sa_074;BTH;BTH;176.77;26.89;93.86;28.98;0.0;56.91;310.4;139.78;290.62;56.91;310.4;99.42;276.93;0.0;1869.25
2020;174;310;beauce_5_sa_074;solnu;;163.72;0.0;46.21;41.52;0.0;139.78;290.62;56.37;309.86;56.91;310.4;0.0;229.17;0.0;0.0
2020;311;366;beauce_5_sa_074;BTH;BTH;20.37;0.0;62.75;0.97;0.0;55.35;308.84;56.85;310.34;56.91;310.4;98.21;106.25;0.0;304.91
2020;1;188;beauce_5_sa_075;BTH;BTH;139.29;137.02;88.9;17.25;0.0;56.91;310.4;116.53;238.09;56.91;310.4;99.3;292.09;0.0;2415.18
2020;189;283;beauce_5_sa_075;solnu;;123.94;0.0;0.0;21.03;0.0;116.53;238.09;50.44;291.56;56.91;310.4;0.0;177.58;0.0;0.0
2020;284;366;beauce_5_sa_075;BTH;BTH;35.19;0.0;66.21;3.61;0.0;50.1;291.21;56.85;310.34;56.91;310.4;98.8;142.67;0.0;563.98
2020;1;184;beauce_5_sa_076;BTH;BTH;123.44;187.84;91.2;14.27;0.0;56.91;310.4;65.64;198.95;56.91;310.4;98.68;290.99;0.0;2204.92
2020;185;295;beauce_5_sa_076;solnu;;135.25;0.0;0.0;26.29;0.0;65.64;198.95;55.87;270.74;56.91;310.4;0.0;206.3;0.0;0.0
2020;296;366;beauce_5_sa_076;BTH;BTH;28.45;0.0;24.37;1.49;0.0;55.18;270.05;56.85;310.34;56.91;310.4;98.59;115.04;0.0;445.94
2020;1;178;beauce_5_sa_077;BTH;BTH;180.09;31.56;94.19;32.23;0.0;56.91;310.4;140.09;283.1;56.91;310.4;99.43;277.85;0.0;2036.79
2020;179;300;beauce_5_sa_077;solnu;;153.87;0.0;42.23;40.85;0.0;140.09;283.1;55.2;308.68;56.91;310.4;0.0;221.57;0.0;0.0
2020;301;366;beauce_5_sa_077;BTH;BTH;26.02;0.0;62.61;1.35;0.0;54.89;308.38;56.85;310.34;56.91;310.4;98.48;112.93;0.0;394.92
2020;1;220;beauce_5_sa_078;BTH;BTH;201.88;59.37;93.48;36.6;0.0;59.47;310.4;208.77;289.15;59.47;310.4;99.54;333.81;0.0;3150.6
2020;221;272;beauce_5_sa_078;solnu;;72.14;0.0;20.1;14.68;0.0;208.77;289.15;56.91;310.4;59.47;310.4;0.0;126.46;0.0;0.0
2020;273;366;beauce_5_sa_078;BTH;BTH;48.74;0.02;94.82;7.17;0.0;56.91;310.4;56.86;310.34;59.47;310.4;98.94;152.08;0.0;706.85
2020;1;193;beauce_5_sa_079;BTH;BTH;171.47;59.09;93.34;29.21;0.0;61.29;310.4;177.54;285.0;61.29;310.4;99.48;297.69;0.0;2666.96
2020;194;271;beauce_5_sa_079;solnu;;109.22;0.0;13.9;28.54;0.0;177.54;285.0;40.98;294.47;61.29;310.4;0.0;148.48;0.0;0.0
2020;272;366;beauce_5_sa_079;BTH;BTH;49.65;0.02;93.87;9.15;0.0;56.64;310.12;56.85;310.34;61.29;310.4;98.95;166.17;0.0;724.19
2020;1;199;beauce_5_sa_080;BTH;BTH;149.19;176.13;92.95;18.05;0.0;56.91;310.4;69.29;192.28;56.91;310.4;97.79;299.34;0.0;2354.23
2020;200;310;beauce_5_sa_080;solnu;;128.78;0.0;0.0;29.78;0.0;69.29;192.28;56.16;270.25;56.91;310.4;0.0;206.75;0.0;0.0
2020;311;366;beauce_5_sa_080;BTH;BTH;20.38;0.0;23.14;0.97;0.0;55.14;269.23;56.85;310.34;56.91;310.4;98.21;106.25;0.0;304.91
2020;1;178;beauce_5_sa_081;BTH;BTH;88.94;140.88;76.06;9.76;0.0;85.7;310.4;172.37;283.07;85.7;310.4;99.41;277.85;0.0;2604.76
2020;179;258;beauce_5_sa_081;solnu;;123.41;0.0;7.92;24.94;0.0;172.37;283.07;47.0;300.48;85.7;310.4;0.0;148.64;0.0;0.0
2020;259;366;beauce_5_sa_081;BTH;BTH;55.45;0.06;97.85;9.54;0.0;46.33;299.82;78.84;310.34;85.7;310.4;99.07;185.86;0.0;925.2
2020;1;222;beauce_5_sa_082;BTH;BTH;161.22;120.72;87.87;23.27;0.0;63.34;310.4;219.12;294.97;63.34;310.4;99.48;353.71;0.0;3219.26
2020;223;270;beauce_5_sa_082;solnu;;69.52;0.0;6.47;18.25;0.0;219.12;294.97;42.21;295.69;63.34;310.4;0.0;76.57;0.0;0.0
2020;271;366;beauce_5_sa_082;BTH;BTH;50.87;0.02;93.87;9.06;0.0;40.98;294.47;57.87;310.34;63.34;310.4;98.96;182.05;0.0;738.74
2020;1;210;beauce_5_sa_083;BTH;BTH;166.91;143.5;92.91;22.28;0.0;56.91;310.4;118.81;229.21;56.91;310.4;98.52;321.31;0.0;2608.82
2020;211;303;beauce_5_sa_083;solnu;;116.25;0.0;0.0;29.29;0.0;118.81;229.21;53.76;291.06;56.91;310.4;0.0;178.56;0.0;0.0
2020;304;366;beauce_5_sa_083;BTH;BTH;24.69;0.0;46.32;1.46;0.0;53.78;291.08;56.85;310.34;56.91;310.4;98.41;112.47;0.0;365.29
2020;1;220;beauce_5_sa_084;BTH;BTH;201.96;59.33;93.44;36.51;0.0;59.47;310.4;208.77;289.15;59.47;310.4;99.54;333.81;0.0;3150.6
2020;221;272;beauce_5_sa_084;solnu;;71.54;0.0;20.71;13.62;0.0;208.77;289.15;56.91;310.4;59.47;310.4;0.0;126.46;0.0;0.0
2020;273;366;beauce_5_sa_084;BTH;BTH;46.46;0.64;96.46;6.84;0.0;56.91;310.4;56.88;310.36;59.47;310.4;98.94;152.08;0.0;706.85
2020;1;177;beauce_5_sa_085;BTH;BTH;179.99;29.94;94.18;31.93;0.0;56.91;310.4;138.56;284.85;56.91;310.4;99.43;277.74;0.0;1952.68
2020;178;309;beauce_5_sa_085;solnu;;159.83;0.0;42.73;42.51;0.0;138.56;284.85;55.64;309.13;56.91;310.4;0.0;228.36;0.0;0.0
2020;310;366;beauce_5_sa_085;BTH;BTH;21.39;0.0;62.52;1.1;0.0;56.16;309.64;56.85;310.34;56.91;310.4;98.25;106.25;0.0;310.54
2020;1;192;beauce_5_sa_086;BTH;BTH;125.6;181.81;89.18;13.35;0.0;56.91;310.4;93.54;211.95;56.91;310.4;98.62;297.69;0.0;2464.74
2020;193;285;beauce_5_sa_086;solnu;;120.75;0.0;0.0;23.14;0.0;93.54;211.95;49.58;263.53;56.91;310.4;0.0;171.98;0.0;0.0
2020;286;366;beauce_5_sa_086;BTH;BTH;34.8;0.0;38.41;3.63;0.0;49.17;263.13;56.85;310.34;56.91;310.4;98.77;142.67;0.0;544.43
2020;1;176;beauce_5_sa_087;BTH;BTH;95.5;142.63;80.07;9.95;0.0;76.21;310.4;153.43;270.74;76.21;310.4;99.39;277.74;0.0;2494.51
2020;177;263;beauce_5_sa_087;solnu;;129.96;0.0;0.0;33.67;0.0;153.43;270.74;43.5;289.86;76.21;310.4;0.0;149.08;0.0;0.0
2020;264;366;beauce_5_sa_087;BTH;BTH;54.45;0.05;87.9;9.63;0.0;42.84;289.2;70.51;310.34;76.21;310.4;99.02;185.52;0.0;848.37
2020;1;186;beauce_5_sa_088;BTH;BTH;191.11;41.74;93.61;33.73;0.0;56.91;310.4;141.4;275.74;56.91;310.4;99.46;292.09;0.0;2186.56
2020;187;301;beauce_5_sa_088;solnu;;138.88;0.0;36.9;37.64;0.0;141.4;275.74;54.89;308.38;56.91;310.4;0.0;207.32;0.0;0.0
2020;302;366;beauce_5_sa_088;BTH;BTH;25.75;0.0;62.57;1.37;0.0;54.29;307.78;56.85;310.34;56.91;310.4;98.46;112.93;0.0;383.87
2020;1;178;beauce_5_sa_089;BTH;BTH;160.32;77.6;92.98;24.9;0.0;56.91;310.4;113.27;258.05;56.91;310.4;99.42;277.85;0.0;1979.27
2020;179;307;beauce_5_sa_089;solnu;;154.69;0.0;19.99;35.3;0.0;113.27;258.05;55.06;308.54;56.91;310.4;0.0;226.72;0.0;0.0
2020;308;366;beauce_5_sa_089;BTH;BTH;22.4;0.0;62.59;1.17;0.0;56.45;309.94;56.85;310.34;56.91;310.4;98.31;107.77;0.0;335.34
2020;1;171;beauce_5_sa_090;BTH;BTH;123.85;113.03;88.42;13.32;0.0;56.91;310.4;124.2;262.29;56.91;310.4;99.39;276.93;0.0;2131.49
2020;172;280;beauce_5_sa_090;solnu;;148.27;0.0;0.52;37.41;0.0;124.2;262.29;52.89;306.37;56.91;310.4;0.0;192.33;0.0;0.0
2020;281;366;beauce_5_sa_090;BTH;BTH;36.99;0.01;79.48;3.39;0.0;52.28;305.76;56.85;310.34;56.91;310.4;98.84;143.08;0.0;608.2
2020;1;189;beauce_5_sa_091;BTH;BTH;155.88;138.75;92.83;20.44;0.0;56.91;310.4;81.85;215.84;56.91;310.4;99.05;292.09;0.0;2124.06
2020;190;314;beauce_5_sa_091;solnu;;142.12;0.0;0.0;33.08;0.0;81.85;215.84;56.09;291.62;56.91;310.4;0.0;218.1;0.0;0.0
2020;315;366;beauce_5_sa_091;BTH;BTH;18.06;0.0;42.93;0.79;0.0;55.69;291.22;56.85;310.34;56.91;310.4;98.08;102.14;0.0;279.17
2020;1;184;beauce_5_sa_092;BTH;BTH;126.61;106.03;87.6;17.91;0.0;73.05;310.4;170.83;281.2;73.05;310.4;99.44;290.99;0.0;2609.7
2020;185;265;beauce_5_sa_092;solnu;;116.1;0.0;3.65;23.41;0.0;170.83;281.2;44.56;298.04;73.05;310.4;0.0;137.34;0.0;0.0
2020;266;366;beauce_5_sa_092;BTH;BTH;52.63;0.03;97.92;9.14;0.0;45.84;299.33;66.94;310.34;73.05;310.4;99.01;184.0;0.0;815.93
2020;1;175;beauce_5_sa_093;BTH;BTH;174.93;32.14;94.6;29.53;0.0;56.91;310.4;145.31;286.47;56.91;310.4;99.43;277.74;0.0;2068.41
2020;176;292;beauce_5_sa_093;solnu;;145.87;0.0;41.42;32.25;0.0;145.31;286.47;56.91;310.4;56.91;310.4;0.0;210.42;0.0;0.0
2020;293;366;beauce_5_sa_093;BTH;BTH;31.48;0.0;70.11;2.15;0.0;55.97;309.46;56.85;310.34;56.91;310.4;98.65;124.19;0.0;475.7
2020;1;184;beauce_5_sa_094;BTH;BTH;160.89;91.04;95.07;25.2;0.0;56.91;310.4;127.96;254.44;56.91;310.4;99.42;290.99;0.0;2331.49
2020;185;284;beauce_5_sa_094;solnu;;133.13;0.0;0.0;33.05;0.0;127.96;254.44;49.87;300.75;56.91;310.4;0.0;178.68;0.0;0.0
2020;285;366;beauce_5_sa_094;BTH;BTH;35.24;0.0;75.19;3.7;0.0;49.42;300.3;56.85;310.34;56.91;310.4;98.78;142.67;0.0;555.77
2020;1;173;beauce_5_sa_095;BTH;BTH;151.09;78.55;92.76;20.93;0.0;56.91;310.4;116.7;265.74;56.91;310.4;99.4;276.93;0.0;1926.99
2020;174;303;beauce_5_sa_095;solnu;;160.18;0.0;20.79;43.01;0.0;116.7;265.74;53.76;307.25;56.91;310.4;0.0;222.94;0.0;0.0
2020;304;366;beauce_5_sa_095;BTH;BTH;24.65;0.0;62.54;1.45;0.0;53.78;307.27;56.85;310.34;56.91;310.4;98.41;112.47;0.0;365.29
2020;1;218;beauce_5_sa_096;BTH;BTH;177.65;98.34;89.35;27.62;0.0;56.91;310.4;188.94;272.64;56.91;310.4;99.5;332.67;0.0;3081.37
2020;219;274;beauce_5_sa_096;solnu;;77.24;0.0;21.16;10.59;0.0;188.94;272.64;54.25;307.74;56.91;310.4;0.0;127.59;0.0;0.0
2020;275;366;beauce_5_sa_096;BTH;BTH;44.87;0.01;81.94;5.16;0.0;53.26;306.74;56.85;310.34;56.91;310.4;98.91;152.08;0.0;681.09
2020;1;180;beauce_5_sa_097;BTH;BTH;160.12;74.09;93.01;25.41;0.0;56.91;310.4;134.01;268.82;56.91;310.4;99.43;284.83;0.0;2181.14
2020;181;290;beauce_5_sa_097;solnu;;145.9;0.0;7.9;37.12;0.0;134.01;268.82;47.52;301.01;56.91;310.4;0.0;185.99;0.0;0.0
2020;291;366;beauce_5_sa_097;BTH;BTH;32.47;0.0;77.07;3.54;0.0;46.94;300.43;56.85;310.34;56.91;310.4;98.68;141.52;0.0;495.65
2020;1;227;beauce_5_sa_098;BTH;BTH;240.1;34.07;94.46;46.01;0.0;56.91;310.4;209.94;299.16;56.91;310.4;99.55;361.97;0.0;2996.71
2020;228;295;beauce_5_sa_098;solnu;;84.22;0.0;46.27;24.17;0.0;209.94;299.16;55.87;309.36;56.91;310.4;0.0;135.33;0.0;0.0
2020;296;366;beauce_5_sa_098;BTH;BTH;28.28;0.02;63.15;1.52;0.0;55.18;308.67;56.86;310.34;56.91;310.4;98.59;115.04;0.0;445.94
2020;1;179;beauce_5_sa_099;BTH;BTH;182.58;30.73;94.03;33.15;0.0;56.91;310.4;135.75;281.71;56.91;310.4;99.44;284.83;0.0;1913.23
2020;180;316;beauce_5_sa_099;solnu;;162.22;0.0;43.07;41.48;0.0;135.75;281.71;55.28;308.77;56.91;310.4;0.0;225.36;0.0;0.0
2020;317;366;beauce_5_sa_099;BTH;BTH;17.19;0.0;60.74;0.9;0.0;55.02;308.5;56.85;310.34;56.91;310.4;98.0;102.14;0.0;271.49
2021;1;171;beauce_5_sa_000;BTH;BTH;146.4;38.18;170.79;26.65;0.0;58.45;310.4;170.73;307.53;58.45;310.4;99.41;329.9;0.0;2120.54
2021;172;269;beauce_5_sa_000;solnu;;142.22;0.0;60.7;39.63;0.11;170.73;307.53;40.22;293.71;58.45;310.4;0.0;194.15;0.0;0.0
2021;270;365;beauce_5_sa_000;BTH;BTH;45.02;0.25;136.34;4.84;0.0;44.21;297.69;61.37;310.4;58.45;310.4;98.91;193.35;0.0;750.66
2021;1;203;beauce_5_sa_001;BTH;BTH;217.33;13.74;206.96;40.09;0.0;76.24;310.4;205.84;303.08;76.24;310.4;99.51;408.12;0.0;2824.21
2021;204;259;beauce_5_sa_001;solnu;;76.09;0.0;36.12;22.24;0.11;205.84;303.08;47.15;300.63;76.24;310.4;0.0;110.22;0.0;0.0
2021;260;365;beauce_5_sa_001;BTH;BTH;48.07;0.06;141.51;5.14;0.0;47.0;300.48;78.93;310.4;76.24;310.4;99.05;199.07;0.0;904.22
2021;1;180;beauce_5_sa_002;BTH;BTH;168.32;44.78;173.23;30.28;0.0;56.91;310.4;151.37;302.92;56.91;310.4;99.44;356.26;0.0;1797.15
2021;181;317;beauce_5_sa_002;solnu;;157.4;0.0;85.65;45.3;0.11;151.37;302.92;56.91;310.4;56.91;310.4;0.0;253.65;0.0;0.0
2021;318;365;beauce_5_sa_002;BTH;BTH;14.96;0.0;95.55;0.55;0.0;56.91;310.4;56.91;310.4;56.91;310.4;97.92;107.49;0.0;209.53
2021;1;180;beauce_5_sa_003;BTH;BTH;188.18;10.53;186.35;35.71;0.0;56.91;310.4;168.91;304.18;56.91;310.4;99.44;356.26;0.0;2170.87
2021;181;277;beauce_5_sa_003;solnu;;130.43;0.0;49.72;39.34;0.11;168.91;304.18;38.23;291.72;56.91;310.4;0.0;167.79;0.0;0.0
2021;278;365;beauce_5_sa_003;BTH;BTH;39.63;0.1;134.94;3.99;0.0;37.5;290.98;56.91;310.4;56.91;310.4;98.82;193.35;0.0;634.75
2021;1;209;beauce_5_sa_004;BTH;BTH;191.55;74.61;179.08;33.61;0.0;56.91;310.4;185.09;305.45;56.91;310.4;99.52;417.7;0.0;2409.52
2021;210;302;beauce_5_sa_004;solnu;;101.93;0.0;43.35;32.61;0.11;185.09;305.45;52.43;305.92;56.91;310.4;0.0;145.86;0.0;0.0
2021;303;365;beauce_5_sa_004;BTH;BTH;22.21;0.0;127.15;1.03;0.0;52.09;305.57;56.91;310.4;56.91;310.4;98.41;153.84;0.0;348.41
2021;1;175;beauce_5_sa_005;BTH;BTH;140.28;54.34;167.95;25.15;0.0;65.65;310.4;181.0;310.4;65.65;310.4;99.43;352.15;0.0;2250.23
2021;176;265;beauce_5_sa_005;solnu;;133.43;0.0;60.16;36.11;0.11;181.0;310.4;41.58;295.06;65.65;310.4;0.0;166.19;0.0;0.0
2021;266;365;beauce_5_sa_005;BTH;BTH;45.42;0.35;137.97;5.28;0.0;41.11;294.59;67.79;310.4;65.65;310.4;98.97;199.07;0.0;809.58
2021;1;212;beauce_5_sa_006;BTH;BTH;229.23;13.81;208.11;44.02;0.0;77.79;310.4;212.93;299.69;77.79;310.4;99.53;417.87;0.0;3015.4
2021;213;258;beauce_5_sa_006;solnu;;60.6;0.0;36.85;14.68;0.11;212.93;299.69;48.78;302.26;77.79;310.4;0.0;100.13;0.0;0.0
2021;259;365;beauce_5_sa_006;BTH;BTH;49.23;0.08;141.97;5.34;0.0;47.85;301.34;80.93;310.4;77.79;310.4;99.06;199.41;0.0;923.45
2021;1;222;beauce_5_sa_007;BTH;BTH;223.99;45.79;194.21;43.07;0.0;56.91;310.4;198.2;305.09;56.91;310.4;99.55;436.1;0.0;2625.47
2021;223;305;beauce_5_sa_007;solnu;;84.77;0.0;43.08;28.1;0.11;198.2;305.09;51.48;304.96;56.91;310.4;0.0;128.68;0.0;0.0
2021;306;365;beauce_5_sa_007;BTH;BTH;21.96;0.0;126.07;1.27;0.0;51.96;305.45;56.91;310.4;56.91;310.4;98.33;152.62;0.0;326.64
2021;1;192;beauce_5_sa_008;BTH;BTH;113.72;116.07;185.69;16.71;0.0;77.79;310.4;201.7;308.35;77.79;310.4;99.48;393.7;0.0;2660.66
2021;193;258;beauce_5_sa_008;solnu;;98.9;0.0;36.01;26.76;0.11;201.7;308.35;47.02;300.5;77.79;310.4;0.0;124.3;0.0;0.0
2021;259;365;beauce_5_sa_008;BTH;BTH;47.5;0.89;141.12;5.27;0.0;45.93;299.41;80.93;310.4;77.79;310.4;99.06;199.41;0.0;923.45
2021;1;195;beauce_5_sa_009;BTH;BTH;193.79;41.85;188.99;36.03;0.0;56.91;310.4;174.17;305.61;56.91;310.4;99.49;399.98;0.0;2225.13
2021;196;296;beauce_5_sa_009;solnu;;121.13;0.0;41.33;34.46;0.11;174.17;305.61;55.52;309.0;56.91;310.4;0.0;163.5;0.0;0.0
2021;297;365;beauce_5_sa_009;BTH;BTH;25.65;0.0;127.12;1.13;0.0;54.91;308.4;56.91;310.4;56.91;310.4;98.55;153.92;0.0;400.33
2021;1;224;beauce_5_sa_010;BTH;BTH;184.98;107.19;171.21;33.53;0.0;56.91;310.4;202.09;307.21;56.91;310.4;99.55;437.61;0.0;2681.42
2021;225;303;beauce_5_sa_010;solnu;;81.51;0.0;46.18;21.24;0.11;202.09;307.21;51.88;305.36;56.91;310.4;0.0;126.32;0.0;0.0
2021;304;365;beauce_5_sa_010;BTH;BTH;22.23;0.0;126.57;1.23;0.0;52.0;305.48;56.91;310.4;56.91;310.4;98.39;153.48;0.0;344.08
2021;1;206;beauce_5_sa_011;BTH;BTH;163.55;100.96;171.74;27.17;0.0;56.91;310.4;193.09;305.87;56.91;310.4;99.51;409.14;0.0;2550.78
2021;207;282;beauce_5_sa_011;solnu;;88.0;0.0;40.04;26.47;0.11;193.09;305.87;41.62;295.1;56.91;310.4;0.0;117.38;0.0;0.0
2021;283;365;beauce_5_sa_011;BTH;BTH;37.09;0.0;138.49;3.63;0.0;41.2;294.69;56.91;310.4;56.91;310.4;98.79;190.89;0.0;557.21
2021;1;213;beauce_5_sa_012;BTH;BTH;236.44;12.98;202.44;46.26;0.0;56.91;310.4;198.75;298.98;56.91;310.4;99.53;417.87;0.0;2779.0
2021;214;275;beauce_5_sa_012;solnu;;74.88;0.0;37.14;26.22;0.11;198.75;298.98;39.55;293.04;56.91;310.4;0.0;106.19;0.0;0.0
2021;276;365;beauce_5_sa_012;BTH;BTH;40.84;0.01;135.13;4.03;0.0;38.76;292.25;56.91;310.4;56.91;310.4;98.84;193.35;0.0;665.06
2021;1;213;beauce_5_sa_013;BTH;BTH;236.12;17.94;198.26;45.86;0.0;56.91;310.4;181.07;298.53;56.91;310.4;99.53;417.87;0.0;2427.86
2021;214;310;beauce_5_sa_013;solnu;;96.62;0.0;52.77;28.78;0.11;181.07;298.53;56.91;310.4;56.91;310.4;0.0;162.92;0.0;0.0
2021;311;365;beauce_5_sa_013;BTH;BTH;18.97;0.0;119.2;0.84;0.0;56.91;310.4;56.91;310.4;56.91;310.4;98.18;136.62;0.0;269.65
2021;1;173;beauce_5_sa_014;BTH;BTH;158.59;36.04;166.13;29.57;0.0;56.91;310.4;144.13;302.13;56.91;310.4;99.42;336.15;0.0;1685.21
2021;174;315;beauce_5_sa_014;solnu;;170.27;0.0;87.7;47.16;0.11;144.13;302.13;56.38;309.87;56.91;310.4;0.0;259.57;0.0;0.0
2021;316;365;beauce_5_sa_014;BTH;BTH;15.73;0.0;105.42;0.73;0.0;55.83;309.31;56.91;310.4;56.91;310.4;98.0;121.69;0.0;226.53
2021;1;179;beauce_5_sa_015;BTH;BTH;183.05;11.42;189.56;34.16;0.0;73.0;310.4;182.79;305.22;73.0;310.4;99.44;356.26;0.0;2382.87
2021;180;261;beauce_5_sa_015;solnu;;119.46;0.0;49.72;33.36;0.11;182.79;305.22;44.53;298.01;73.0;310.4;0.0;162.08;0.0;0.0
2021;262;365;beauce_5_sa_015;BTH;BTH;47.18;0.41;139.09;5.37;0.0;44.15;297.64;75.3;310.4;73.0;310.4;99.02;199.07;0.0;872.56
2021;1;173;beauce_5_sa_016;BTH;BTH;148.83;50.49;161.9;26.68;0.0;56.91;310.4;144.69;301.66;56.91;310.4;99.42;336.15;0.0;1724.27
2021;174;308;beauce_5_sa_016;solnu;;165.17;0.0;74.03;44.25;0.11;144.69;301.66;56.91;310.4;56.91;310.4;0.0;241.81;0.0;0.0
2021;309;365;beauce_5_sa_016;BTH;BTH;20.15;0.0;119.29;0.85;0.0;56.18;309.67;56.91;310.4;56.91;310.4;98.25;139.44;0.0;291.18
2021;1;185;beauce_5_sa_017;BTH;BTH;188.4;14.37;203.05;35.84;0.0;64.34;310.4;187.68;307.83;64.34;310.4;99.46;380.88;0.0;2413.2
2021;186;266;beauce_5_sa_017;solnu;;114.89;0.0;35.9;33.75;0.11;187.68;307.83;41.11;294.59;64.34;310.4;0.0;138.23;0.0;0.0
2021;267;365;beauce_5_sa_017;BTH;BTH;45.56;0.3;137.41;5.21;0.0;41.54;295.03;66.27;310.4;64.34;310.4;98.96;198.3;0.0;795.89
2021;1;188;beauce_5_sa_018;BTH;BTH;142.07;95.38;174.3;23.88;0.0;56.91;310.4;180.33;310.4;56.91;310.4;99.46;390.06;0.0;2243.68
2021;189;282;beauce_5_sa_018;solnu;;116.54;0.0;34.58;29.73;0.11;180.33;310.4;43.05;296.53;56.91;310.4;0.0;136.46;0.0;0.0
2021;283;365;beauce_5_sa_018;BTH;BTH;37.36;0.0;139.65;3.76;0.0;42.5;295.98;56.91;310.4;56.91;310.4;98.79;190.89;0.0;557.21
2021;1;196;beauce_5_sa_019;BTH;BTH;132.75;116.13;173.7;20.45;0.0;56.91;310.4;195.12;310.4;56.91;310.4;99.49;401.67;0.0;2509.73
2021;197;272;beauce_5_sa_019;solnu;;101.06;0.0;37.4;30.61;0.11;195.12;310.4;42.42;295.9;56.91;310.4;0.0;122.38;0.0;0.0
2021;273;365;beauce_5_sa_019;BTH;BTH;42.4;0.02;136.43;3.94;0.0;41.44;294.93;56.91;310.4;56.91;310.4;98.89;193.35;0.0;709.19
2021;1;200;beauce_5_sa_020;BTH;BTH;143.03;96.74;189.84;21.74;0.0;65.65;310.4;202.59;307.84;65.65;310.4;99.5;408.12;0.0;2685.95
2021;201;265;beauce_5_sa_020;solnu;;89.32;0.0;37.24;28.71;0.11;202.59;307.84;41.58;295.06;65.65;310.4;0.0;110.22;0.0;0.0
2021;266;365;beauce_5_sa_020;BTH;BTH;45.35;0.34;138.04;5.27;0.0;41.11;294.59;67.79;310.4;65.65;310.4;98.97;199.07;0.0;809.58
2021;1;214;beauce_5_sa_021;BTH;BTH;238.68;11.95;202.23;47.28;0.0;56.91;310.4;197.33;297.99;56.91;310.4;99.53;417.87;0.0;2764.77
2021;215;278;beauce_5_sa_021;solnu;;76.05;0.0;37.03;26.71;0.11;197.33;297.99;37.5;290.98;56.91;310.4;0.0;106.88;0.0;0.0
2021;279;365;beauce_5_sa_021;BTH;BTH;39.49;0.01;134.43;4.06;0.0;37.9;291.38;56.91;310.4;56.91;310.4;98.8;192.66;0.0;617.36
2021;1;222;beauce_5_sa_022;BTH;BTH;253.0;8.77;203.2;51.64;0.0;56.91;310.4;195.77;304.11;56.91;310.4;99.55;436.1;0.0;2591.54
2021;223;310;beauce_5_sa_022;solnu;;87.18;0.0;49.55;29.02;0.11;195.77;304.11;56.91;310.4;56.91;310.4;0.0;144.69;0.0;0.0
2021;311;365;beauce_5_sa_022;BTH;BTH;18.97;0.0;119.2;0.84;0.0;56.91;310.4;56.91;310.4;56.91;310.4;98.18;136.62;0.0;269.65
2021;1;209;beauce_5_sa_023;BTH;BTH;157.77;94.6;189.04;26.31;0.0;64.34;310.4;212.37;309.27;64.34;310.4;99.52;417.7;0.0;2830.93
2021;210;266;beauce_5_sa_023;solnu;;75.9;0.0;39.3;25.74;0.11;212.37;309.27;41.11;294.59;64.34;310.4;0.0;101.41;0.0;0.0
2021;267;365;beauce_5_sa_023;BTH;BTH;46.25;0.03;136.98;5.3;0.0;41.54;295.03;66.27;310.4;64.34;310.4;98.96;198.3;0.0;795.89
2021;1;206;beauce_5_sa_024;BTH;BTH;202.87;51.29;188.73;35.93;0.0;56.91;310.4;172.75;299.22;56.91;310.4;99.51;409.14;0.0;2244.37
2021;207;317;beauce_5_sa_024;solnu;;114.06;0.0;72.42;36.97;0.11;172.75;299.22;56.91;310.4;56.91;310.4;0.0;200.78;0.0;0.0
2021;318;365;beauce_5_sa_024;BTH;BTH;14.96;0.0;95.55;0.55;0.0;56.91;310.4;56.91;310.4;56.91;310.4;97.92;107.49;0.0;209.53
2021;1;216;beauce_5_sa_025;BTH;BTH;128.6;197.01;136.92;21.06;0.0;56.91;310.4;174.33;288.83;56.91;310.4;99.5;419.93;0.0;2467.4
2021;217;313;beauce_5_sa_025;solnu;;99.3;0.0;44.92;25.97;0.11;174.33;288.83;56.91;310.4;56.91;310.4;0.0;175.8;0.0;0.0
2021;314;365;beauce_5_sa_025;BTH;BTH;16.72;0.0;116.41;0.8;0.0;56.91;310.4;56.91;310.4;56.91;310.4;98.08;121.69;0.0;239.91
2021;1;219;beauce_5_sa_026;BTH;BTH;243.16;8.09;207.43;50.3;0.0;69.25;310.4;226.7;310.4;69.25;310.4;99.54;436.1;0.0;3071.29
2021;220;263;beauce_5_sa_026;solnu;;60.68;0.0;34.86;18.29;0.11;226.7;310.4;43.5;296.99;69.25;310.4;0.0;82.24;0.0;0.0
2021;264;365;beauce_5_sa_026;BTH;BTH;47.21;0.05;138.4;5.4;0.0;42.76;296.24;71.48;310.4;69.25;310.4;99.0;199.07;0.0;835.61
2021;1;207;beauce_5_sa_027;BTH;BTH;174.06;85.07;178.79;29.28;0.0;56.91;310.4;191.74;304.19;56.91;310.4;99.51;417.7;0.0;2561.63
2021;208;283;beauce_5_sa_027;solnu;;90.78;0.0;40.17;32.02;0.11;191.74;304.19;37.03;290.51;56.91;310.4;0.0;110.35;0.0;0.0
2021;284;365;beauce_5_sa_027;BTH;BTH;36.86;0.01;134.13;3.75;0.0;38.17;291.66;56.91;310.4;56.91;310.4;98.76;189.36;0.0;544.68
2021;1;223;beauce_5_sa_028;BTH;BTH;209.43;61.64;192.75;39.89;0.0;56.91;310.4;208.0;305.26;56.91;310.4;99.55;437.61;0.0;2836.62
2021;224;286;beauce_5_sa_028;solnu;;64.73;0.0;36.04;14.74;0.11;208.0;305.26;50.37;303.86;56.91;310.4;0.0;106.8;0.0;0.0
2021;287;365;beauce_5_sa_028;BTH;BTH;34.46;0.01;140.82;3.08;0.0;56.91;310.4;56.91;310.4;56.91;310.4;98.73;173.0;0.0;508.55
2021;1;211;beauce_5_sa_029;BTH;BTH;173.35;108.44;165.32;30.16;0.0;56.91;310.4;187.3;303.56;56.91;310.4;99.52;417.87;0.0;2487.9
2021;212;298;beauce_5_sa_029;solnu;;96.73;0.0;44.72;31.28;0.11;187.3;303.56;54.3;307.78;56.91;310.4;0.0;145.62;0.0;0.0
2021;299;365;beauce_5_sa_029;BTH;BTH;24.47;0.0;126.84;1.26;0.0;53.58;307.06;56.91;310.4;56.91;310.4;98.51;153.92;0.0;380.32
2021;1;226;beauce_5_sa_030;BTH;BTH;176.8;125.12;162.52;31.6;0.0;56.91;310.4;200.98;306.14;56.91;310.4;99.55;437.61;0.0;2634.02
2021;227;314;beauce_5_sa_030;solnu;;87.81;0.0;65.93;26.03;0.11;200.98;306.14;56.91;310.4;56.91;310.4;0.0;158.11;0.0;0.0
2021;315;365;beauce_5_sa_030;BTH;BTH;16.26;0.0;105.43;0.67;0.0;56.38;309.87;56.91;310.4;56.91;310.4;98.04;121.69;0.0;229.57
2021;1;176;beauce_5_sa_031;BTH;BTH;175.77;14.13;184.84;34.32;0.0;56.91;310.4;168.34;310.4;56.91;310.4;99.43;353.6;0.0;2027.21
2021;177;282;beauce_5_sa_031;solnu;;144.25;0.0;49.27;42.06;0.11;168.34;310.4;37.66;291.14;56.91;310.4;0.0;172.92;0.0;0.0
2021;283;365;beauce_5_sa_031;BTH;BTH;37.2;0.06;134.37;3.69;0.0;37.03;290.51;56.91;310.4;56.91;310.4;98.77;190.89;0.0;557.21
2021;1;213;beauce_5_sa_032;BTH;BTH;222.03;31.2;197.04;41.96;0.0;56.91;310.4;192.07;300.59;56.91;310.4;99.53;417.87;0.0;2633.42
2021;214;288;beauce_5_sa_032;solnu;;84.01;0.0;38.5;29.3;0.11;192.07;300.59;51.03;304.52;56.91;310.4;0.0;126.54;0.0;0.0
2021;289;365;beauce_5_sa_032;BTH;BTH;32.7;0.0;134.41;2.52;0.0;50.02;303.5;56.91;310.4;56.91;310.4;98.7;173.0;0.0;486.5
2021;1;209;beauce_5_sa_033;BTH;BTH;228.08;12.75;204.62;43.8;0.0;64.34;310.4;208.33;305.23;64.34;310.4;99.52;417.7;0.0;2830.93
2021;210;266;beauce_5_sa_033;solnu;;74.48;0.0;36.68;25.55;0.11;208.33;305.23;41.11;294.59;64.34;310.4;0.0;101.41;0.0;0.0
2021;267;365;beauce_5_sa_033;BTH;BTH;46.25;0.03;136.98;5.3;0.0;41.54;295.03;66.27;310.4;64.34;310.4;98.96;198.3;0.0;795.89
2021;1;208;beauce_5_sa_034;BTH;BTH;200.92;58.1;185.73;35.79;0.0;56.91;310.4;181.87;305.93;56.91;310.4;99.52;417.7;0.0;2291.35
2021;209;316;beauce_5_sa_034;solnu;;111.07;0.0;63.45;33.42;0.11;181.87;305.93;55.83;309.31;56.91;310.4;0.0;189.2;0.0;0.0
2021;317;365;beauce_5_sa_034;BTH;BTH;15.17;0.0;105.43;0.76;0.0;56.91;310.4;56.91;310.4;56.91;310.4;97.96;110.51;0.0;216.35
2021;1;213;beauce_5_sa_035;BTH;BTH;207.8;36.46;205.26;38.35;0.0;67.52;310.4;210.2;301.33;67.52;310.4;99.53;417.87;0.0;2941.45
2021;214;264;beauce_5_sa_035;solnu;;66.35;0.0;39.11;22.08;0.11;210.2;301.33;42.76;296.24;67.52;310.4;0.0;100.47;0.0;0.0
2021;265;365;beauce_5_sa_035;BTH;BTH;46.16;0.35;138.4;5.29;0.0;41.58;295.06;69.17;310.4;67.52;310.4;98.99;199.07;0.0;823.18
2021;1;219;beauce_5_sa_036;BTH;BTH;230.77;18.28;209.63;46.77;0.0;71.08;310.4;226.3;310.4;71.08;310.4;99.54;436.1;0.0;3086.9
2021;220;262;beauce_5_sa_036;solnu;;60.03;0.0;34.86;17.77;0.11;226.3;310.4;44.15;297.64;71.08;310.4;0.0;82.24;0.0;0.0
2021;263;365;beauce_5_sa_036;BTH;BTH;47.02;0.38;138.9;5.33;0.0;43.5;296.99;73.27;310.4;71.08;310.4;99.01;199.07;0.0;856.42
2021;1;206;beauce_5_sa_037;BTH;BTH;161.72;72.63;202.62;26.06;0.0;79.41;310.4;212.67;305.14;79.41;310.4;99.51;409.14;0.0;2911.99
2021;207;257;beauce_5_sa_037;solnu;;69.54;0.0;39.61;16.14;0.11;212.67;305.14;51.26;304.74;79.41;310.4;0.0;108.86;0.0;0.0
2021;258;365;beauce_5_sa_037;BTH;BTH;50.67;0.08;143.01;5.34;0.0;49.77;303.25;82.59;310.4;79.41;310.4;99.07;199.41;0.0;941.48
2021;1;214;beauce_5_sa_038;BTH;BTH;208.8;39.36;202.18;38.88;0.0;56.91;310.4;203.85;300.52;56.91;310.4;99.53;417.87;0.0;2852.87
2021;215;271;beauce_5_sa_038;solnu;;66.08;0.0;39.22;15.69;0.11;203.85;300.52;47.81;301.3;56.91;310.4;0.0;106.19;0.0;0.0
2021;272;365;beauce_5_sa_038;BTH;BTH;42.57;0.02;141.66;3.96;0.0;47.07;300.56;58.42;310.4;56.91;310.4;98.93;193.35;0.0;723.78
2021;1;218;beauce_5_sa_039;BTH;BTH;237.56;13.61;203.74;48.69;0.0;58.45;310.4;209.35;299.42;58.45;310.4;99.54;436.1;0.0;2962.29
2021;219;269;beauce_5_sa_039;solnu;;62.4;0.0;37.41;14.83;0.11;209.35;299.42;43.77;297.26;58.45;310.4;0.0;87.96;0.0;0.0
2021;270;365;beauce_5_sa_039;BTH;BTH;43.89;0.03;141.25;4.87;0.0;48.18;301.67;61.37;310.4;58.45;310.4;98.96;193.35;0.0;750.66
2021;1;171;beauce_5_sa_040;BTH;BTH;118.87;86.01;150.49;20.2;0.0;56.91;310.4;168.22;307.53;56.91;310.4;99.41;329.9;0.0;2075.34
2021;172;272;beauce_5_sa_040;solnu;;145.74;0.0;59.93;38.28;0.11;168.22;307.53;42.42;295.9;56.91;310.4;0.0;194.15;0.0;0.0
2021;273;365;beauce_5_sa_040;BTH;BTH;41.98;0.06;136.82;3.89;0.0;41.44;294.93;56.91;310.4;56.91;310.4;98.89;193.35;0.0;709.19
2021;1;180;beauce_5_sa_041;BTH;BTH;180.24;23.91;181.78;33.5;0.0;56.91;310.4;155.18;303.32;56.91;310.4;99.44;356.26;0.0;1923.44
2021;181;300;beauce_5_sa_041;solnu;;147.69;0.0;56.14;42.38;0.11;155.18;303.32;53.12;306.6;56.91;310.4;0.0;207.3;0.0;0.0
2021;301;365;beauce_5_sa_041;BTH;BTH;23.09;0.0;127.04;1.1;0.0;52.76;306.24;56.91;310.4;56.91;310.4;98.46;153.84;0.0;363.01
2021;1;185;beauce_5_sa_042;BTH;BTH;178.68;28.56;198.15;33.39;0.0;62.4;310.4;186.34;308.26;62.4;310.4;99.46;380.88;0.0;2396.32
2021;186;267;beauce_5_sa_042;solnu;;115.51;0.0;36.05;34.25;0.11;186.34;308.26;41.54;295.03;62.4;310.4;0.0;138.23;0.0;0.0
2021;268;365;beauce_5_sa_042;BTH;BTH;45.7;0.23;137.0;4.94;0.0;40.77;294.25;64.75;310.4;62.4;310.4;98.94;198.3;0.0;783.84
2021;1;229;beauce_5_sa_043;BTH;BTH;166.2;133.64;164.6;29.55;0.0;56.91;310.4;206.57;306.14;56.91;310.4;99.56;437.61;0.0;2793.81
2021;230;300;beauce_5_sa_043;solnu;;75.43;0.0;49.91;18.03;0.11;206.57;306.14;53.08;306.56;56.91;310.4;0.0;125.95;0.0;0.0
2021;301;365;beauce_5_sa_043;BTH;BTH;23.28;0.0;126.8;1.21;0.0;52.69;306.17;56.91;310.4;56.91;310.4;98.46;153.84;0.0;363.01
2021;1;197;beauce_5_sa_044;BTH;BTH;159.24;112.69;163.19;27.68;0.0;56.91;310.4;165.1;299.54;56.91;310.4;99.49;404.45;0.0;2109.65
2021;198;313;beauce_5_sa_044;solnu;;127.0;0.0;44.64;37.89;0.11;165.1;299.54;56.91;310.4;56.91;310.4;0.0;191.27;0.0;0.0
2021;314;365;beauce_5_sa_044;BTH;BTH;16.72;0.0;116.41;0.8;0.0;56.91;310.4;56.91;310.4;56.91;310.4;98.08;121.69;0.0;239.91
2021;1;173;beauce_5_sa_045;BTH;BTH;128.75;85.91;147.75;21.89;0.0;56.91;310.4;146.99;300.47;56.91;310.4;99.41;336.15;0.0;1828.87
2021;174;297;beauce_5_sa_045;solnu;;160.42;0.0;65.12;43.95;0.11;146.99;300.47;54.91;308.4;56.91;310.4;0.0;227.33;0.0;0.0
2021;298;365;beauce_5_sa_045;BTH;BTH;24.87;0.0;127.05;1.21;0.0;54.3;307.78;56.91;310.4;56.91;310.4;98.53;153.92;0.0;388.6
2021;1;202;beauce_5_sa_046;BTH;BTH;189.12;64.56;183.49;32.91;0.0;56.91;310.4;175.32;303.94;56.91;310.4;99.5;408.12;0.0;2236.76
2021;203;307;beauce_5_sa_046;solnu;;115.35;0.0;40.27;38.56;0.11;175.32;303.94;51.95;305.44;56.91;310.4;0.0;169.84;0.0;0.0
2021;308;365;beauce_5_sa_046;BTH;BTH;21.08;0.0;126.02;1.14;0.0;56.91;310.4;56.91;310.4;56.91;310.4;98.28;139.44;0.0;298.48
2021;1;211;beauce_5_sa_047;BTH;BTH;157.37;90.58;197.21;24.86;0.0;67.52;310.4;212.1;305.55;67.52;310.4;99.52;417.87;0.0;2898.08
2021;212;264;beauce_5_sa_047;solnu;;69.64;0.0;40.2;23.26;0.11;212.1;305.55;42.76;296.24;67.52;310.4;0.0;100.47;0.0;0.0
2021;265;365;beauce_5_sa_047;BTH;BTH;45.53;0.53;138.86;5.21;0.0;41.58;295.06;69.17;310.4;67.52;310.4;98.99;199.07;0.0;823.18
2021;1;189;beauce_5_sa_048;BTH;BTH;194.71;23.33;196.79;36.44;0.0;56.91;310.4;165.84;308.21;56.91;310.4;99.47;390.06;0.0;1966.11
2021;190;315;beauce_5_sa_048;solnu;;140.36;0.0;63.53;40.23;0.11;165.84;308.21;56.38;309.87;56.91;310.4;0.0;205.66;0.0;0.0
2021;316;365;beauce_5_sa_048;BTH;BTH;15.73;0.0;105.43;0.71;0.0;55.83;309.31;56.91;310.4;56.91;310.4;98.0;121.69;0.0;226.53
2021;1;171;beauce_5_sa_049;BTH;BTH;124.48;81.13;149.84;21.14;0.0;56.91;310.4;160.87;307.43;56.91;310.4;99.41;329.9;0.0;1945.79
2021;172;282;beauce_5_sa_049;solnu;;153.01;0.0;59.79;43.25;0.11;160.87;307.43;37.66;291.14;56.91;310.4;0.0;196.62;0.0;0.0
2021;283;365;beauce_5_sa_049;BTH;BTH;37.22;0.06;134.35;3.69;0.0;37.03;290.51;56.91;310.4;56.91;310.4;98.77;190.89;0.0;557.21
2021;1;231;beauce_5_sa_050;BTH;BTH;194.33;77.26;196.94;38.14;0.0;56.91;310.4;228.77;308.85;56.91;310.4;99.56;449.12;0.0;3142.2
2021;232;272;beauce_5_sa_050;solnu;;53.66;0.0;39.4;15.81;0.11;228.77;308.85;41.85;295.34;56.91;310.4;0.0;74.93;0.0;0.0
2021;273;365;beauce_5_sa_050;BTH;BTH;42.43;0.02;135.85;3.92;0.0;40.87;294.35;56.91;310.4;56.91;310.4;98.89;193.35;0.0;709.19
2021;1;225;beauce_5_sa_051;BTH;BTH;201.11;73.92;190.87;37.49;0.0;56.91;310.4;209.27;304.7;56.91;310.4;99.55;437.61;0.0;2869.61
2021;226;286;beauce_5_sa_051;solnu;;69.0;0.0;36.28;23.1;0.11;209.27;304.7;43.78;297.27;56.91;310.4;0.0;106.8;0.0;0.0
2021;287;365;beauce_5_sa_051;BTH;BTH;34.29;0.03;134.38;3.01;0.0;52.18;305.67;56.91;310.4;56.91;310.4;98.73;173.0;0.0;508.55
2021;1;203;beauce_5_sa_052;BTH;BTH;196.82;53.1;188.4;33.8;0.0;56.91;310.4;175.75;302.79;56.91;310.4;99.51;408.12;0.0;2285.1
2021;204;303;beauce_5_sa_052;solnu;;110.16;0.0;42.55;35.66;0.11;175.75;302.79;51.92;305.4;56.91;310.4;0.0;155.81;0.0;0.0
2021;304;365;beauce_5_sa_052;BTH;BTH;22.17;0.0;126.68;1.2;0.0;52.04;305.53;56.91;310.4;56.91;310.4;98.39;153.48;0.0;344.08
2021;1;227;beauce_5_sa_053;BTH;BTH;198.34;93.27;174.82;36.95;0.0;56.91;310.4;199.49;304.16;56.91;310.4;99.56;437.61;0.0;2642.87
2021;228;316;beauce_5_sa_053;solnu;;87.17;0.0;65.67;25.78;0.11;199.49;304.16;55.83;309.31;56.91;310.4;0.0;169.29;0.0;0.0
2021;317;365;beauce_5_sa_053;BTH;BTH;15.17;0.0;105.42;0.78;0.0;56.91;310.4;56.91;310.4;56.91;310.4;97.96;110.51;0.0;216.35
2021;1;185;beauce_5_sa_054;BTH;BTH;142.67;90.79;171.98;24.11;0.0;56.91;310.4;173.64;308.21;56.91;310.4;99.46;380.88;0.0;2170.94
2021;186;284;beauce_5_sa_054;solnu;;127.39;0.0;35.48;37.01;0.11;173.64;308.21;39.12;292.61;56.91;310.4;0.0;153.65;0.0;0.0
2021;285;365;beauce_5_sa_054;BTH;BTH;36.19;0.02;135.36;3.4;0.0;45.42;298.9;56.91;310.4;56.91;310.4;98.76;182.88;0.0;529.59
2021;1;219;beauce_5_sa_055;BTH;BTH;234.92;22.23;201.53;47.63;0.0;56.91;310.4;203.39;310.4;56.91;310.4;99.54;436.1;0.0;2663.5
2021;220;296;beauce_5_sa_055;solnu;;85.93;0.0;42.49;26.75;0.11;203.39;310.4;55.52;309.0;56.91;310.4;0.0;127.38;0.0;0.0
2021;297;365;beauce_5_sa_055;BTH;BTH;25.69;0.0;127.08;1.19;0.0;54.91;308.4;56.91;310.4;56.91;310.4;98.55;153.92;0.0;400.33
2021;1;180;beauce_5_sa_056;BTH;BTH;93.68;142.66;144.55;12.71;0.0;67.52;310.4;184.35;308.38;67.52;310.4;99.44;356.26;0.0;2355.5
2021;181;264;beauce_5_sa_056;solnu;;122.24;0.0;51.86;33.77;0.11;184.35;308.38;42.76;296.24;67.52;310.4;0.0;162.08;0.0;0.0
2021;265;365;beauce_5_sa_056;BTH;BTH;45.97;0.41;138.54;5.26;0.0;41.58;295.06;69.17;310.4;67.52;310.4;98.99;199.07;0.0;823.18
2021;1;171;beauce_5_sa_057;BTH;BTH;126.29;82.76;146.68;21.89;0.0;56.91;310.4;155.29;307.15;56.91;310.4;99.41;329.9;0.0;1857.5
2021;172;291;beauce_5_sa_057;solnu;;160.51;0.0;59.2;43.6;0.11;155.29;307.15;48.65;302.13;56.91;310.4;0.0;223.22;0.0;0.0
2021;292;365;beauce_5_sa_057;BTH;BTH;30.03;0.0;134.4;2.55;0.0;56.63;310.11;56.91;310.4;56.91;310.4;98.65;164.28;0.0;452.16
2021;1;196;beauce_5_sa_058;BTH;BTH;176.55;70.61;181.41;30.97;0.0;56.91;310.4;169.38;304.4;56.91;310.4;99.49;401.67;0.0;2118.53
2021;197;310;beauce_5_sa_058;solnu;;126.91;0.0;46.23;38.11;0.11;169.38;304.4;56.91;310.4;56.91;310.4;0.0;179.12;0.0;0.0
2021;311;365;beauce_5_sa_058;BTH;BTH;18.97;0.0;119.2;0.84;0.0;56.91;310.4;56.91;310.4;56.91;310.4;98.18;136.62;0.0;269.65
2021;1;188;beauce_5_sa_059;BTH;BTH;200.1;10.57;201.06;38.98;0.0;56.91;310.4;174.78;310.4;56.91;310.4;99.47;390.06;0.0;2143.65
2021;189;292;beauce_5_sa_059;solnu;;129.59;0.0;34.58;39.19;0.11;174.78;310.4;56.6;310.08;56.91;310.4;0.0;168.52;0.0;0.0
2021;293;365;beauce_5_sa_059;BTH;BTH;29.33;0.01;134.63;1.91;0.0;56.91;310.4;56.91;310.4;56.91;310.4;98.63;158.82;0.0;444.46
2021;1;214;beauce_5_sa_060;BTH;BTH;226.78;30.1;195.83;43.48;0.0;56.91;310.4;182.11;298.14;56.91;310.4;99.53;417.87;0.0;2450.93
2021;215;309;beauce_5_sa_060;solnu;;96.35;0.0;52.1;29.59;0.11;182.11;298.14;56.18;309.67;56.91;310.4;0.0;161.37;0.0;0.0
2021;310;365;beauce_5_sa_060;BTH;BTH;19.42;0.0;119.29;0.91;0.0;56.91;310.4;56.91;310.4;56.91;310.4;98.21;138.17;0.0;281.2
2021;1;194;beauce_5_sa_061;BTH;BTH;178.12;44.99;197.99;31.68;0.0;65.65;310.4;194.92;305.58;65.65;310.4;99.48;397.27;0.0;2587.11
2021;195;265;beauce_5_sa_061;solnu;;96.91;0.0;35.74;25.25;0.11;194.92;305.58;43.97;297.45;65.65;310.4;0.0;121.07;0.0;0.0
2021;266;365;beauce_5_sa_061;BTH;BTH;45.23;0.03;140.86;5.02;0.0;43.64;297.13;67.79;310.4;65.65;310.4;99.0;199.07;0.0;809.58
2021;1;205;beauce_5_sa_062;BTH;BTH;151.55;87.82;196.49;23.56;0.0;69.25;310.4;207.64;306.29;69.25;310.4;99.51;409.14;0.0;2799.29
2021;206;263;beauce_5_sa_062;solnu;;79.5;0.0;38.89;25.77;0.11;207.64;306.29;43.5;296.99;69.25;310.4;0.0;109.2;0.0;0.0
2021;264;365;beauce_5_sa_062;BTH;BTH;46.11;0.5;139.05;5.26;0.0;42.76;296.24;71.48;310.4;69.25;310.4;99.0;199.07;0.0;835.61
2021;1;170;beauce_5_sa_063;BTH;BTH;136.34;45.11;170.29;24.92;0.0;74.42;310.4;180.61;310.4;74.42;310.4;99.41;329.9;0.0;2249.48
2021;171;260;beauce_5_sa_063;solnu;;136.46;0.0;60.71;27.92;0.11;180.61;310.4;48.82;302.3;74.42;310.4;0.0;188.44;0.0;0.0
2021;261;365;beauce_5_sa_063;BTH;BTH;47.93;0.05;142.99;5.31;0.0;47.98;301.46;76.79;310.4;74.42;310.4;99.05;199.07;0.0;890.78
2021;1;191;beauce_5_sa_064;BTH;BTH;204.83;13.62;199.56;39.23;0.0;56.91;310.4;167.2;305.78;56.91;310.4;99.48;390.81;0.0;2076.28
2021;192;304;beauce_5_sa_064;solnu;;131.34;0.0;42.14;40.49;0.11;167.2;305.78;51.82;305.31;56.91;310.4;0.0;173.12;0.0;0.0
2021;305;365;beauce_5_sa_064;BTH;BTH;22.26;0.0;126.12;1.27;0.0;51.48;304.96;56.91;310.4;56.91;310.4;98.36;153.48;0.0;337.19
2021;1;193;beauce_5_sa_065;BTH;BTH;151.03;82.04;184.9;24.85;0.0;56.91;310.4;188.3;308.73;56.91;310.4;99.48;393.7;0.0;2421.68
2021;194;275;beauce_5_sa_065;solnu;;106.23;0.0;35.62;26.96;0.11;188.3;308.73;43.64;297.12;56.91;310.4;0.0;130.36;0.0;0.0
2021;276;365;beauce_5_sa_065;BTH;BTH;39.79;0.01;140.28;3.89;0.0;43.08;296.57;56.91;310.4;56.91;310.4;98.89;193.35;0.0;665.06
2021;1;203;beauce_5_sa_066;BTH;BTH;222.4;11.16;204.79;41.47;0.0;64.34;310.4;199.64;302.75;64.34;310.4;99.51;408.12;0.0;2716.05
2021;204;266;beauce_5_sa_066;solnu;;79.19;0.0;35.9;22.15;0.11;199.64;302.75;44.29;297.77;64.34;310.4;0.0;110.99;0.0;0.0
2021;267;365;beauce_5_sa_066;BTH;BTH;44.96;0.03;141.45;5.17;0.0;44.83;298.32;66.27;310.4;64.34;310.4;98.99;198.3;0.0;795.89
2021;1;226;beauce_5_sa_067;BTH;BTH;224.2;40.13;203.63;44.4;0.0;56.91;310.4;214.25;302.63;56.91;310.4;99.56;437.61;0.0;2997.76
2021;227;276;beauce_5_sa_067;solnu;;60.8;0.0;35.92;19.97;0.11;214.25;302.63;38.76;292.25;56.91;310.4;0.0;86.45;0.0;0.0
2021;277;365;beauce_5_sa_067;BTH;BTH;39.92;0.1;135.18;4.0;0.0;38.23;291.72;56.91;310.4;56.91;310.4;98.83;193.35;0.0;647.88
2021;1;191;beauce_5_sa_068;BTH;BTH;180.81;50.12;187.33;32.42;0.0;56.91;310.4;165.47;305.54;56.91;310.4;99.48;390.81;0.0;2005.13
2021;192;314;beauce_5_sa_068;solnu;;138.16;0.0;61.78;41.25;0.11;165.47;305.54;56.91;310.4;56.91;310.4;0.0;204.91;0.0;0.0
2021;315;365;beauce_5_sa_068;BTH;BTH;16.26;0.0;105.43;0.67;0.0;56.38;309.87;56.91;310.4;56.91;310.4;98.04;121.69;0.0;229.57
2021;1;203;beauce_5_sa_069;BTH;BTH;225.51;12.95;199.77;42.07;0.0;56.91;310.4;176.92;302.87;56.91;310.4;99.51;408.12;0.0;2324.27
2021;204;299;beauce_5_sa_069;solnu;;107.42;0.0;43.6;34.74;0.11;176.92;302.87;53.62;307.1;56.91;310.4;0.0;155.36;0.0;0.0
2021;300;365;beauce_5_sa_069;BTH;BTH;23.62;0.0;127.0;1.13;0.0;53.1;306.59;56.91;310.4;56.91;310.4;98.48;153.92;0.0;369.5
2021;1;188;beauce_5_sa_070;BTH;BTH;163.87;64.95;182.92;29.02;0.0;56.91;310.4;176.05;310.4;56.91;310.4;99.47;390.06;0.0;2175.34
2021;189;289;beauce_5_sa_070;solnu;;119.92;0.0;37.4;28.13;0.11;176.05;310.4;54.74;308.22;56.91;310.4;0.0;154.35;0.0;0.0
2021;290;365;beauce_5_sa_070;BTH;BTH;31.73;0.0;139.08;2.58;0.0;53.56;307.04;56.91;310.4;56.91;310.4;98.68;173.0;0.0;479.74
2021;1;228;beauce_5_sa_071;BTH;BTH;140.34;125.93;199.23;23.18;0.0;67.52;310.4;228.65;305.11;67.52;310.4;99.56;437.61;0.0;3208.75
2021;229;264;beauce_5_sa_071;solnu;;50.3;0.0;39.19;13.86;0.11;228.65;305.11;42.76;296.24;67.52;310.4;0.0;80.73;0.0;0.0
2021;265;365;beauce_5_sa_071;BTH;BTH;45.86;0.37;138.69;5.26;0.0;41.58;295.06;69.17;310.4;67.52;310.4;98.99;199.07;0.0;823.18
2021;1;198;beauce_5_sa_072;BTH;BTH;208.54;20.91;197.63;39.26;0.0;56.91;310.4;185.39;310.35;56.91;310.4;99.49;404.45;0.0;2341.45
2021;199;289;beauce_5_sa_072;solnu;;110.26;0.0;36.43;36.3;0.11;185.39;310.35;50.02;303.5;56.91;310.4;0.0;139.96;0.0;0.0
2021;290;365;beauce_5_sa_072;BTH;BTH;31.71;0.0;134.39;2.63;0.0;48.86;302.34;56.91;310.4;56.91;310.4;98.68;173.0;0.0;479.74
2021;1;200;beauce_5_sa_073;BTH;BTH;187.88;38.07;204.94;32.71;0.0;74.42;310.4;205.42;306.53;74.42;310.4;99.5;408.12;0.0;2763.92
2021;201;260;beauce_5_sa_073;solnu;;84.37;0.0;36.89;26.27;0.11;205.42;306.53;45.56;299.05;74.42;310.4;0.0;110.22;0.0;0.0
2021;261;365;beauce_5_sa_073;BTH;BTH;48.52;0.04;139.16;5.41;0.0;44.53;298.01;76.79;310.4;74.42;310.4;99.04;199.07;0.0;890.78
2021;1;173;beauce_5_sa_074;BTH;BTH;173.44;13.45;173.41;33.73;0.0;56.91;310.4;145.58;302.57;56.91;310.4;99.42;336.15;0.0;1718.64
2021;174;309;beauce_5_sa_074;solnu;;165.99;0.0;74.87;45.2;0.11;145.58;302.57;56.18;309.67;56.91;310.4;0.0;243.09;0.0;0.0
2021;310;365;beauce_5_sa_074;BTH;BTH;19.43;0.0;119.28;0.91;0.0;56.91;310.4;56.91;310.4;56.91;310.4;98.21;138.17;0.0;281.2
2021;1;188;beauce_5_sa_075;BTH;BTH;162.7;61.76;187.27;28.4;0.0;56.91;310.4;180.33;310.4;56.91;310.4;99.47;390.06;0.0;2243.68
2021;189;282;beauce_5_sa_075;solnu;;115.06;0.0;34.58;28.04;0.11;180.33;310.4;44.53;298.01;56.91;310.4;0.0;136.46;0.0;0.0
2021;283;365;beauce_5_sa_075;BTH;BTH;37.15;0.01;141.35;3.67;0.0;44.08;297.57;56.91;310.4;56.91;310.4;98.79;190.89;0.0;557.21
2021;1;184;beauce_5_sa_076;BTH;BTH;134.95;111.49;156.81;22.78;0.0;56.91;310.4;169.23;310.4;56.91;310.4;99.44;380.66;0.0;2055.84
2021;185;294;beauce_5_sa_076;solnu;;137.51;0.0;43.9;37.64;0.11;169.23;310.4;56.91;310.4;56.91;310.4;0.0;182.57;0.0;0.0
2021;295;365;beauce_5_sa_076;BTH;BTH;27.59;0.0;127.63;1.15;0.0;56.91;310.4;56.91;310.4;56.91;310.4;98.59;154.17;0.0;414.62
2021;1;178;beauce_5_sa_077;BTH;BTH;183.8;11.14;185.46;35.12;0.0;56.91;310.4;158.93;308.85;56.91;310.4;99.44;356.26;0.0;1892.1
2021;179;299;beauce_5_sa_077;solnu;;152.15;0.0;56.74;43.71;0.11;158.93;308.85;53.58;307.06;56.91;310.4;0.0;207.22;0.0;0.0
2021;300;365;beauce_5_sa_077;BTH;BTH;23.89;0.0;126.7;1.3;0.0;53.03;306.52;56.91;310.4;56.91;310.4;98.48;153.92;0.0;369.5
2021;1;220;beauce_5_sa_078;BTH;BTH;225.92;27.18;207.79;44.66;0.0;56.91;310.4;217.35;308.2;56.91;310.4;99.55;436.1;0.0;2962.3
2021;221;271;beauce_5_sa_078;solnu;;59.33;0.0;35.18;12.6;0.11;217.35;308.2;48.04;301.52;56.91;310.4;0.0;87.96;0.0;0.0
2021;272;365;beauce_5_sa_078;BTH;BTH;42.58;0.02;141.88;3.96;0.0;47.3;300.78;58.42;310.4;56.91;310.4;98.93;193.35;0.0;723.78
2021;1;193;beauce_5_sa_079;BTH;BTH;206.93;9.17;204.05;40.3;0.0;57.07;310.4;190.11;306.53;57.07;310.4;99.48;393.7;0.0;2492.4
2021;194;270;beauce_5_sa_079;solnu;;104.26;0.0;34.82;32.66;0.11;190.11;306.53;44.21;297.69;57.07;310.4;0.0;130.36;0.0;0.0
2021;271;365;beauce_5_sa_079;BTH;BTH;44.0;0.17;136.48;3.65;0.0;42.7;296.19;59.73;310.4;57.07;310.4;98.91;193.35;0.0;738.89
2021;1;199;beauce_5_sa_080;BTH;BTH;166.28;97.63;170.66;27.32;0.0;56.91;310.4;170.97;302.86;56.91;310.4;99.49;404.45;0.0;2168.52
2021;200;309;beauce_5_sa_080;solnu;;120.84;0.0;45.76;39.46;0.11;170.97;302.86;56.18;309.67;56.91;310.4;0.0;174.79;0.0;0.0
2021;310;365;beauce_5_sa_080;BTH;BTH;19.43;0.0;119.28;0.93;0.0;56.91;310.4;56.91;310.4;56.91;310.4;98.21;138.17;0.0;281.2
2021;1;178;beauce_5_sa_081;BTH;BTH;111.03;102.6;165.22;17.15;0.0;79.41;310.4;190.81;310.4;79.41;310.4;99.43;356.26;0.0;2422.39
2021;179;257;beauce_5_sa_081;solnu;;118.58;0.0;49.81;28.08;0.11;190.81;310.4;50.15;303.63;79.41;310.4;0.0;161.74;0.0;0.0
2021;258;365;beauce_5_sa_081;BTH;BTH;50.55;0.08;142.01;5.28;0.0;48.68;302.17;82.59;310.4;79.41;310.4;99.07;199.41;0.0;941.48
2021;1;222;beauce_5_sa_082;BTH;BTH;191.31;72.56;199.01;35.01;0.0;58.45;310.4;220.11;306.2;58.45;310.4;99.55;436.1;0.0;3027.94
2021;223;269;beauce_5_sa_082;solnu;;59.56;0.0;35.83;20.19;0.11;220.11;306.2;40.22;293.71;58.45;310.4;0.0;87.96;0.0;0.0
2021;270;365;beauce_5_sa_082;BTH;BTH;45.75;0.02;135.83;4.94;0.0;44.21;297.69;61.37;310.4;58.45;310.4;98.91;193.35;0.0;750.66
2021;1;210;beauce_5_sa_083;BTH;BTH;188.64;82.56;176.07;32.25;0.0;56.91;310.4;184.23;303.41;56.91;310.4;99.52;417.7;0.0;2426.31
2021;211;302;beauce_5_sa_083;solnu;;98.86;0.0;44.64;33.29;0.11;184.23;303.41;52.18;305.66;56.91;310.4;0.0;145.86;0.0;0.0
2021;303;365;beauce_5_sa_083;BTH;BTH;22.79;0.0;126.31;1.33;0.0;51.73;305.22;56.91;310.4;56.91;310.4;98.41;153.84;0.0;348.41
2021;1;220;beauce_5_sa_084;BTH;BTH;163.31;100.55;196.14;27.67;0.0;56.91;310.4;218.26;309.11;56.91;310.4;99.54;436.1;0.0;2962.3
2021;221;271;beauce_5_sa_084;solnu;;60.84;0.0;35.18;13.31;0.11;218.26;309.11;47.46;300.94;56.91;310.4;0.0;87.96;0.0;0.0
2021;272;365;beauce_5_sa_084;BTH;BTH;41.58;0.15;142.17;3.86;0.0;46.72;300.2;58.42;310.4;56.91;310.4;98.93;193.35;0.0;723.78
2021;1;177;beauce_5_sa_085;BTH;BTH;183.04;8.7;186.41;35.27;0.0;56.91;310.4;155.18;308.42;56.91;310.4;99.43;356.26;0.0;1789.74
2021;178;308;beauce_5_sa_085;solnu;;158.62;0.0;63.65;46.47;0.11;155.18;308.42;56.91;310.4;56.91;310.4;0.0;221.7;0.0;0.0
2021;309;365;beauce_5_sa_085;BTH;BTH;20.16;0.0;119.28;0.86;0.0;56.18;309.67;56.91;310.4;56.91;310.4;98.25;139.44;0.0;291.18
2021;1;192;beauce_5_sa_086;BTH;BTH;132.13;134.21;153.6;21.19;0.0;56.91;310.4;176.26;303.86;56.91;310.4;99.47;393.7;0.0;2293.84
2021;193;284;beauce_5_sa_086;solnu;;110.75;0.0;31.63;26.24;0.11;176.26;303.86;45.12;298.6;56.91;310.4;0.0;140.83;0.0;0.0
2021;285;365;beauce_5_sa_086;BTH;BTH;36.46;0.0;141.1;3.61;0.0;51.38;304.87;56.91;310.4;56.91;310.4;98.77;182.88;0.0;529.59
2021;1;176;beauce_5_sa_087;BTH;BTH;125.01;88.4;161.32;21.48;0.0;71.08;310.4;183.13;310.4;71.08;310.4;99.43;353.6;0.0;2311.59
2021;177;262;beauce_5_sa_087;solnu;;129.57;0.0;49.27;34.53;0.11;183.13;310.4;44.15;297.64;71.08;310.4;0.0;164.74;0.0;0.0
2021;263;365;beauce_5_sa_087;BTH;BTH;47.61;0.05;138.65;5.41;0.0;43.5;296.99;73.27;310.4;71.08;310.4;99.01;199.07;0.0;856.42
2021;1;186;beauce_5_sa_088;BTH;BTH;187.23;26.57;194.26;34.94;0.0;56.91;310.4;163.57;305.81;56.91;310.4;99.46;380.88;0.0;2026.46
2021;187;300;beauce_5_sa_088;solnu;;138.42;0.0;43.36;41.02;0.11;163.57;305.81;53.03;306.52;56.91;310.4;0.0;182.68;0.0;0.0
2021;301;365;beauce_5_sa_088;BTH;BTH;23.48;0.0;126.56;1.32;0.0;52.61;306.1;56.91;310.4;56.91;310.4;98.46;153.84;0.0;363.01
2021;1;178;beauce_5_sa_089;BTH;BTH;172.32;25.94;182.05;31.8;0.0;56.91;310.4;157.48;308.92;56.91;310.4;99.44;356.26;0.0;1832.52
2021;179;306;beauce_5_sa_089;solnu;;150.73;0.0;60.92;38.53;0.11;157.48;308.92;52.19;305.67;56.91;310.4;0.0;209.08;0.0;0.0
2021;307;365;beauce_5_sa_089;BTH;BTH;21.51;0.0;126.39;1.15;0.0;52.24;305.72;56.91;310.4;56.91;310.4;98.31;152.06;0.0;310.39
2021;1;171;beauce_5_sa_090;BTH;BTH;138.27;57.63;159.45;24.36;0.0;56.91;310.4;163.31;307.54;56.91;310.4;99.41;329.9;0.0;1990.0
2021;172;279;beauce_5_sa_090;solnu;;150.15;0.0;60.32;40.69;0.11;163.31;307.54;38.32;291.81;56.91;310.4;0.0;196.62;0.0;0.0
2021;280;365;beauce_5_sa_090;BTH;BTH;38.43;0.01;135.62;3.63;0.0;39.78;293.27;56.91;310.4;56.91;310.4;98.81;190.89;0.0;604.68
2021;1;189;beauce_5_sa_091;BTH;BTH;169.69;62.97;181.91;29.82;0.0;56.91;310.4;166.58;308.47;56.91;310.4;99.47;390.06;0.0;1973.8
2021;190;313;beauce_5_sa_091;solnu;;140.57;0.0;51.61;41.33;0.11;166.58;308.47;56.91;310.4;56.91;310.4;0.0;205.66;0.0;0.0
2021;314;365;beauce_5_sa_091;BTH;BTH;16.72;0.0;116.41;0.8;0.0;56.91;310.4;56.91;310.4;56.91;310.4;98.08;121.69;0.0;239.91
2021;1;184;beauce_5_sa_092;BTH;BTH;146.39;68.99;187.87;25.83;0.0;67.52;310.4;190.38;310.4;67.52;310.4;99.46;380.66;0.0;2425.83
2021;185;264;beauce_5_sa_092;solnu;;113.1;0.0;35.71;27.55;0.11;190.38;310.4;45.67;299.15;67.52;310.4;0.0;137.67;0.0;0.0
2021;265;365;beauce_5_sa_092;BTH;BTH;45.93;0.03;141.86;5.06;0.0;44.99;298.47;69.17;310.4;67.52;310.4;99.01;199.07;0.0;823.18
2021;1;175;beauce_5_sa_093;BTH;BTH;171.14;18.51;172.92;33.16;0.0;56.91;310.4;162.16;310.4;56.91;310.4;99.43;352.15;0.0;1921.77
2021;176;291;beauce_5_sa_093;solnu;;146.44;0.0;61.76;34.06;0.11;162.16;310.4;53.34;306.82;56.91;310.4;0.0;200.98;0.0;0.0
2021;292;365;beauce_5_sa_093;BTH;BTH;30.05;0.0;139.06;2.65;0.0;56.91;310.4;56.91;310.4;56.91;310.4;98.65;164.28;0.0;452.16
2021;1;184;beauce_5_sa_094;BTH;BTH;170.29;47.02;185.94;31.47;0.0;56.91;310.4;175.78;310.4;56.91;310.4;99.46;380.66;0.0;2165.67
2021;185;283;beauce_5_sa_094;solnu;;129.92;0.0;35.71;39.47;0.11;175.78;310.4;37.03;290.51;56.91;310.4;0.0;147.38;0.0;0.0
2021;284;365;beauce_5_sa_094;BTH;BTH;36.86;0.01;134.13;3.75;0.0;38.17;291.66;56.91;310.4;56.91;310.4;98.76;189.36;0.0;544.68
2021;1;173;beauce_5_sa_095;BTH;BTH;145.94;54.34;161.11;26.06;0.0;56.91;310.4;146.08;301.5;56.91;310.4;99.42;336.15;0.0;1779.01
2021;174;302;beauce_5_sa_095;solnu;;163.04;0.0;66.35;45.42;0.11;146.08;301.5;52.18;305.66;56.91;310.4;0.0;227.41;0.0;0.0
2021;303;365;beauce_5_sa_095;BTH;BTH;22.79;0.0;126.31;1.33;0.0;51.73;305.22;56.91;310.4;56.91;310.4;98.41;153.84;0.0;348.41
2021;1;218;beauce_5_sa_096;BTH;BTH;222.48;28.82;202.12;44.24;0.0;56.91;310.4;207.15;300.9;56.91;310.4;99.54;436.1;0.0;2904.64
2021;219;273;beauce_5_sa_096;solnu;;65.16;0.0;38.83;14.81;0.11;207.15;300.9;46.02;299.51;56.91;310.4;0.0;87.96;0.0;0.0
2021;274;365;beauce_5_sa_096;BTH;BTH;40.68;0.02;141.76;3.89;0.0;45.42;298.9;56.91;310.4;56.91;310.4;98.91;193.35;0.0;694.43
2021;1;180;beauce_5_sa_097;BTH;BTH;170.62;35.52;179.54;30.94;0.0;56.91;310.4;161.43;303.57;56.91;310.4;99.44;356.26;0.0;2035.22
2021;181;289;beauce_5_sa_097;solnu;;139.43;0.0;48.67;41.5;0.11;161.43;303.57;50.02;303.5;56.91;310.4;0.0;188.15;0.0;0.0
2021;290;365;beauce_5_sa_097;BTH;BTH;31.71;0.0;134.39;2.63;0.0;48.86;302.34;56.91;310.4;56.91;310.4;98.68;173.0;0.0;479.74
2021;1;227;beauce_5_sa_098;BTH;BTH;213.72;62.25;191.89;41.19;0.0;56.91;310.4;204.17;302.74;56.91;310.4;99.56;437.61;0.0;2823.13
2021;228;294;beauce_5_sa_098;solnu;;73.1;0.0;43.7;22.71;0.11;204.17;302.74;56.91;310.4;56.91;310.4;0.0;125.63;0.0;0.0
2021;295;365;beauce_5_sa_098;BTH;BTH;27.49;0.01;127.72;1.14;0.0;56.91;310.4;56.91;310.4;56.91;310.4;98.59;154.17;0.0;414.62
2021;1;179;beauce_5_sa_099;BTH;BTH;189.52;8.35;186.7;35.72;0.0;56.91;310.4;152.75;304.68;56.91;310.4;99.44;356.26;0.0;1789.49
2021;180;315;beauce_5_sa_099;solnu;;156.77;0.0;77.38;46.01;0.11;152.75;304.68;56.38;309.87;56.91;310.4;0.0;239.46;0.0;0.0
2021;316;365;beauce_5_sa_099;BTH;BTH;15.73;0.0;105.42;0.73;0.0;55.83;309.31;56.91;310.4;56.91;310.4;98.0;121.69;0.0;226.53
